year,month,day,dayofweek,main_sum,main_range,main_even_count,main_high_count,stars_sum,stars_even_count,jackpot_val,main_any_days_since_seen_avg,star_any_days_since_seen_avg,N1_lag1,N1_lag2,N1_lag3,N2_lag1,N2_lag2,N2_lag3,N3_lag1,N3_lag2,N3_lag3,N4_lag1,N4_lag2,N4_lag3,N5_lag1,N5_lag2,N5_lag3,E1_lag1,E1_lag2,E1_lag3,E2_lag1,E2_lag2,E2_lag3,N1_days_since_seen,N2_days_since_seen,N3_days_since_seen,N4_days_since_seen,N5_days_since_seen,E1_days_since_seen,E2_days_since_seen,N1_rolling_unique_10,N1_rolling_unique_25,N1_rolling_unique_50,N2_rolling_unique_10,N2_rolling_unique_25,N2_rolling_unique_50,N3_rolling_unique_10,N3_rolling_unique_25,N3_rolling_unique_50,N4_rolling_unique_10,N4_rolling_unique_25,N4_rolling_unique_50,N5_rolling_unique_10,N5_rolling_unique_25,N5_rolling_unique_50,E1_rolling_unique_10,E1_rolling_unique_25,E1_rolling_unique_50,E2_rolling_unique_10,E2_rolling_unique_25,E2_rolling_unique_50,target_N1,target_N2,target_N3,target_N4,target_N5,target_E1,target_E2
2004,7,30,4,125,41,2,2,7,1,22000000,33.6,35.0,7.0,24.0,2.0,10.0,26.0,5.0,27.0,31.0,12.0,31.0,38.0,19.0,34.0,50.0,44.0,3.0,5.0,8.0,8.0,8.0,9.0,56.0,7.0,154.0,147.0,14.0,28.0,42.0,7.0,13.0,13.0,8.0,18.0,18.0,10.0,17.0,17.0,9.0,19.0,19.0,7.0,17.0,17.0,5.0,8.0,8.0,6.0,8.0,8.0,5.0,15.0,24.0,35.0,44.0,5.0,6.0
2004,8,6,4,123,39,2,2,11,1,24000000,39.2,14.0,9.0,7.0,24.0,10.0,10.0,26.0,19.0,27.0,31.0,37.0,31.0,38.0,50.0,34.0,50.0,1.0,3.0,5.0,6.0,8.0,8.0,98.0,112.0,35.0,112.0,28.0,21.0,7.0,7.0,12.0,13.0,8.0,18.0,18.0,9.0,16.0,17.0,10.0,19.0,19.0,7.0,16.0,17.0,5.0,7.0,8.0,6.0,8.0,8.0,20.0,27.0,41.0,43.0,50.0,5.0,8.0
2004,10,15,4,137,29,2,2,13,1,17000000,49.0,21.0,1.0,12.0,21.0,10.0,20.0,26.0,12.0,21.0,27.0,16.0,45.0,44.0,48.0,48.0,48.0,2.0,5.0,1.0,6.0,6.0,7.0,182.0,112.0,49.0,77.0,119.0,14.0,28.0,9.0,15.0,17.0,10.0,19.0,22.0,9.0,19.0,21.0,10.0,20.0,22.0,8.0,13.0,18.0,4.0,7.0,8.0,5.0,7.0,8.0,1.0,9.0,23.0,25.0,40.0,3.0,9.0
2004,11,19,4,119,36,2,3,8,2,32000000,51.8,42.0,4.0,6.0,1.0,11.0,19.0,8.0,12.0,25.0,32.0,13.0,42.0,35.0,32.0,49.0,38.0,3.0,1.0,4.0,9.0,7.0,9.0,21.0,63.0,63.0,147.0,266.0,42.0,42.0,7.0,15.0,17.0,9.0,17.0,24.0,8.0,19.0,23.0,10.0,21.0,24.0,8.0,14.0,19.0,5.0,7.0,8.0,4.0,7.0,8.0,1.0,4.0,24.0,34.0,36.0,6.0,8.0
2004,11,26,4,99,35,4,2,14,2,41000000,43.4,24.5,1.0,4.0,6.0,18.0,11.0,19.0,29.0,12.0,25.0,34.0,13.0,42.0,37.0,32.0,49.0,2.0,3.0,1.0,6.0,9.0,7.0,7.0,231.0,112.0,7.0,238.0,84.0,42.0,6.0,15.0,17.0,10.0,17.0,24.0,9.0,18.0,23.0,9.0,20.0,24.0,8.0,14.0,19.0,6.0,7.0,8.0,4.0,7.0,8.0,1.0,11.0,15.0,42.0,49.0,3.0,4.0
2004,12,31,4,111,40,2,1,17,1,10000000,103.6,24.5,3.0,15.0,1.0,4.0,19.0,3.0,27.0,22.0,13.0,29.0,46.0,16.0,37.0,49.0,43.0,5.0,2.0,2.0,6.0,9.0,7.0,161.0,63.0,35.0,70.0,203.0,175.0,14.0,6.0,14.0,17.0,6.0,15.0,24.0,9.0,17.0,25.0,8.0,19.0,26.0,7.0,14.0,19.0,7.0,7.0,8.0,5.0,6.0,8.0,3.0,23.0,27.0,47.0,50.0,2.0,3.0
2005,1,7,4,150,47,1,3,5,1,17000000,51.8,28.0,7.0,3.0,15.0,8.0,4.0,19.0,24.0,27.0,22.0,25.0,29.0,46.0,47.0,37.0,49.0,8.0,5.0,2.0,9.0,6.0,9.0,14.0,189.0,14.0,322.0,147.0,21.0,189.0,6.0,13.0,17.0,7.0,16.0,24.0,8.0,16.0,25.0,8.0,19.0,26.0,7.0,14.0,19.0,6.0,7.0,8.0,6.0,7.0,8.0,6.0,11.0,14.0,19.0,29.0,1.0,3.0
2005,2,25,4,147,41,2,4,12,2,10000000,60.2,10.5,20.0,11.0,1.0,21.0,13.0,8.0,26.0,25.0,11.0,32.0,32.0,30.0,46.0,50.0,40.0,8.0,4.0,7.0,9.0,7.0,8.0,49.0,196.0,245.0,28.0,182.0,14.0,21.0,7.0,13.0,18.0,8.0,16.0,23.0,7.0,16.0,26.0,8.0,19.0,28.0,9.0,16.0,22.0,6.0,8.0,8.0,5.0,7.0,8.0,12.0,24.0,32.0,37.0,39.0,7.0,9.0
2005,3,4,4,144,27,3,3,16,0,17000000,67.2,17.5,3.0,20.0,11.0,27.0,21.0,13.0,30.0,26.0,25.0,43.0,32.0,32.0,44.0,46.0,50.0,4.0,8.0,4.0,8.0,9.0,7.0,154.0,357.0,126.0,140.0,294.0,28.0,14.0,8.0,12.0,17.0,8.0,16.0,23.0,8.0,15.0,26.0,8.0,18.0,28.0,9.0,17.0,22.0,6.0,8.0,8.0,4.0,6.0,8.0,8.0,12.0,23.0,40.0,43.0,1.0,4.0
2005,3,11,4,126,35,3,2,5,1,26000000,30.8,35.0,12.0,3.0,20.0,24.0,27.0,21.0,32.0,30.0,26.0,37.0,43.0,32.0,39.0,44.0,46.0,7.0,4.0,8.0,9.0,8.0,9.0,189.0,49.0,140.0,266.0,91.0,56.0,98.0,9.0,13.0,17.0,8.0,16.0,23.0,8.0,15.0,26.0,8.0,18.0,28.0,9.0,16.0,22.0,6.0,8.0,8.0,5.0,6.0,8.0,6.0,23.0,39.0,43.0,48.0,5.0,7.0
2005,3,18,4,159,42,2,3,12,0,35000000,50.4,31.5,8.0,12.0,3.0,12.0,24.0,27.0,23.0,32.0,30.0,40.0,37.0,43.0,43.0,39.0,44.0,1.0,7.0,4.0,4.0,9.0,8.0,63.0,70.0,392.0,21.0,161.0,49.0,35.0,9.0,12.0,17.0,8.0,15.0,23.0,8.0,16.0,27.0,7.0,17.0,28.0,10.0,16.0,22.0,5.0,8.0,8.0,5.0,6.0,8.0,4.0,29.0,33.0,37.0,38.0,6.0,9.0
2005,3,25,4,141,34,2,4,15,1,44000000,105.0,56.0,6.0,8.0,12.0,23.0,12.0,24.0,39.0,23.0,32.0,43.0,40.0,37.0,48.0,43.0,39.0,5.0,1.0,7.0,7.0,4.0,9.0,133.0,308.0,196.0,21.0,147.0,119.0,21.0,10.0,12.0,17.0,8.0,15.0,23.0,9.0,16.0,27.0,6.0,16.0,28.0,10.0,16.0,21.0,6.0,8.0,8.0,4.0,6.0,8.0,25.0,26.0,41.0,44.0,47.0,3.0,7.0
2005,4,8,4,124,43,1,2,4,0,62000000,89.6,17.5,25.0,4.0,6.0,26.0,29.0,23.0,41.0,33.0,39.0,44.0,37.0,43.0,47.0,38.0,48.0,3.0,6.0,5.0,7.0,9.0,7.0,70.0,84.0,56.0,259.0,56.0,28.0,84.0,10.0,12.0,18.0,10.0,15.0,23.0,9.0,17.0,27.0,7.0,18.0,28.0,9.0,16.0,21.0,7.0,8.0,8.0,5.0,6.0,8.0,6.0,28.0,31.0,38.0,42.0,3.0,9.0
2005,4,22,4,97,44,2,1,14,0,23000000,57.4,21.0,6.0,7.0,25.0,28.0,11.0,26.0,31.0,25.0,41.0,38.0,31.0,44.0,42.0,50.0,47.0,3.0,1.0,3.0,9.0,3.0,7.0,56.0,196.0,133.0,91.0,21.0,35.0,7.0,8.0,12.0,18.0,10.0,16.0,22.0,10.0,18.0,26.0,8.0,18.0,27.0,9.0,17.0,20.0,7.0,8.0,8.0,5.0,6.0,8.0,3.0,9.0,35.0,39.0,42.0,1.0,8.0
2005,4,29,4,128,39,1,3,9,1,15000000,86.8,42.0,3.0,6.0,7.0,10.0,28.0,11.0,13.0,31.0,25.0,24.0,38.0,31.0,47.0,42.0,50.0,5.0,3.0,1.0,9.0,9.0,3.0,7.0,189.0,336.0,224.0,14.0,21.0,63.0,7.0,12.0,18.0,10.0,17.0,22.0,10.0,19.0,26.0,8.0,19.0,27.0,8.0,17.0,20.0,6.0,8.0,8.0,5.0,6.0,8.0,7.0,12.0,21.0,26.0,44.0,6.0,8.0
2005,5,20,4,101,41,2,2,13,1,42000000,28.0,21.0,12.0,7.0,3.0,17.0,12.0,9.0,31.0,21.0,35.0,32.0,26.0,39.0,40.0,44.0,42.0,2.0,6.0,1.0,9.0,8.0,8.0,35.0,343.0,28.0,266.0,28.0,28.0,14.0,6.0,12.0,18.0,10.0,18.0,23.0,8.0,18.0,24.0,10.0,19.0,27.0,7.0,15.0,20.0,5.0,8.0,8.0,4.0,6.0,8.0,2.0,24.0,31.0,48.0,50.0,4.0,9.0
2005,6,10,4,129,41,2,3,8,0,32000000,33.6,38.5,3.0,2.0,6.0,8.0,24.0,7.0,11.0,31.0,13.0,17.0,48.0,28.0,50.0,50.0,47.0,1.0,4.0,5.0,5.0,9.0,8.0,21.0,21.0,98.0,77.0,21.0,7.0,70.0,5.0,12.0,18.0,9.0,16.0,23.0,7.0,16.0,22.0,10.0,18.0,28.0,5.0,14.0,20.0,6.0,8.0,8.0,5.0,7.0,7.0,4.0,8.0,10.0,18.0,21.0,1.0,7.0
2005,6,24,4,88,39,3,1,15,1,52000000,102.2,21.0,4.0,6.0,3.0,8.0,7.0,8.0,10.0,32.0,11.0,18.0,37.0,17.0,21.0,47.0,50.0,1.0,1.0,1.0,7.0,7.0,5.0,14.0,7.0,154.0,294.0,147.0,112.0,35.0,6.0,12.0,18.0,7.0,15.0,22.0,8.0,16.0,22.0,10.0,18.0,29.0,7.0,14.0,21.0,6.0,8.0,8.0,4.0,6.0,7.0,4.0,5.0,23.0,25.0,28.0,3.0,4.0
2005,7,15,4,89,41,2,1,9,1,81000000,57.4,42.0,35.0,4.0,6.0,36.0,5.0,8.0,42.0,23.0,14.0,46.0,25.0,15.0,49.0,28.0,45.0,2.0,3.0,7.0,8.0,4.0,8.0,161.0,98.0,245.0,441.0,77.0,14.0,203.0,7.0,12.0,17.0,7.0,17.0,24.0,9.0,17.0,22.0,10.0,19.0,30.0,8.0,14.0,22.0,6.0,8.0,8.0,6.0,7.0,7.0,3.0,14.0,41.0,48.0,49.0,1.0,4.0
2005,8,12,4,145,25,2,3,16,0,24000000,47.6,63.0,2.0,3.0,3.0,11.0,19.0,14.0,21.0,26.0,41.0,22.0,49.0,48.0,30.0,50.0,49.0,4.0,4.0,1.0,6.0,5.0,4.0,238.0,147.0,168.0,63.0,91.0,49.0,77.0,7.0,11.0,17.0,8.0,17.0,24.0,10.0,17.0,22.0,9.0,20.0,31.0,9.0,14.0,22.0,5.0,7.0,8.0,6.0,7.0,7.0,11.0,24.0,29.0,31.0,41.0,1.0,3.0
2005,8,19,4,136,30,1,3,4,0,35000000,71.4,31.5,15.0,2.0,3.0,23.0,11.0,19.0,30.0,21.0,26.0,37.0,22.0,49.0,40.0,30.0,50.0,7.0,4.0,4.0,9.0,6.0,5.0,189.0,84.0,273.0,133.0,336.0,28.0,133.0,8.0,12.0,17.0,8.0,16.0,24.0,10.0,18.0,22.0,10.0,20.0,31.0,9.0,15.0,21.0,5.0,7.0,8.0,7.0,7.0,7.0,9.0,29.0,35.0,40.0,41.0,1.0,6.0
2005,8,26,4,154,32,1,4,7,1,45000000,39.2,14.0,11.0,15.0,2.0,24.0,23.0,11.0,29.0,30.0,21.0,31.0,37.0,22.0,41.0,40.0,30.0,1.0,7.0,4.0,3.0,9.0,6.0,392.0,154.0,119.0,168.0,7.0,7.0,21.0,9.0,13.0,17.0,9.0,16.0,23.0,10.0,18.0,22.0,10.0,20.0,30.0,8.0,14.0,21.0,5.0,7.0,8.0,6.0,7.0,7.0,3.0,4.0,14.0,43.0,50.0,3.0,6.0
2005,9,2,4,114,47,3,2,9,1,57000000,68.6,10.5,9.0,11.0,15.0,29.0,24.0,23.0,35.0,29.0,30.0,40.0,31.0,37.0,41.0,41.0,40.0,1.0,1.0,7.0,6.0,3.0,9.0,35.0,252.0,70.0,168.0,35.0,49.0,7.0,8.0,12.0,17.0,9.0,17.0,23.0,10.0,18.0,22.0,10.0,20.0,30.0,7.0,13.0,21.0,5.0,7.0,8.0,6.0,7.0,7.0,8.0,12.0,19.0,31.0,50.0,6.0,7.0
2005,9,9,4,120,42,3,2,13,1,66000000,40.6,17.5,3.0,9.0,11.0,4.0,29.0,24.0,14.0,35.0,29.0,43.0,40.0,31.0,50.0,41.0,41.0,3.0,1.0,1.0,6.0,6.0,3.0,182.0,126.0,406.0,21.0,7.0,126.0,84.0,8.0,13.0,16.0,9.0,17.0,23.0,10.0,18.0,23.0,9.0,20.0,30.0,6.0,12.0,21.0,6.0,7.0,8.0,7.0,7.0,7.0,12.0,13.0,19.0,21.0,38.0,3.0,9.0
2005,9,23,4,139,46,2,4,13,1,15000000,109.2,28.0,12.0,8.0,3.0,13.0,12.0,4.0,19.0,19.0,14.0,21.0,31.0,43.0,38.0,50.0,50.0,3.0,6.0,3.0,9.0,7.0,6.0,70.0,175.0,119.0,301.0,105.0,49.0,7.0,8.0,12.0,16.0,10.0,18.0,22.0,9.0,17.0,23.0,9.0,21.0,30.0,7.0,12.0,21.0,5.0,7.0,8.0,6.0,7.0,7.0,6.0,11.0,47.0,48.0,50.0,1.0,6.0
2005,10,7,4,106,42,3,2,12,0,15000000,54.6,17.5,6.0,1.0,12.0,11.0,26.0,13.0,47.0,31.0,19.0,48.0,34.0,21.0,50.0,47.0,38.0,1.0,4.0,3.0,6.0,9.0,9.0,63.0,21.0,63.0,154.0,154.0,21.0,14.0,9.0,12.0,15.0,8.0,17.0,22.0,8.0,17.0,24.0,9.0,20.0,30.0,7.0,12.0,21.0,5.0,7.0,8.0,4.0,7.0,7.0,10.0,11.0,19.0,20.0,23.0,1.0,6.0
2005,11,25,4,120,46,1,3,7,1,24000000,120.4,28.0,17.0,15.0,26.0,18.0,16.0,36.0,25.0,36.0,37.0,34.0,41.0,38.0,48.0,42.0,42.0,2.0,3.0,2.0,3.0,5.0,6.0,35.0,574.0,322.0,210.0,63.0,35.0,21.0,8.0,15.0,18.0,8.0,17.0,23.0,9.0,20.0,26.0,9.0,21.0,28.0,7.0,15.0,21.0,4.0,6.0,8.0,5.0,7.0,7.0,1.0,9.0,20.0,23.0,30.0,4.0,7.0
2005,12,9,4,144,31,3,3,6,0,44000000,49.0,21.0,1.0,1.0,17.0,9.0,6.0,18.0,20.0,27.0,25.0,23.0,39.0,34.0,30.0,47.0,48.0,4.0,1.0,2.0,7.0,6.0,3.0,112.0,21.0,105.0,35.0,28.0,14.0,28.0,8.0,15.0,18.0,8.0,17.0,23.0,9.0,19.0,26.0,9.0,20.0,28.0,8.0,14.0,20.0,4.0,6.0,8.0,6.0,7.0,7.0,2.0,3.0,15.0,18.0,32.0,6.0,7.0
2005,12,16,4,70,30,3,1,13,1,55000000,81.2,17.5,11.0,1.0,1.0,18.0,9.0,6.0,35.0,20.0,27.0,38.0,23.0,39.0,42.0,30.0,47.0,1.0,4.0,1.0,5.0,7.0,6.0,70.0,371.0,378.0,182.0,399.0,98.0,14.0,8.0,15.0,18.0,8.0,17.0,24.0,9.0,20.0,26.0,9.0,20.0,28.0,8.0,14.0,21.0,5.0,6.0,8.0,5.0,7.0,7.0,15.0,31.0,36.0,37.0,42.0,1.0,7.0
2005,12,30,4,131,37,2,2,5,1,75000000,107.8,17.5,15.0,2.0,11.0,31.0,3.0,18.0,36.0,15.0,35.0,37.0,18.0,38.0,42.0,32.0,42.0,1.0,6.0,1.0,7.0,7.0,5.0,112.0,49.0,70.0,119.0,189.0,7.0,161.0,8.0,13.0,18.0,7.0,17.0,25.0,9.0,18.0,26.0,9.0,18.0,27.0,7.0,14.0,20.0,5.0,6.0,8.0,5.0,7.0,7.0,2.0,6.0,9.0,14.0,26.0,4.0,5.0
2006,1,20,4,154,38,3,3,8,2,125000000,42.0,35.0,8.0,2.0,8.0,12.0,6.0,16.0,19.0,9.0,19.0,33.0,14.0,43.0,34.0,26.0,45.0,1.0,4.0,1.0,6.0,5.0,4.0,126.0,532.0,301.0,294.0,84.0,63.0,7.0,7.0,13.0,18.0,8.0,17.0,26.0,9.0,17.0,27.0,10.0,20.0,28.0,9.0,15.0,21.0,4.0,6.0,8.0,5.0,7.0,7.0,9.0,15.0,21.0,40.0,49.0,1.0,4.0
2006,1,27,4,134,40,1,2,5,1,146000000,95.2,17.5,12.0,8.0,2.0,15.0,12.0,6.0,33.0,19.0,9.0,44.0,33.0,14.0,50.0,34.0,26.0,2.0,1.0,4.0,6.0,6.0,5.0,154.0,7.0,112.0,154.0,189.0,14.0,28.0,7.0,13.0,18.0,8.0,17.0,26.0,9.0,17.0,27.0,10.0,19.0,28.0,9.0,16.0,21.0,4.0,6.0,8.0,4.0,7.0,7.0,9.0,21.0,30.0,39.0,50.0,1.0,3.0
2006,2,3,4,149,41,2,3,4,0,183000000,32.2,42.0,9.0,12.0,8.0,15.0,15.0,12.0,21.0,33.0,19.0,40.0,44.0,33.0,49.0,50.0,34.0,1.0,2.0,1.0,4.0,6.0,6.0,7.0,350.0,175.0,70.0,14.0,7.0,77.0,7.0,13.0,17.0,9.0,17.0,26.0,9.0,17.0,27.0,10.0,19.0,28.0,8.0,15.0,20.0,4.0,5.0,7.0,5.0,7.0,7.0,5.0,6.0,38.0,48.0,50.0,6.0,7.0
2006,2,17,4,115,34,4,2,6,2,27000000,95.2,24.5,5.0,9.0,9.0,6.0,21.0,15.0,38.0,30.0,21.0,48.0,39.0,40.0,50.0,50.0,49.0,6.0,1.0,1.0,7.0,3.0,4.0,231.0,189.0,413.0,133.0,154.0,28.0,21.0,7.0,15.0,18.0,8.0,16.0,25.0,9.0,18.0,29.0,10.0,19.0,28.0,8.0,14.0,19.0,4.0,5.0,7.0,5.0,7.0,7.0,1.0,11.0,18.0,19.0,47.0,3.0,7.0
2006,3,3,4,70,41,3,1,8,0,26000000,65.8,31.5,1.0,4.0,5.0,11.0,23.0,6.0,18.0,24.0,38.0,19.0,26.0,48.0,47.0,38.0,50.0,3.0,2.0,6.0,7.0,4.0,7.0,182.0,245.0,630.0,630.0,147.0,7.0,56.0,8.0,15.0,18.0,8.0,16.0,25.0,9.0,19.0,30.0,10.0,20.0,30.0,8.0,14.0,18.0,5.0,5.0,7.0,5.0,7.0,7.0,1.0,21.0,33.0,45.0,49.0,4.0,8.0
2006,3,10,4,149,48,0,3,12,2,38000000,42.0,80.5,3.0,1.0,4.0,5.0,11.0,23.0,8.0,18.0,24.0,10.0,19.0,26.0,44.0,47.0,38.0,3.0,3.0,2.0,5.0,7.0,4.0,14.0,35.0,49.0,525.0,42.0,63.0,140.0,8.0,15.0,18.0,7.0,16.0,25.0,9.0,19.0,30.0,10.0,20.0,31.0,7.0,14.0,18.0,5.0,5.0,7.0,6.0,7.0,7.0,5.0,32.0,44.0,45.0,50.0,1.0,7.0
2006,3,24,4,160,30,1,4,13,1,64000000,107.8,91.0,5.0,1.0,3.0,32.0,21.0,5.0,44.0,33.0,8.0,45.0,45.0,10.0,50.0,49.0,44.0,1.0,4.0,3.0,7.0,8.0,5.0,126.0,343.0,14.0,511.0,28.0,14.0,168.0,7.0,14.0,17.0,8.0,17.0,26.0,8.0,17.0,30.0,9.0,21.0,32.0,5.0,14.0,18.0,5.0,5.0,7.0,7.0,7.0,7.0,3.0,20.0,31.0,45.0,50.0,6.0,7.0
2006,3,31,4,149,47,2,3,13,1,75000000,54.6,31.5,17.0,5.0,1.0,28.0,32.0,21.0,33.0,44.0,33.0,35.0,45.0,45.0,47.0,50.0,49.0,4.0,1.0,4.0,9.0,7.0,8.0,28.0,546.0,189.0,14.0,14.0,49.0,14.0,6.0,14.0,17.0,9.0,17.0,27.0,9.0,18.0,30.0,8.0,21.0,32.0,5.0,14.0,18.0,5.0,5.0,7.0,6.0,7.0,7.0,12.0,13.0,29.0,44.0,50.0,4.0,5.0
2006,4,7,4,148,38,3,3,9,1,15000000,91.0,24.5,3.0,17.0,5.0,20.0,28.0,32.0,31.0,33.0,44.0,45.0,35.0,45.0,50.0,47.0,50.0,6.0,4.0,1.0,7.0,9.0,7.0,77.0,182.0,231.0,77.0,7.0,14.0,35.0,7.0,13.0,17.0,9.0,18.0,26.0,9.0,19.0,30.0,8.0,20.0,31.0,5.0,13.0,18.0,5.0,5.0,7.0,6.0,7.0,7.0,16.0,26.0,34.0,35.0,49.0,2.0,6.0
2006,4,14,4,160,33,3,4,8,2,26000000,61.6,35.0,12.0,3.0,17.0,13.0,20.0,28.0,29.0,31.0,33.0,44.0,45.0,35.0,50.0,50.0,47.0,4.0,6.0,4.0,5.0,7.0,9.0,791.0,203.0,679.0,21.0,35.0,56.0,84.0,7.0,14.0,18.0,10.0,18.0,26.0,9.0,20.0,31.0,7.0,19.0,31.0,5.0,12.0,18.0,5.0,5.0,7.0,6.0,7.0,7.0,1.0,20.0,22.0,37.0,46.0,1.0,9.0
2006,4,21,4,126,45,3,2,10,0,15000000,145.6,31.5,16.0,12.0,3.0,26.0,13.0,20.0,34.0,29.0,31.0,35.0,44.0,45.0,49.0,50.0,50.0,2.0,4.0,6.0,6.0,5.0,7.0,42.0,21.0,490.0,119.0,427.0,35.0,28.0,7.0,13.0,17.0,9.0,18.0,26.0,9.0,21.0,32.0,7.0,18.0,31.0,6.0,13.0,19.0,5.0,5.0,7.0,6.0,7.0,7.0,5.0,10.0,17.0,22.0,33.0,5.0,7.0
2006,5,5,4,92,46,5,1,12,0,15000000,61.6,38.5,5.0,1.0,16.0,10.0,20.0,26.0,17.0,22.0,34.0,22.0,37.0,35.0,33.0,46.0,49.0,5.0,1.0,2.0,7.0,9.0,6.0,77.0,315.0,245.0,511.0,28.0,63.0,14.0,7.0,12.0,17.0,9.0,19.0,26.0,9.0,22.0,32.0,7.0,19.0,30.0,6.0,14.0,19.0,6.0,6.0,7.0,5.0,7.0,7.0,5.0,20.0,23.0,34.0,50.0,1.0,5.0
2006,5,12,4,132,45,3,2,6,0,25000000,30.8,17.5,4.0,5.0,1.0,8.0,10.0,20.0,14.0,17.0,22.0,16.0,22.0,37.0,50.0,33.0,46.0,3.0,5.0,1.0,9.0,7.0,9.0,14.0,21.0,315.0,175.0,7.0,21.0,35.0,7.0,12.0,17.0,8.0,19.0,26.0,9.0,22.0,32.0,7.0,19.0,30.0,5.0,13.0,19.0,6.0,6.0,7.0,5.0,7.0,7.0,3.0,5.0,25.0,34.0,49.0,5.0,8.0
2006,5,19,4,116,46,1,2,13,1,15000000,56.0,38.5,5.0,4.0,5.0,20.0,8.0,10.0,23.0,14.0,17.0,34.0,16.0,22.0,50.0,50.0,33.0,1.0,3.0,5.0,5.0,9.0,7.0,49.0,77.0,182.0,7.0,35.0,21.0,70.0,7.0,12.0,17.0,8.0,19.0,26.0,10.0,22.0,31.0,7.0,19.0,29.0,5.0,13.0,19.0,6.0,6.0,7.0,5.0,7.0,7.0,2.0,12.0,21.0,41.0,49.0,3.0,7.0
2006,5,26,4,125,47,2,2,10,0,15000000,93.8,24.5,3.0,5.0,4.0,5.0,20.0,8.0,25.0,23.0,14.0,34.0,34.0,16.0,49.0,50.0,50.0,5.0,1.0,3.0,8.0,5.0,9.0,140.0,133.0,119.0,196.0,7.0,21.0,28.0,8.0,12.0,17.0,8.0,18.0,25.0,10.0,21.0,30.0,8.0,19.0,29.0,5.0,12.0,19.0,6.0,6.0,7.0,5.0,7.0,7.0,7.0,8.0,27.0,41.0,48.0,1.0,6.0
2006,6,2,4,131,41,2,3,7,1,15000000,138.6,35.0,2.0,3.0,5.0,12.0,5.0,20.0,21.0,25.0,23.0,41.0,34.0,34.0,49.0,49.0,50.0,3.0,5.0,1.0,7.0,8.0,5.0,392.0,28.0,189.0,7.0,196.0,21.0,49.0,8.0,12.0,18.0,7.0,17.0,25.0,10.0,21.0,29.0,8.0,18.0,29.0,5.0,13.0,18.0,6.0,6.0,7.0,5.0,7.0,7.0,3.0,12.0,15.0,34.0,39.0,4.0,6.0
2006,6,9,4,103,36,2,2,10,2,25000000,63.0,35.0,7.0,2.0,3.0,8.0,12.0,5.0,27.0,21.0,25.0,41.0,41.0,34.0,48.0,49.0,49.0,1.0,3.0,5.0,6.0,7.0,8.0,21.0,14.0,175.0,21.0,462.0,63.0,7.0,8.0,12.0,18.0,7.0,16.0,25.0,10.0,21.0,29.0,7.0,17.0,28.0,6.0,13.0,19.0,5.0,6.0,7.0,5.0,7.0,7.0,1.0,16.0,26.0,30.0,36.0,3.0,9.0
2006,6,16,4,109,35,4,3,12,0,36000000,93.8,31.5,3.0,7.0,2.0,12.0,8.0,12.0,15.0,27.0,21.0,34.0,41.0,41.0,39.0,48.0,49.0,4.0,1.0,3.0,6.0,6.0,7.0,56.0,168.0,322.0,497.0,567.0,21.0,42.0,7.0,11.0,18.0,7.0,15.0,25.0,10.0,21.0,29.0,7.0,18.0,28.0,7.0,13.0,19.0,5.0,6.0,7.0,5.0,7.0,7.0,9.0,21.0,30.0,43.0,44.0,1.0,9.0
2006,6,23,4,147,35,2,3,10,0,46000000,85.4,14.0,1.0,3.0,7.0,16.0,12.0,8.0,26.0,15.0,27.0,30.0,34.0,41.0,36.0,39.0,48.0,3.0,4.0,1.0,9.0,6.0,6.0,140.0,105.0,140.0,175.0,112.0,21.0,7.0,7.0,11.0,17.0,7.0,15.0,25.0,10.0,21.0,28.0,7.0,18.0,27.0,8.0,12.0,19.0,4.0,6.0,7.0,5.0,7.0,7.0,6.0,15.0,16.0,40.0,43.0,1.0,2.0
2006,6,30,4,120,37,3,2,3,1,58000000,67.2,42.0,9.0,1.0,3.0,21.0,16.0,12.0,30.0,26.0,15.0,43.0,30.0,34.0,44.0,36.0,39.0,1.0,3.0,4.0,9.0,9.0,6.0,273.0,154.0,791.0,154.0,476.0,7.0,735.0,8.0,12.0,17.0,8.0,15.0,25.0,10.0,21.0,28.0,7.0,17.0,27.0,8.0,12.0,20.0,4.0,6.0,7.0,6.0,8.0,8.0,7.0,9.0,18.0,35.0,43.0,5.0,7.0
2006,7,7,4,112,36,1,2,12,0,67000000,54.6,45.5,6.0,9.0,1.0,15.0,21.0,16.0,16.0,30.0,26.0,40.0,43.0,30.0,43.0,44.0,36.0,1.0,1.0,3.0,2.0,9.0,9.0,35.0,217.0,133.0,84.0,7.0,49.0,42.0,8.0,11.0,17.0,8.0,16.0,25.0,10.0,20.0,27.0,7.0,16.0,27.0,7.0,11.0,20.0,4.0,6.0,7.0,6.0,8.0,8.0,1.0,7.0,17.0,31.0,36.0,2.0,8.0
2006,7,14,4,92,35,1,2,10,2,15000000,49.0,35.0,7.0,6.0,9.0,9.0,15.0,21.0,18.0,16.0,30.0,35.0,40.0,43.0,43.0,43.0,44.0,5.0,1.0,1.0,7.0,2.0,9.0,28.0,399.0,77.0,308.0,28.0,91.0,56.0,7.0,11.0,17.0,9.0,17.0,25.0,10.0,20.0,27.0,7.0,17.0,26.0,7.0,11.0,20.0,5.0,6.0,7.0,6.0,8.0,8.0,2.0,4.0,9.0,38.0,50.0,6.0,8.0
2006,7,21,4,103,48,4,2,14,2,25000000,74.2,24.5,1.0,7.0,6.0,7.0,9.0,15.0,17.0,18.0,16.0,31.0,35.0,40.0,36.0,43.0,43.0,2.0,5.0,1.0,8.0,7.0,2.0,56.0,322.0,196.0,224.0,70.0,112.0,7.0,6.0,11.0,17.0,9.0,18.0,25.0,10.0,21.0,27.0,8.0,18.0,26.0,7.0,11.0,20.0,6.0,6.0,7.0,5.0,8.0,8.0,3.0,8.0,12.0,29.0,43.0,6.0,7.0
2006,7,28,4,95,40,2,2,13,1,15000000,57.4,14.0,2.0,1.0,7.0,4.0,7.0,9.0,9.0,17.0,18.0,38.0,31.0,35.0,50.0,36.0,43.0,6.0,2.0,5.0,8.0,8.0,7.0,49.0,56.0,378.0,280.0,21.0,7.0,21.0,6.0,11.0,17.0,8.0,18.0,25.0,10.0,22.0,28.0,9.0,18.0,26.0,7.0,11.0,19.0,6.0,6.0,6.0,5.0,7.0,8.0,1.0,14.0,15.0,26.0,32.0,3.0,7.0
2006,8,4,4,88,31,3,2,10,0,24000000,67.2,28.0,3.0,2.0,1.0,8.0,4.0,7.0,12.0,9.0,17.0,29.0,38.0,31.0,43.0,50.0,36.0,6.0,6.0,2.0,7.0,8.0,8.0,21.0,287.0,56.0,168.0,231.0,49.0,7.0,6.0,11.0,17.0,9.0,18.0,24.0,9.0,21.0,28.0,10.0,17.0,26.0,7.0,12.0,19.0,6.0,6.0,6.0,5.0,7.0,8.0,27.0,28.0,31.0,46.0,47.0,2.0,5.0
2006,9,1,4,130,47,1,2,15,1,15000000,71.4,38.5,10.0,12.0,27.0,28.0,37.0,28.0,40.0,39.0,31.0,47.0,40.0,46.0,48.0,50.0,47.0,6.0,1.0,2.0,8.0,2.0,5.0,35.0,49.0,105.0,154.0,14.0,7.0,70.0,8.0,13.0,18.0,8.0,17.0,24.0,10.0,21.0,30.0,9.0,17.0,26.0,6.0,11.0,18.0,5.0,6.0,6.0,5.0,6.0,8.0,1.0,10.0,12.0,32.0,33.0,1.0,8.0
2006,9,8,4,88,32,3,2,9,1,25000000,47.6,17.5,3.0,10.0,12.0,7.0,28.0,37.0,25.0,40.0,39.0,45.0,47.0,40.0,50.0,48.0,50.0,6.0,6.0,1.0,9.0,8.0,2.0,35.0,133.0,42.0,483.0,133.0,21.0,14.0,7.0,13.0,18.0,8.0,16.0,24.0,9.0,20.0,30.0,10.0,18.0,27.0,7.0,11.0,18.0,5.0,6.0,6.0,5.0,6.0,8.0,6.0,10.0,16.0,26.0,49.0,7.0,9.0
2006,9,15,4,107,43,4,2,16,0,35000000,63.0,28.0,1.0,3.0,10.0,10.0,7.0,28.0,12.0,25.0,40.0,32.0,45.0,47.0,33.0,50.0,48.0,1.0,6.0,6.0,8.0,9.0,8.0,77.0,7.0,77.0,42.0,112.0,399.0,14.0,7.0,12.0,18.0,7.0,16.0,24.0,9.0,19.0,29.0,9.0,18.0,27.0,8.0,11.0,18.0,5.0,7.0,7.0,5.0,6.0,8.0,10.0,29.0,30.0,45.0,49.0,3.0,8.0
2006,9,22,4,163,39,2,4,11,1,47000000,36.4,31.5,6.0,1.0,3.0,10.0,10.0,7.0,16.0,12.0,25.0,26.0,32.0,45.0,49.0,33.0,50.0,7.0,1.0,6.0,9.0,8.0,9.0,28.0,392.0,91.0,21.0,7.0,49.0,14.0,7.0,12.0,18.0,8.0,17.0,25.0,9.0,19.0,29.0,8.0,18.0,27.0,7.0,11.0,18.0,5.0,7.0,7.0,5.0,6.0,8.0,1.0,3.0,6.0,18.0,24.0,5.0,8.0
2006,10,6,4,111,33,2,2,15,1,68000000,138.6,14.0,1.0,10.0,6.0,3.0,29.0,10.0,6.0,30.0,16.0,18.0,45.0,26.0,24.0,49.0,49.0,5.0,3.0,7.0,8.0,8.0,9.0,147.0,224.0,168.0,91.0,231.0,21.0,7.0,7.0,11.0,18.0,8.0,17.0,25.0,10.0,18.0,30.0,8.0,18.0,26.0,8.0,13.0,18.0,6.0,7.0,7.0,5.0,6.0,8.0,2.0,25.0,32.0,38.0,41.0,3.0,5.0
2006,10,13,4,138,39,3,3,8,0,80000000,60.2,17.5,5.0,1.0,10.0,11.0,3.0,29.0,22.0,6.0,30.0,35.0,18.0,45.0,38.0,24.0,49.0,7.0,5.0,3.0,8.0,8.0,8.0,84.0,763.0,490.0,84.0,413.0,21.0,63.0,8.0,11.0,17.0,8.0,18.0,26.0,10.0,19.0,31.0,9.0,17.0,26.0,8.0,13.0,19.0,6.0,7.0,7.0,4.0,6.0,8.0,10.0,19.0,34.0,45.0,47.0,3.0,6.0
2006,10,20,4,155,37,2,3,9,1,95000000,96.6,28.0,2.0,5.0,1.0,25.0,11.0,3.0,32.0,22.0,6.0,38.0,35.0,18.0,41.0,38.0,24.0,3.0,7.0,5.0,5.0,8.0,8.0,28.0,448.0,189.0,28.0,70.0,7.0,133.0,7.0,11.0,16.0,9.0,19.0,26.0,10.0,20.0,30.0,8.0,16.0,26.0,8.0,13.0,19.0,5.0,7.0,7.0,5.0,6.0,8.0,3.0,4.0,8.0,44.0,50.0,7.0,8.0
2006,10,27,4,109,47,4,2,15,1,113000000,79.8,21.0,10.0,2.0,5.0,19.0,25.0,11.0,34.0,32.0,22.0,45.0,38.0,35.0,47.0,41.0,38.0,3.0,3.0,7.0,6.0,5.0,8.0,56.0,98.0,238.0,203.0,56.0,21.0,21.0,6.0,10.0,16.0,9.0,19.0,26.0,10.0,20.0,30.0,8.0,16.0,26.0,8.0,13.0,19.0,5.0,7.0,7.0,4.0,6.0,8.0,11.0,13.0,24.0,44.0,49.0,3.0,9.0
2006,11,3,4,141,38,2,2,12,0,131000000,64.4,31.5,3.0,10.0,2.0,4.0,19.0,25.0,8.0,34.0,32.0,44.0,45.0,38.0,50.0,47.0,41.0,7.0,3.0,3.0,8.0,6.0,5.0,329.0,210.0,259.0,7.0,42.0,14.0,49.0,7.0,11.0,16.0,9.0,19.0,26.0,10.0,20.0,30.0,7.0,16.0,26.0,7.0,13.0,19.0,5.0,7.0,7.0,4.0,6.0,8.0,14.0,21.0,27.0,30.0,36.0,2.0,3.0
2006,11,10,4,128,22,3,3,5,1,152000000,99.4,45.5,11.0,3.0,10.0,13.0,4.0,19.0,24.0,8.0,34.0,44.0,44.0,45.0,49.0,50.0,47.0,3.0,7.0,3.0,9.0,8.0,6.0,378.0,140.0,161.0,147.0,119.0,91.0,280.0,8.0,12.0,17.0,9.0,18.0,26.0,10.0,20.0,30.0,8.0,16.0,26.0,8.0,13.0,19.0,5.0,7.0,7.0,5.0,7.0,8.0,12.0,22.0,32.0,33.0,36.0,2.0,6.0
2006,11,24,4,95,35,2,1,6,0,15000000,68.6,59.5,12.0,14.0,11.0,22.0,21.0,13.0,32.0,27.0,24.0,33.0,30.0,44.0,36.0,36.0,49.0,2.0,2.0,3.0,6.0,3.0,9.0,49.0,119.0,133.0,511.0,469.0,77.0,42.0,8.0,12.0,17.0,10.0,19.0,26.0,9.0,19.0,28.0,8.0,17.0,26.0,8.0,14.0,19.0,5.0,7.0,7.0,5.0,7.0,8.0,4.0,8.0,16.0,37.0,41.0,2.0,5.0
2006,12,1,4,106,37,3,2,7,1,15000000,54.6,10.5,5.0,12.0,14.0,8.0,22.0,21.0,17.0,32.0,27.0,25.0,33.0,30.0,40.0,36.0,36.0,1.0,2.0,2.0,5.0,6.0,3.0,210.0,7.0,77.0,224.0,49.0,14.0,7.0,9.0,13.0,17.0,9.0,18.0,26.0,9.0,19.0,28.0,9.0,17.0,26.0,8.0,13.0,19.0,5.0,6.0,7.0,5.0,7.0,8.0,16.0,17.0,18.0,36.0,47.0,1.0,2.0
2006,12,8,4,134,31,3,2,3,1,27000000,32.2,10.5,4.0,5.0,12.0,8.0,8.0,22.0,16.0,17.0,32.0,37.0,25.0,33.0,41.0,40.0,36.0,2.0,1.0,2.0,5.0,5.0,6.0,238.0,574.0,154.0,819.0,49.0,14.0,112.0,9.0,14.0,16.0,9.0,18.0,26.0,9.0,18.0,27.0,9.0,18.0,27.0,7.0,13.0,18.0,4.0,6.0,7.0,6.0,7.0,8.0,9.0,23.0,35.0,37.0,42.0,3.0,7.0
2006,12,15,4,146,33,1,3,10,0,39000000,161.0,42.0,16.0,4.0,5.0,17.0,8.0,8.0,18.0,16.0,17.0,36.0,37.0,25.0,47.0,41.0,40.0,1.0,2.0,1.0,2.0,5.0,5.0,175.0,301.0,371.0,14.0,357.0,42.0,133.0,10.0,14.0,16.0,9.0,19.0,26.0,9.0,19.0,28.0,8.0,17.0,27.0,7.0,13.0,18.0,4.0,6.0,7.0,7.0,7.0,8.0,9.0,11.0,20.0,38.0,43.0,2.0,3.0
2006,12,22,4,121,34,2,2,5,1,52000000,99.4,10.5,9.0,16.0,4.0,23.0,17.0,8.0,35.0,18.0,16.0,37.0,36.0,37.0,42.0,47.0,41.0,3.0,1.0,2.0,7.0,2.0,5.0,7.0,77.0,385.0,70.0,147.0,21.0,42.0,9.0,14.0,16.0,9.0,18.0,26.0,10.0,20.0,29.0,8.0,17.0,26.0,8.0,13.0,17.0,4.0,6.0,7.0,7.0,7.0,8.0,6.0,9.0,13.0,14.0,35.0,3.0,4.0
2006,12,29,4,77,29,2,1,7,1,67000000,43.4,105.0,9.0,9.0,16.0,11.0,23.0,17.0,20.0,35.0,18.0,38.0,37.0,36.0,43.0,42.0,47.0,2.0,3.0,1.0,3.0,7.0,2.0,105.0,175.0,588.0,357.0,861.0,14.0,315.0,9.0,13.0,15.0,9.0,18.0,26.0,10.0,21.0,29.0,8.0,18.0,27.0,9.0,14.0,17.0,4.0,6.0,7.0,8.0,8.0,8.0,17.0,19.0,29.0,36.0,45.0,5.0,6.0
2007,1,5,4,146,28,1,3,11,1,78000000,63.0,42.0,6.0,9.0,9.0,9.0,11.0,23.0,13.0,20.0,35.0,14.0,38.0,37.0,35.0,43.0,42.0,3.0,2.0,3.0,4.0,3.0,7.0,287.0,77.0,273.0,28.0,371.0,98.0,49.0,9.0,14.0,15.0,9.0,18.0,26.0,10.0,22.0,29.0,8.0,17.0,27.0,9.0,15.0,18.0,4.0,6.0,7.0,7.0,8.0,8.0,8.0,11.0,14.0,19.0,25.0,3.0,5.0
2007,1,19,4,120,37,1,3,6,2,15000000,49.0,24.5,8.0,17.0,6.0,11.0,19.0,9.0,14.0,29.0,13.0,19.0,36.0,14.0,25.0,45.0,35.0,3.0,5.0,3.0,5.0,6.0,4.0,56.0,77.0,70.0,63.0,35.0,28.0,21.0,8.0,15.0,16.0,8.0,18.0,26.0,10.0,22.0,29.0,7.0,17.0,26.0,9.0,16.0,19.0,4.0,6.0,7.0,6.0,8.0,8.0,11.0,15.0,23.0,30.0,38.0,4.0,9.0
2007,1,26,4,117,27,2,2,13,1,15000000,68.6,45.5,5.0,8.0,17.0,13.0,11.0,19.0,27.0,14.0,29.0,33.0,19.0,36.0,42.0,25.0,45.0,2.0,3.0,5.0,4.0,5.0,6.0,84.0,210.0,259.0,77.0,112.0,231.0,84.0,8.0,15.0,16.0,8.0,18.0,25.0,10.0,22.0,28.0,8.0,17.0,25.0,9.0,15.0,19.0,5.0,7.0,7.0,7.0,8.0,8.0,14.0,23.0,27.0,30.0,36.0,1.0,6.0
2007,2,2,4,130,22,3,3,7,1,26000000,15.4,42.0,11.0,5.0,8.0,15.0,13.0,11.0,23.0,27.0,14.0,30.0,33.0,19.0,38.0,42.0,25.0,4.0,2.0,3.0,9.0,4.0,5.0,84.0,49.0,14.0,7.0,77.0,56.0,28.0,9.0,14.0,16.0,8.0,18.0,25.0,9.0,21.0,28.0,7.0,16.0,25.0,9.0,15.0,19.0,5.0,7.0,7.0,7.0,8.0,8.0,14.0,16.0,30.0,36.0,46.0,2.0,8.0
2007,2,9,4,142,32,5,3,10,2,100000000,53.2,63.0,14.0,11.0,5.0,23.0,15.0,13.0,27.0,23.0,27.0,30.0,30.0,33.0,36.0,38.0,42.0,1.0,4.0,2.0,6.0,9.0,4.0,7.0,238.0,140.0,35.0,294.0,21.0,105.0,8.0,14.0,16.0,8.0,18.0,25.0,9.0,20.0,28.0,7.0,15.0,25.0,9.0,16.0,19.0,5.0,7.0,7.0,8.0,8.0,8.0,8.0,19.0,20.0,39.0,50.0,6.0,9.0
2007,2,16,4,136,42,3,2,15,1,15000000,84.0,17.5,14.0,14.0,11.0,16.0,23.0,15.0,30.0,27.0,23.0,36.0,30.0,30.0,46.0,36.0,38.0,2.0,1.0,4.0,8.0,6.0,9.0,35.0,42.0,56.0,378.0,112.0,168.0,21.0,7.0,14.0,16.0,7.0,17.0,25.0,8.0,19.0,28.0,8.0,15.0,25.0,9.0,15.0,19.0,6.0,7.0,7.0,7.0,8.0,8.0,2.0,15.0,18.0,20.0,22.0,2.0,5.0
2007,3,2,4,139,45,4,3,13,1,41000000,100.8,14.0,2.0,8.0,14.0,15.0,19.0,16.0,18.0,20.0,30.0,20.0,39.0,36.0,22.0,50.0,46.0,2.0,6.0,2.0,5.0,9.0,8.0,126.0,21.0,133.0,70.0,189.0,56.0,21.0,8.0,14.0,16.0,7.0,16.0,24.0,9.0,17.0,27.0,8.0,15.0,26.0,10.0,16.0,20.0,6.0,7.0,7.0,5.0,8.0,8.0,2.0,3.0,25.0,43.0,48.0,6.0,9.0
2007,3,9,4,121,46,2,2,15,1,15000000,32.2,21.0,3.0,2.0,8.0,16.0,15.0,19.0,34.0,18.0,20.0,38.0,20.0,39.0,48.0,22.0,50.0,5.0,2.0,6.0,8.0,5.0,9.0,14.0,161.0,189.0,259.0,7.0,21.0,21.0,7.0,14.0,16.0,7.0,15.0,24.0,9.0,18.0,26.0,8.0,15.0,26.0,9.0,16.0,20.0,6.0,7.0,7.0,5.0,8.0,8.0,4.0,14.0,31.0,45.0,49.0,4.0,9.0
2007,3,16,4,143,45,2,3,13,1,27000000,112.0,28.0,2.0,3.0,2.0,3.0,16.0,15.0,25.0,34.0,18.0,43.0,38.0,20.0,48.0,48.0,22.0,6.0,5.0,2.0,9.0,8.0,5.0,105.0,224.0,217.0,147.0,133.0,49.0,7.0,7.0,14.0,16.0,8.0,15.0,24.0,9.0,19.0,26.0,9.0,15.0,26.0,9.0,16.0,20.0,6.0,7.0,7.0,5.0,8.0,8.0,5.0,13.0,17.0,40.0,43.0,1.0,3.0
2007,3,23,4,118,38,1,2,4,0,41000000,67.2,59.5,4.0,2.0,3.0,14.0,3.0,16.0,31.0,25.0,34.0,45.0,43.0,38.0,49.0,48.0,48.0,4.0,6.0,5.0,9.0,9.0,8.0,63.0,63.0,119.0,217.0,91.0,49.0,91.0,7.0,13.0,16.0,7.0,15.0,24.0,9.0,18.0,26.0,9.0,15.0,26.0,9.0,15.0,20.0,5.0,7.0,7.0,6.0,8.0,8.0,9.0,17.0,19.0,41.0,46.0,1.0,8.0
2007,3,30,4,132,37,1,2,9,1,15000000,61.6,17.5,5.0,4.0,2.0,13.0,14.0,3.0,17.0,31.0,25.0,40.0,45.0,43.0,43.0,49.0,48.0,1.0,4.0,6.0,3.0,9.0,9.0,98.0,112.0,441.0,301.0,49.0,7.0,28.0,8.0,13.0,16.0,8.0,15.0,23.0,10.0,18.0,27.0,9.0,15.0,26.0,8.0,15.0,20.0,5.0,7.0,7.0,5.0,8.0,8.0,15.0,23.0,29.0,41.0,48.0,3.0,6.0
2007,4,6,4,156,33,1,3,9,1,27000000,46.2,21.0,9.0,5.0,4.0,17.0,13.0,14.0,19.0,17.0,31.0,41.0,40.0,45.0,46.0,43.0,49.0,1.0,1.0,4.0,8.0,3.0,9.0,469.0,63.0,91.0,7.0,28.0,84.0,63.0,8.0,14.0,17.0,8.0,14.0,23.0,10.0,18.0,27.0,9.0,15.0,26.0,7.0,15.0,20.0,6.0,7.0,7.0,5.0,8.0,8.0,7.0,20.0,25.0,38.0,41.0,3.0,7.0
2007,4,13,4,131,34,2,2,10,0,15000000,71.4,63.0,15.0,9.0,5.0,23.0,17.0,13.0,29.0,19.0,17.0,41.0,41.0,40.0,48.0,46.0,43.0,3.0,1.0,1.0,6.0,8.0,3.0,280.0,336.0,35.0,42.0,133.0,7.0,119.0,9.0,14.0,17.0,9.0,15.0,23.0,9.0,18.0,27.0,8.0,15.0,25.0,7.0,15.0,20.0,6.0,7.0,7.0,6.0,8.0,8.0,23.0,26.0,32.0,41.0,45.0,3.0,7.0
2007,4,27,4,132,37,3,3,3,1,27000000,82.6,45.5,23.0,7.0,15.0,26.0,20.0,23.0,32.0,25.0,29.0,41.0,38.0,41.0,45.0,41.0,48.0,3.0,3.0,3.0,7.0,7.0,6.0,14.0,504.0,84.0,77.0,308.0,28.0,140.0,8.0,15.0,18.0,10.0,16.0,25.0,9.0,16.0,27.0,7.0,14.0,24.0,8.0,16.0,20.0,6.0,6.0,7.0,7.0,8.0,8.0,6.0,17.0,35.0,41.0,45.0,1.0,5.0
2007,5,4,4,144,39,1,3,6,0,39000000,63.0,35.0,7.0,23.0,7.0,18.0,26.0,20.0,27.0,32.0,25.0,36.0,41.0,38.0,44.0,45.0,41.0,1.0,3.0,3.0,2.0,7.0,7.0,126.0,35.0,140.0,14.0,14.0,7.0,70.0,9.0,15.0,18.0,9.0,15.0,24.0,9.0,16.0,27.0,6.0,14.0,24.0,7.0,16.0,20.0,5.0,6.0,7.0,7.0,8.0,8.0,7.0,12.0,26.0,29.0,49.0,2.0,6.0
2007,5,11,4,123,42,2,3,8,2,52000000,60.2,24.5,6.0,7.0,23.0,17.0,18.0,26.0,35.0,27.0,32.0,41.0,36.0,41.0,45.0,44.0,45.0,1.0,1.0,3.0,5.0,2.0,7.0,14.0,336.0,329.0,287.0,56.0,77.0,35.0,8.0,14.0,18.0,9.0,15.0,24.0,9.0,17.0,26.0,7.0,15.0,24.0,7.0,16.0,20.0,5.0,6.0,7.0,7.0,8.0,8.0,26.0,34.0,37.0,39.0,49.0,2.0,6.0
2007,5,25,4,179,25,2,4,15,1,15000000,33.6,45.5,26.0,7.0,6.0,34.0,12.0,17.0,37.0,26.0,35.0,39.0,29.0,41.0,49.0,49.0,45.0,2.0,2.0,1.0,6.0,6.0,5.0,784.0,35.0,49.0,665.0,98.0,210.0,56.0,8.0,16.0,20.0,8.0,15.0,25.0,9.0,17.0,27.0,7.0,15.0,24.0,8.0,15.0,19.0,4.0,7.0,7.0,6.0,8.0,8.0,6.0,22.0,37.0,41.0,42.0,6.0,9.0
2007,6,1,4,148,36,3,3,15,1,15000000,60.2,45.5,25.0,26.0,7.0,26.0,34.0,12.0,29.0,37.0,26.0,49.0,39.0,29.0,50.0,49.0,49.0,7.0,2.0,2.0,8.0,6.0,6.0,28.0,196.0,14.0,28.0,133.0,84.0,77.0,7.0,15.0,20.0,8.0,16.0,25.0,8.0,17.0,27.0,6.0,15.0,24.0,8.0,14.0,19.0,5.0,7.0,7.0,6.0,8.0,8.0,1.0,15.0,17.0,25.0,45.0,2.0,8.0
2007,6,8,4,103,44,0,1,10,2,15000000,79.8,17.5,6.0,25.0,26.0,22.0,26.0,34.0,37.0,29.0,37.0,41.0,49.0,39.0,42.0,50.0,49.0,6.0,7.0,2.0,9.0,8.0,6.0,252.0,105.0,77.0,196.0,35.0,21.0,14.0,7.0,16.0,20.0,9.0,16.0,25.0,8.0,17.0,27.0,7.0,15.0,24.0,7.0,14.0,19.0,5.0,7.0,7.0,6.0,8.0,8.0,5.0,7.0,14.0,21.0,40.0,3.0,8.0
2007,6,15,4,87,35,2,1,11,1,27000000,102.2,31.5,1.0,6.0,25.0,15.0,22.0,26.0,17.0,37.0,29.0,25.0,41.0,49.0,45.0,42.0,50.0,2.0,6.0,7.0,8.0,9.0,8.0,84.0,287.0,154.0,637.0,203.0,56.0,7.0,7.0,16.0,20.0,9.0,17.0,25.0,9.0,17.0,27.0,8.0,16.0,25.0,7.0,15.0,19.0,5.0,7.0,7.0,6.0,8.0,8.0,11.0,16.0,17.0,22.0,34.0,5.0,6.0
2007,6,22,4,100,23,3,1,11,1,15000000,65.8,35.0,5.0,1.0,6.0,7.0,15.0,22.0,14.0,17.0,37.0,21.0,25.0,41.0,40.0,45.0,42.0,3.0,2.0,6.0,8.0,8.0,9.0,147.0,112.0,14.0,420.0,525.0,112.0,35.0,8.0,16.0,20.0,9.0,16.0,25.0,8.0,16.0,27.0,8.0,16.0,26.0,7.0,15.0,20.0,6.0,7.0,7.0,6.0,8.0,8.0,8.0,12.0,28.0,33.0,45.0,1.0,3.0
2007,6,29,4,126,37,3,3,4,0,26000000,134.4,35.0,11.0,5.0,1.0,16.0,7.0,15.0,17.0,14.0,17.0,22.0,21.0,25.0,34.0,40.0,45.0,5.0,3.0,2.0,6.0,8.0,8.0,133.0,49.0,1106.0,161.0,21.0,56.0,98.0,8.0,15.0,20.0,9.0,16.0,25.0,8.0,17.0,28.0,9.0,16.0,25.0,7.0,15.0,20.0,6.0,7.0,7.0,6.0,8.0,8.0,4.0,5.0,19.0,39.0,41.0,8.0,9.0
2007,7,6,4,108,37,1,2,17,1,39000000,63.0,28.0,8.0,11.0,5.0,12.0,16.0,7.0,28.0,17.0,14.0,33.0,22.0,21.0,45.0,34.0,40.0,1.0,5.0,3.0,3.0,6.0,8.0,112.0,413.0,98.0,49.0,84.0,868.0,35.0,9.0,15.0,20.0,9.0,16.0,26.0,8.0,17.0,27.0,8.0,15.0,25.0,7.0,14.0,20.0,7.0,8.0,8.0,5.0,8.0,8.0,9.0,13.0,15.0,31.0,48.0,3.0,6.0
2007,7,13,4,116,39,1,2,9,1,54000000,93.8,17.5,4.0,8.0,11.0,5.0,12.0,16.0,19.0,28.0,17.0,39.0,33.0,22.0,41.0,45.0,34.0,8.0,1.0,5.0,9.0,3.0,6.0,105.0,112.0,343.0,364.0,98.0,28.0,21.0,10.0,15.0,20.0,9.0,16.0,26.0,8.0,18.0,27.0,9.0,16.0,26.0,8.0,14.0,20.0,7.0,8.0,8.0,4.0,7.0,8.0,10.0,21.0,25.0,26.0,50.0,4.0,9.0
2007,7,20,4,132,40,3,2,13,1,15000000,92.4,70.0,9.0,4.0,8.0,13.0,5.0,12.0,15.0,19.0,28.0,31.0,39.0,33.0,48.0,41.0,45.0,3.0,8.0,1.0,6.0,9.0,3.0,273.0,252.0,98.0,308.0,56.0,126.0,14.0,10.0,16.0,20.0,10.0,17.0,26.0,8.0,17.0,27.0,9.0,17.0,26.0,8.0,13.0,19.0,8.0,8.0,8.0,4.0,7.0,8.0,1.0,4.0,21.0,29.0,41.0,7.0,8.0
2007,7,27,4,96,40,1,2,15,1,26000000,32.2,42.0,10.0,9.0,4.0,21.0,13.0,5.0,25.0,15.0,19.0,26.0,31.0,39.0,50.0,48.0,41.0,4.0,3.0,8.0,9.0,6.0,9.0,49.0,273.0,427.0,77.0,21.0,63.0,42.0,9.0,16.0,19.0,10.0,18.0,26.0,9.0,18.0,28.0,10.0,16.0,25.0,7.0,12.0,19.0,8.0,8.0,8.0,4.0,7.0,8.0,10.0,30.0,33.0,37.0,41.0,1.0,8.0
2007,8,17,4,98,40,3,2,15,1,15000000,98.0,17.5,23.0,10.0,1.0,40.0,30.0,4.0,42.0,33.0,21.0,43.0,37.0,29.0,49.0,41.0,41.0,2.0,1.0,7.0,6.0,8.0,8.0,161.0,161.0,231.0,126.0,77.0,21.0,14.0,9.0,15.0,19.0,10.0,19.0,26.0,10.0,18.0,28.0,10.0,16.0,24.0,8.0,11.0,19.0,7.0,8.0,8.0,4.0,7.0,8.0,1.0,3.0,16.0,42.0,48.0,2.0,3.0
2007,8,24,4,110,47,3,2,5,1,26000000,29.4,28.0,2.0,23.0,10.0,3.0,40.0,30.0,13.0,42.0,33.0,38.0,43.0,37.0,42.0,49.0,41.0,7.0,2.0,1.0,8.0,6.0,8.0,28.0,7.0,266.0,994.0,42.0,14.0,56.0,8.0,14.0,19.0,9.0,19.0,26.0,10.0,18.0,27.0,10.0,17.0,24.0,7.0,11.0,18.0,7.0,8.0,8.0,4.0,7.0,8.0,6.0,18.0,22.0,23.0,37.0,5.0,6.0
2007,8,31,4,106,31,3,1,11,1,39000000,67.2,45.5,1.0,2.0,23.0,3.0,3.0,40.0,16.0,13.0,42.0,42.0,38.0,43.0,48.0,42.0,49.0,2.0,7.0,2.0,3.0,8.0,6.0,91.0,126.0,329.0,637.0,980.0,70.0,21.0,8.0,14.0,19.0,9.0,19.0,25.0,10.0,19.0,27.0,10.0,18.0,25.0,7.0,12.0,19.0,7.0,8.0,8.0,4.0,7.0,8.0,2.0,3.0,33.0,34.0,42.0,3.0,5.0
2007,9,7,4,114,40,3,3,8,0,15000000,32.2,10.5,6.0,1.0,2.0,18.0,3.0,3.0,22.0,16.0,13.0,23.0,42.0,38.0,37.0,48.0,42.0,5.0,2.0,7.0,6.0,3.0,8.0,21.0,14.0,35.0,455.0,21.0,56.0,126.0,7.0,14.0,19.0,8.0,18.0,24.0,9.0,18.0,27.0,10.0,18.0,26.0,6.0,12.0,19.0,7.0,8.0,8.0,5.0,7.0,8.0,5.0,9.0,11.0,29.0,33.0,7.0,9.0
2007,9,14,4,87,28,0,2,16,0,15000000,54.6,42.0,2.0,6.0,1.0,3.0,18.0,3.0,33.0,22.0,16.0,34.0,23.0,42.0,42.0,37.0,48.0,3.0,5.0,2.0,5.0,6.0,3.0,91.0,259.0,833.0,49.0,371.0,28.0,56.0,7.0,14.0,19.0,8.0,19.0,24.0,9.0,19.0,27.0,9.0,17.0,25.0,7.0,12.0,19.0,6.0,8.0,8.0,5.0,7.0,8.0,1.0,17.0,32.0,35.0,37.0,1.0,8.0
2007,9,21,4,122,36,1,3,9,1,27000000,86.8,42.0,5.0,2.0,6.0,9.0,3.0,18.0,11.0,33.0,22.0,29.0,34.0,23.0,33.0,42.0,37.0,7.0,3.0,5.0,9.0,5.0,6.0,28.0,140.0,154.0,350.0,21.0,49.0,35.0,6.0,14.0,19.0,8.0,19.0,24.0,9.0,19.0,27.0,9.0,18.0,25.0,7.0,11.0,19.0,6.0,8.0,8.0,5.0,7.0,8.0,22.0,30.0,34.0,35.0,44.0,4.0,5.0
2007,10,5,4,137,33,2,3,7,1,15000000,74.2,24.5,22.0,1.0,5.0,30.0,17.0,9.0,34.0,32.0,11.0,35.0,35.0,29.0,44.0,37.0,33.0,4.0,1.0,7.0,5.0,8.0,9.0,105.0,175.0,161.0,7.0,7.0,42.0,7.0,8.0,14.0,20.0,7.0,18.0,23.0,9.0,20.0,27.0,8.0,18.0,25.0,7.0,11.0,19.0,6.0,8.0,8.0,5.0,7.0,8.0,21.0,32.0,36.0,46.0,47.0,3.0,4.0
2007,10,12,4,182,26,3,4,7,1,15000000,154.0,24.5,11.0,22.0,1.0,20.0,30.0,17.0,27.0,34.0,32.0,35.0,35.0,35.0,44.0,44.0,37.0,2.0,4.0,1.0,5.0,5.0,8.0,1113.0,574.0,658.0,427.0,308.0,35.0,266.0,8.0,15.0,21.0,8.0,19.0,24.0,10.0,21.0,27.0,8.0,19.0,26.0,7.0,12.0,19.0,6.0,8.0,8.0,6.0,7.0,8.0,7.0,18.0,34.0,35.0,40.0,7.0,8.0
2007,10,19,4,134,33,3,3,15,1,15000000,56.0,31.5,21.0,11.0,22.0,32.0,20.0,30.0,36.0,27.0,34.0,46.0,35.0,35.0,47.0,44.0,44.0,3.0,2.0,4.0,4.0,5.0,5.0,161.0,49.0,21.0,14.0,126.0,35.0,28.0,8.0,15.0,21.0,7.0,19.0,24.0,9.0,21.0,26.0,7.0,18.0,25.0,7.0,12.0,19.0,6.0,8.0,8.0,6.0,6.0,8.0,7.0,20.0,38.0,40.0,43.0,1.0,8.0
2007,10,26,4,148,36,3,3,9,1,27000000,36.4,21.0,7.0,21.0,11.0,18.0,32.0,20.0,34.0,36.0,27.0,35.0,46.0,35.0,40.0,47.0,44.0,7.0,3.0,2.0,8.0,4.0,5.0,7.0,21.0,623.0,217.0,217.0,35.0,7.0,8.0,15.0,21.0,7.0,19.0,24.0,9.0,21.0,27.0,7.0,19.0,25.0,8.0,13.0,19.0,6.0,8.0,8.0,6.0,6.0,8.0,3.0,16.0,18.0,19.0,40.0,1.0,2.0
2007,11,2,4,96,37,3,1,3,1,40000000,53.2,17.5,7.0,7.0,21.0,20.0,18.0,32.0,38.0,34.0,36.0,40.0,35.0,46.0,43.0,40.0,47.0,1.0,7.0,3.0,8.0,8.0,4.0,245.0,133.0,252.0,294.0,14.0,7.0,189.0,9.0,16.0,20.0,8.0,19.0,24.0,9.0,21.0,27.0,7.0,20.0,25.0,7.0,13.0,19.0,6.0,8.0,8.0,6.0,7.0,8.0,5.0,14.0,22.0,25.0,36.0,5.0,6.0
2007,11,9,4,102,31,3,1,11,1,15000000,77.0,52.5,3.0,7.0,7.0,16.0,20.0,18.0,18.0,38.0,34.0,19.0,40.0,35.0,40.0,43.0,40.0,1.0,1.0,7.0,2.0,8.0,8.0,56.0,238.0,70.0,154.0,280.0,70.0,70.0,8.0,15.0,20.0,9.0,19.0,24.0,9.0,21.0,27.0,7.0,20.0,25.0,8.0,14.0,19.0,6.0,8.0,8.0,6.0,7.0,8.0,9.0,18.0,23.0,33.0,37.0,1.0,8.0
2007,11,16,4,120,28,1,2,9,1,15000000,54.6,17.5,5.0,3.0,7.0,14.0,16.0,20.0,22.0,18.0,38.0,25.0,19.0,40.0,36.0,40.0,43.0,5.0,1.0,1.0,6.0,2.0,8.0,126.0,28.0,294.0,140.0,56.0,14.0,21.0,8.0,14.0,20.0,8.0,18.0,23.0,9.0,21.0,27.0,7.0,19.0,25.0,7.0,14.0,19.0,6.0,8.0,8.0,6.0,7.0,8.0,2.0,10.0,22.0,29.0,48.0,3.0,9.0
2007,11,23,4,111,46,4,2,12,0,27000000,72.8,56.0,9.0,5.0,3.0,18.0,14.0,16.0,23.0,22.0,18.0,33.0,25.0,19.0,37.0,36.0,40.0,1.0,5.0,1.0,8.0,6.0,2.0,77.0,434.0,14.0,70.0,91.0,42.0,70.0,9.0,14.0,19.0,8.0,18.0,24.0,8.0,20.0,27.0,7.0,18.0,25.0,7.0,14.0,19.0,6.0,7.0,8.0,6.0,7.0,8.0,12.0,19.0,20.0,30.0,38.0,7.0,9.0
2007,11,30,4,119,26,4,2,16,0,15000000,63.0,24.5,2.0,9.0,5.0,10.0,18.0,14.0,22.0,23.0,22.0,29.0,33.0,25.0,48.0,37.0,36.0,3.0,1.0,5.0,9.0,8.0,6.0,378.0,287.0,287.0,301.0,308.0,42.0,7.0,9.0,15.0,20.0,8.0,18.0,24.0,8.0,21.0,27.0,8.0,19.0,25.0,8.0,15.0,19.0,6.0,7.0,8.0,6.0,7.0,8.0,2.0,4.0,32.0,43.0,48.0,1.0,7.0
2007,12,7,4,129,46,4,3,8,0,27000000,51.8,14.0,12.0,2.0,9.0,19.0,10.0,18.0,20.0,22.0,23.0,30.0,29.0,33.0,38.0,48.0,37.0,7.0,3.0,1.0,9.0,9.0,8.0,14.0,133.0,77.0,119.0,14.0,21.0,231.0,8.0,15.0,20.0,8.0,17.0,24.0,9.0,20.0,27.0,9.0,18.0,25.0,8.0,15.0,19.0,5.0,7.0,8.0,7.0,8.0,8.0,8.0,25.0,30.0,36.0,44.0,3.0,4.0
2007,12,14,4,143,36,4,3,7,1,15000000,64.4,42.0,2.0,12.0,2.0,4.0,19.0,10.0,32.0,20.0,22.0,43.0,30.0,29.0,48.0,38.0,48.0,1.0,7.0,3.0,7.0,9.0,9.0,168.0,427.0,308.0,231.0,70.0,21.0,63.0,8.0,15.0,20.0,9.0,18.0,25.0,9.0,20.0,27.0,10.0,18.0,24.0,8.0,14.0,18.0,4.0,7.0,8.0,6.0,8.0,8.0,7.0,9.0,28.0,37.0,44.0,6.0,7.0
2007,12,21,4,125,37,2,3,13,1,27000000,61.6,28.0,8.0,2.0,12.0,25.0,4.0,19.0,30.0,32.0,20.0,36.0,43.0,30.0,44.0,48.0,38.0,3.0,1.0,7.0,4.0,7.0,9.0,56.0,98.0,175.0,140.0,7.0,203.0,14.0,7.0,15.0,19.0,9.0,17.0,25.0,9.0,20.0,27.0,10.0,18.0,24.0,7.0,13.0,18.0,5.0,8.0,8.0,6.0,8.0,8.0,20.0,21.0,22.0,31.0,45.0,7.0,9.0
2007,12,28,4,139,25,2,2,16,0,15000000,98.0,17.5,7.0,8.0,2.0,9.0,25.0,4.0,28.0,30.0,32.0,37.0,36.0,43.0,44.0,44.0,48.0,6.0,3.0,1.0,7.0,4.0,7.0,1043.0,161.0,35.0,168.0,182.0,28.0,28.0,8.0,15.0,20.0,10.0,16.0,24.0,8.0,19.0,27.0,10.0,17.0,24.0,8.0,14.0,17.0,5.0,7.0,8.0,6.0,8.0,8.0,10.0,12.0,24.0,25.0,41.0,3.0,5.0
2008,1,4,4,112,31,3,1,8,0,26000000,135.8,38.5,20.0,7.0,8.0,21.0,9.0,25.0,22.0,28.0,30.0,31.0,37.0,36.0,45.0,44.0,44.0,7.0,6.0,3.0,9.0,7.0,4.0,154.0,189.0,427.0,56.0,154.0,21.0,91.0,9.0,15.0,20.0,10.0,16.0,24.0,8.0,19.0,28.0,9.0,17.0,24.0,8.0,14.0,17.0,5.0,7.0,8.0,7.0,8.0,8.0,8.0,24.0,36.0,49.0,50.0,4.0,8.0
2008,1,11,4,167,42,4,3,12,2,39000000,78.4,42.0,10.0,20.0,7.0,12.0,21.0,9.0,24.0,22.0,28.0,25.0,31.0,37.0,41.0,45.0,44.0,3.0,7.0,6.0,5.0,9.0,7.0,28.0,875.0,91.0,231.0,175.0,105.0,56.0,8.0,15.0,20.0,10.0,17.0,25.0,8.0,18.0,28.0,9.0,17.0,24.0,8.0,14.0,17.0,6.0,7.0,8.0,6.0,8.0,8.0,14.0,16.0,23.0,40.0,46.0,4.0,8.0
2008,1,18,4,139,32,4,2,12,2,55000000,77.0,7.0,8.0,10.0,20.0,24.0,12.0,21.0,36.0,24.0,22.0,49.0,25.0,31.0,50.0,41.0,45.0,4.0,3.0,7.0,8.0,5.0,9.0,343.0,77.0,63.0,84.0,294.0,7.0,7.0,8.0,16.0,20.0,10.0,17.0,25.0,8.0,17.0,28.0,10.0,17.0,24.0,8.0,15.0,17.0,5.0,7.0,8.0,5.0,8.0,8.0,2.0,6.0,9.0,19.0,45.0,7.0,8.0
2008,1,25,4,81,43,2,1,15,1,73000000,63.0,17.5,14.0,8.0,10.0,16.0,24.0,12.0,23.0,36.0,24.0,40.0,49.0,25.0,46.0,50.0,41.0,4.0,4.0,3.0,8.0,8.0,5.0,49.0,714.0,553.0,84.0,28.0,28.0,7.0,7.0,16.0,20.0,10.0,18.0,26.0,9.0,18.0,29.0,10.0,17.0,24.0,7.0,15.0,17.0,5.0,7.0,8.0,5.0,8.0,8.0,22.0,30.0,45.0,47.0,49.0,4.0,9.0
2008,2,8,4,157,27,4,4,5,1,130000000,63.0,35.0,22.0,2.0,14.0,30.0,6.0,16.0,45.0,9.0,23.0,47.0,19.0,40.0,49.0,45.0,46.0,4.0,7.0,4.0,9.0,8.0,8.0,399.0,532.0,56.0,175.0,49.0,63.0,56.0,8.0,16.0,21.0,10.0,18.0,27.0,9.0,17.0,30.0,10.0,18.0,24.0,7.0,15.0,16.0,5.0,7.0,8.0,5.0,8.0,8.0,12.0,27.0,29.0,45.0,46.0,4.0,7.0
2008,2,15,4,159,34,2,4,11,1,15000000,60.2,14.0,17.0,22.0,2.0,28.0,30.0,6.0,30.0,45.0,9.0,38.0,47.0,19.0,44.0,49.0,45.0,1.0,4.0,7.0,4.0,9.0,8.0,77.0,1085.0,266.0,336.0,28.0,14.0,56.0,9.0,16.0,21.0,10.0,19.0,28.0,9.0,17.0,30.0,10.0,18.0,24.0,6.0,15.0,16.0,5.0,7.0,8.0,5.0,7.0,8.0,4.0,27.0,32.0,46.0,50.0,8.0,9.0
2008,2,22,4,159,46,4,4,17,1,28000000,42.0,24.5,12.0,17.0,22.0,27.0,28.0,30.0,29.0,30.0,45.0,45.0,38.0,47.0,46.0,44.0,49.0,4.0,1.0,4.0,7.0,4.0,9.0,231.0,7.0,77.0,133.0,42.0,231.0,21.0,10.0,16.0,21.0,9.0,19.0,28.0,10.0,17.0,30.0,10.0,17.0,24.0,6.0,15.0,16.0,6.0,8.0,8.0,5.0,7.0,8.0,12.0,37.0,40.0,47.0,49.0,2.0,9.0
2008,2,29,4,185,37,2,4,11,1,15000000,36.4,63.0,4.0,12.0,17.0,27.0,27.0,28.0,32.0,29.0,30.0,46.0,45.0,38.0,50.0,46.0,44.0,8.0,4.0,1.0,9.0,7.0,4.0,14.0,560.0,553.0,28.0,28.0,147.0,7.0,9.0,16.0,21.0,9.0,19.0,29.0,10.0,17.0,30.0,9.0,16.0,24.0,6.0,14.0,16.0,6.0,8.0,8.0,5.0,7.0,8.0,2.0,7.0,14.0,17.0,35.0,1.0,6.0
2008,3,7,4,75,33,2,1,7,1,15000000,67.2,52.5,12.0,4.0,12.0,37.0,27.0,27.0,40.0,32.0,29.0,47.0,46.0,45.0,49.0,50.0,46.0,2.0,8.0,4.0,9.0,9.0,7.0,42.0,266.0,266.0,1008.0,434.0,28.0,119.0,8.0,16.0,21.0,9.0,20.0,29.0,10.0,17.0,30.0,9.0,17.0,25.0,7.0,14.0,17.0,6.0,8.0,8.0,6.0,7.0,8.0,13.0,21.0,25.0,35.0,48.0,4.0,8.0
2008,3,21,4,88,34,5,1,10,2,15000000,67.2,10.5,13.0,2.0,12.0,21.0,7.0,37.0,25.0,14.0,40.0,35.0,17.0,47.0,48.0,35.0,49.0,4.0,1.0,2.0,8.0,6.0,9.0,14.0,119.0,140.0,273.0,133.0,7.0,14.0,7.0,16.0,21.0,9.0,19.0,28.0,10.0,18.0,30.0,9.0,18.0,25.0,8.0,14.0,17.0,5.0,8.0,8.0,5.0,7.0,8.0,5.0,9.0,17.0,29.0,39.0,3.0,6.0
2008,3,28,4,99,34,0,2,9,1,15000000,106.4,45.5,2.0,13.0,2.0,10.0,21.0,7.0,18.0,25.0,14.0,22.0,35.0,17.0,36.0,48.0,35.0,4.0,4.0,1.0,6.0,8.0,6.0,140.0,98.0,280.0,126.0,658.0,84.0,7.0,7.0,15.0,21.0,9.0,19.0,28.0,10.0,18.0,30.0,9.0,18.0,25.0,9.0,15.0,18.0,6.0,8.0,8.0,5.0,7.0,8.0,11.0,13.0,18.0,37.0,47.0,1.0,6.0
2008,4,4,4,126,36,1,2,7,1,27000000,57.4,17.5,5.0,2.0,13.0,9.0,10.0,21.0,17.0,18.0,25.0,29.0,22.0,35.0,39.0,36.0,48.0,3.0,4.0,4.0,6.0,6.0,8.0,182.0,266.0,14.0,105.0,175.0,28.0,7.0,8.0,15.0,21.0,9.0,19.0,28.0,9.0,18.0,30.0,9.0,18.0,25.0,9.0,15.0,18.0,5.0,8.0,8.0,5.0,7.0,8.0,6.0,25.0,30.0,45.0,50.0,5.0,7.0
2008,4,11,4,156,44,3,3,12,0,42000000,54.6,77.0,11.0,5.0,2.0,13.0,9.0,10.0,18.0,17.0,18.0,37.0,29.0,22.0,47.0,39.0,36.0,1.0,3.0,4.0,6.0,6.0,6.0,224.0,119.0,63.0,56.0,49.0,154.0,56.0,8.0,16.0,21.0,9.0,19.0,28.0,8.0,17.0,30.0,9.0,18.0,25.0,9.0,15.0,18.0,6.0,8.0,8.0,5.0,7.0,8.0,3.0,6.0,7.0,27.0,50.0,5.0,9.0
2008,4,25,4,106,26,3,3,11,1,15000000,91.0,35.0,3.0,6.0,11.0,6.0,25.0,13.0,7.0,30.0,18.0,27.0,45.0,37.0,50.0,50.0,47.0,5.0,5.0,1.0,9.0,7.0,6.0,63.0,147.0,350.0,7.0,875.0,28.0,42.0,8.0,16.0,21.0,10.0,18.0,28.0,9.0,18.0,30.0,9.0,19.0,26.0,8.0,14.0,19.0,6.0,8.0,8.0,4.0,6.0,8.0,2.0,26.0,37.0,45.0,48.0,4.0,8.0
2008,5,2,4,158,46,3,4,12,2,27000000,29.4,24.5,4.0,3.0,6.0,19.0,6.0,25.0,26.0,7.0,30.0,27.0,27.0,45.0,30.0,50.0,50.0,3.0,5.0,5.0,8.0,9.0,7.0,42.0,343.0,336.0,21.0,49.0,42.0,7.0,8.0,16.0,20.0,10.0,18.0,27.0,9.0,19.0,30.0,8.0,19.0,26.0,8.0,14.0,19.0,5.0,8.0,8.0,4.0,6.0,8.0,8.0,9.0,40.0,42.0,45.0,6.0,7.0
2008,5,9,4,144,37,3,3,13,1,40000000,96.6,31.5,2.0,4.0,3.0,26.0,19.0,6.0,37.0,26.0,7.0,45.0,27.0,27.0,48.0,30.0,50.0,4.0,3.0,5.0,8.0,8.0,9.0,119.0,42.0,70.0,259.0,105.0,140.0,28.0,8.0,15.0,19.0,9.0,17.0,27.0,9.0,19.0,30.0,8.0,19.0,26.0,8.0,13.0,19.0,5.0,8.0,8.0,4.0,6.0,8.0,6.0,9.0,15.0,25.0,38.0,4.0,9.0
2008,5,16,4,93,32,2,1,13,1,55000000,95.2,21.0,8.0,2.0,4.0,9.0,26.0,19.0,40.0,37.0,26.0,42.0,45.0,27.0,45.0,48.0,30.0,6.0,4.0,3.0,7.0,8.0,8.0,35.0,7.0,308.0,133.0,168.0,14.0,28.0,8.0,15.0,19.0,8.0,17.0,26.0,9.0,20.0,30.0,8.0,19.0,25.0,8.0,13.0,19.0,5.0,8.0,8.0,4.0,6.0,8.0,5.0,9.0,19.0,21.0,38.0,1.0,7.0
2008,5,23,4,92,33,1,1,8,0,15000000,33.6,31.5,6.0,8.0,2.0,9.0,9.0,26.0,15.0,40.0,37.0,25.0,42.0,45.0,38.0,45.0,48.0,4.0,6.0,4.0,9.0,7.0,8.0,56.0,7.0,322.0,343.0,7.0,49.0,14.0,7.0,15.0,19.0,7.0,17.0,25.0,9.0,20.0,30.0,8.0,19.0,25.0,8.0,13.0,19.0,5.0,8.0,8.0,4.0,6.0,8.0,5.0,7.0,14.0,20.0,49.0,2.0,8.0
2008,5,30,4,95,44,2,1,10,2,15000000,75.6,59.5,5.0,6.0,8.0,9.0,9.0,9.0,19.0,15.0,40.0,21.0,25.0,42.0,38.0,38.0,45.0,1.0,4.0,6.0,7.0,9.0,7.0,7.0,84.0,84.0,462.0,91.0,91.0,28.0,7.0,15.0,19.0,7.0,16.0,25.0,10.0,20.0,30.0,8.0,19.0,26.0,8.0,13.0,19.0,6.0,8.0,8.0,4.0,6.0,8.0,7.0,19.0,21.0,40.0,50.0,2.0,9.0
2008,6,6,4,137,43,2,2,11,1,15000000,22.4,14.0,5.0,5.0,6.0,7.0,9.0,9.0,14.0,19.0,15.0,20.0,21.0,25.0,49.0,38.0,38.0,2.0,1.0,4.0,8.0,7.0,9.0,168.0,42.0,315.0,140.0,49.0,7.0,21.0,8.0,15.0,19.0,7.0,16.0,25.0,10.0,21.0,30.0,8.0,18.0,26.0,7.0,13.0,18.0,6.0,8.0,8.0,4.0,6.0,8.0,13.0,16.0,37.0,44.0,50.0,1.0,9.0
2008,6,13,4,160,37,3,3,10,0,28000000,78.4,14.0,7.0,5.0,5.0,19.0,7.0,9.0,21.0,14.0,19.0,40.0,20.0,21.0,50.0,49.0,38.0,2.0,2.0,1.0,9.0,8.0,7.0,91.0,147.0,42.0,588.0,7.0,21.0,7.0,8.0,15.0,19.0,7.0,16.0,25.0,9.0,20.0,30.0,8.0,19.0,27.0,6.0,13.0,18.0,6.0,8.0,8.0,3.0,6.0,8.0,8.0,11.0,36.0,37.0,45.0,3.0,5.0
2008,6,20,4,137,37,2,3,8,0,43000000,51.8,59.5,13.0,7.0,5.0,16.0,19.0,7.0,37.0,21.0,14.0,44.0,40.0,20.0,50.0,50.0,49.0,1.0,2.0,2.0,9.0,9.0,8.0,42.0,525.0,161.0,77.0,42.0,56.0,168.0,8.0,14.0,19.0,7.0,17.0,25.0,9.0,19.0,30.0,9.0,18.0,26.0,6.0,13.0,18.0,6.0,8.0,8.0,4.0,6.0,8.0,5.0,20.0,26.0,44.0,50.0,5.0,7.0
2008,6,27,4,145,45,4,3,12,0,59000000,28.0,21.0,8.0,13.0,7.0,11.0,16.0,19.0,36.0,37.0,21.0,37.0,44.0,40.0,45.0,50.0,50.0,3.0,1.0,2.0,5.0,9.0,9.0,28.0,245.0,63.0,14.0,14.0,70.0,35.0,7.0,13.0,19.0,7.0,17.0,25.0,8.0,18.0,30.0,9.0,18.0,26.0,6.0,12.0,18.0,6.0,8.0,8.0,4.0,6.0,8.0,7.0,19.0,22.0,27.0,48.0,5.0,7.0
2008,7,4,4,123,41,2,2,12,0,15000000,58.8,7.0,5.0,8.0,13.0,20.0,11.0,16.0,26.0,36.0,37.0,44.0,37.0,44.0,50.0,45.0,50.0,5.0,3.0,1.0,7.0,5.0,9.0,28.0,28.0,189.0,70.0,63.0,7.0,7.0,6.0,13.0,19.0,7.0,16.0,25.0,9.0,19.0,30.0,9.0,17.0,25.0,5.0,12.0,18.0,6.0,8.0,8.0,4.0,6.0,8.0,9.0,11.0,13.0,19.0,37.0,3.0,4.0
2008,7,11,4,89,28,0,1,7,1,15000000,25.2,38.5,7.0,5.0,8.0,19.0,20.0,11.0,22.0,26.0,36.0,27.0,44.0,37.0,48.0,50.0,45.0,5.0,5.0,3.0,7.0,7.0,5.0,238.0,21.0,329.0,168.0,238.0,21.0,154.0,6.0,13.0,19.0,6.0,16.0,25.0,10.0,19.0,30.0,9.0,17.0,25.0,6.0,13.0,18.0,6.0,8.0,8.0,5.0,6.0,8.0,10.0,14.0,16.0,29.0,44.0,5.0,6.0
2008,7,18,4,113,34,4,2,11,1,15000000,67.2,42.0,9.0,7.0,5.0,11.0,19.0,20.0,13.0,22.0,26.0,19.0,27.0,44.0,37.0,48.0,50.0,3.0,5.0,5.0,4.0,7.0,7.0,196.0,252.0,329.0,112.0,161.0,14.0,105.0,7.0,14.0,19.0,7.0,17.0,25.0,10.0,19.0,30.0,9.0,17.0,25.0,7.0,13.0,18.0,5.0,7.0,8.0,6.0,6.0,8.0,7.0,11.0,15.0,24.0,29.0,2.0,7.0
2008,7,25,4,86,22,1,1,9,1,15000000,61.6,35.0,10.0,9.0,7.0,14.0,11.0,19.0,16.0,13.0,22.0,29.0,19.0,27.0,44.0,37.0,48.0,5.0,3.0,5.0,6.0,4.0,7.0,21.0,14.0,70.0,1190.0,1288.0,49.0,21.0,6.0,13.0,18.0,7.0,16.0,24.0,10.0,18.0,29.0,9.0,18.0,26.0,8.0,14.0,19.0,4.0,7.0,8.0,6.0,6.0,8.0,1.0,22.0,25.0,40.0,50.0,1.0,8.0
2008,8,1,4,138,49,3,2,9,1,26000000,102.2,56.0,7.0,10.0,9.0,11.0,14.0,11.0,15.0,16.0,13.0,24.0,29.0,19.0,29.0,44.0,37.0,2.0,5.0,3.0,7.0,6.0,4.0,315.0,427.0,140.0,56.0,35.0,49.0,63.0,7.0,13.0,18.0,7.0,16.0,25.0,10.0,18.0,29.0,8.0,17.0,26.0,7.0,14.0,19.0,4.0,7.0,8.0,6.0,6.0,8.0,4.0,5.0,15.0,16.0,45.0,4.0,7.0
2008,8,8,4,85,41,2,1,11,1,39000000,46.2,21.0,1.0,7.0,10.0,22.0,11.0,14.0,25.0,15.0,16.0,40.0,24.0,29.0,50.0,29.0,44.0,1.0,2.0,5.0,8.0,7.0,6.0,105.0,399.0,14.0,826.0,49.0,84.0,14.0,8.0,13.0,18.0,7.0,17.0,26.0,9.0,17.0,29.0,8.0,18.0,27.0,6.0,13.0,19.0,5.0,7.0,8.0,6.0,6.0,7.0,11.0,17.0,18.0,26.0,31.0,5.0,6.0
2008,8,22,4,152,43,1,4,12,0,69000000,54.6,10.5,11.0,4.0,1.0,17.0,5.0,22.0,18.0,15.0,25.0,26.0,16.0,40.0,31.0,45.0,50.0,5.0,4.0,1.0,6.0,7.0,8.0,28.0,182.0,189.0,413.0,21.0,7.0,14.0,8.0,12.0,18.0,8.0,17.0,25.0,9.0,17.0,28.0,10.0,18.0,27.0,7.0,14.0,19.0,5.0,6.0,8.0,5.0,6.0,7.0,2.0,20.0,25.0,37.0,39.0,5.0,8.0
2008,8,29,4,123,37,2,2,13,1,88000000,53.2,17.5,7.0,11.0,4.0,27.0,17.0,5.0,29.0,18.0,15.0,39.0,26.0,16.0,50.0,31.0,45.0,5.0,5.0,4.0,7.0,6.0,7.0,119.0,63.0,28.0,70.0,154.0,7.0,28.0,8.0,12.0,18.0,8.0,17.0,25.0,8.0,17.0,27.0,10.0,17.0,27.0,8.0,13.0,18.0,5.0,6.0,8.0,4.0,6.0,7.0,7.0,12.0,16.0,17.0,39.0,3.0,8.0
2008,9,5,4,91,32,2,1,11,1,114000000,51.8,31.5,2.0,7.0,11.0,20.0,27.0,17.0,25.0,29.0,18.0,37.0,39.0,26.0,39.0,50.0,31.0,5.0,5.0,5.0,8.0,7.0,6.0,14.0,245.0,49.0,182.0,7.0,56.0,7.0,7.0,12.0,18.0,9.0,17.0,25.0,7.0,17.0,27.0,10.0,17.0,27.0,8.0,13.0,18.0,5.0,6.0,8.0,4.0,6.0,7.0,19.0,23.0,33.0,37.0,50.0,3.0,7.0
2008,9,19,4,100,17,3,1,15,1,15000000,28.0,66.5,19.0,7.0,2.0,23.0,12.0,20.0,33.0,16.0,25.0,37.0,17.0,37.0,50.0,39.0,39.0,3.0,3.0,5.0,7.0,8.0,8.0,245.0,98.0,119.0,112.0,35.0,133.0,98.0,8.0,14.0,19.0,10.0,17.0,26.0,7.0,17.0,27.0,9.0,16.0,27.0,6.0,12.0,18.0,6.0,6.0,8.0,4.0,6.0,7.0,14.0,29.0,31.0,33.0,37.0,1.0,2.0
2008,9,26,4,144,23,1,4,3,1,130000000,15.4,59.5,14.0,19.0,7.0,16.0,23.0,12.0,19.0,33.0,16.0,20.0,37.0,17.0,31.0,50.0,39.0,6.0,3.0,3.0,9.0,7.0,8.0,7.0,735.0,560.0,315.0,77.0,56.0,329.0,7.0,14.0,18.0,10.0,17.0,26.0,8.0,18.0,28.0,9.0,17.0,27.0,6.0,11.0,18.0,6.0,6.0,8.0,5.0,7.0,7.0,4.0,13.0,19.0,23.0,38.0,2.0,3.0
2008,10,3,4,97,34,2,1,5,1,15000000,61.6,14.0,14.0,14.0,19.0,29.0,16.0,23.0,31.0,19.0,33.0,33.0,20.0,37.0,37.0,31.0,50.0,1.0,6.0,3.0,2.0,9.0,7.0,56.0,182.0,14.0,399.0,133.0,70.0,406.0,7.0,14.0,18.0,10.0,17.0,26.0,8.0,17.0,27.0,9.0,18.0,28.0,6.0,11.0,18.0,6.0,6.0,8.0,6.0,8.0,8.0,4.0,15.0,22.0,31.0,41.0,1.0,6.0
2008,10,10,4,113,37,2,2,7,1,29000000,86.8,17.5,4.0,14.0,14.0,13.0,29.0,16.0,19.0,31.0,19.0,23.0,33.0,20.0,38.0,37.0,31.0,2.0,1.0,6.0,3.0,2.0,9.0,7.0,490.0,98.0,287.0,280.0,14.0,56.0,6.0,13.0,18.0,10.0,17.0,27.0,9.0,16.0,26.0,9.0,19.0,28.0,7.0,12.0,17.0,6.0,6.0,8.0,6.0,8.0,8.0,3.0,10.0,12.0,42.0,50.0,1.0,5.0
2008,10,17,4,117,47,4,2,6,0,15000000,102.2,28.0,4.0,4.0,14.0,15.0,13.0,29.0,22.0,19.0,31.0,31.0,23.0,33.0,41.0,38.0,37.0,1.0,2.0,1.0,6.0,3.0,2.0,182.0,210.0,770.0,161.0,35.0,7.0,119.0,7.0,14.0,18.0,10.0,18.0,27.0,9.0,17.0,27.0,9.0,19.0,28.0,6.0,11.0,16.0,5.0,6.0,8.0,7.0,8.0,8.0,7.0,15.0,16.0,17.0,45.0,6.0,9.0
2008,10,24,4,100,38,1,1,15,1,28000000,44.8,24.5,3.0,4.0,4.0,10.0,15.0,13.0,12.0,22.0,19.0,42.0,31.0,23.0,50.0,41.0,38.0,1.0,1.0,2.0,5.0,6.0,3.0,49.0,14.0,49.0,49.0,77.0,35.0,35.0,6.0,14.0,18.0,9.0,17.0,27.0,8.0,17.0,27.0,8.0,18.0,28.0,7.0,11.0,16.0,5.0,6.0,8.0,7.0,8.0,8.0,3.0,18.0,25.0,34.0,41.0,2.0,5.0
2008,10,31,4,121,38,2,2,7,1,42000000,110.6,21.0,7.0,3.0,4.0,15.0,10.0,15.0,16.0,12.0,22.0,17.0,42.0,31.0,45.0,50.0,41.0,6.0,1.0,1.0,9.0,5.0,6.0,14.0,350.0,63.0,420.0,21.0,28.0,14.0,6.0,14.0,18.0,9.0,18.0,27.0,7.0,16.0,27.0,8.0,19.0,29.0,7.0,11.0,16.0,5.0,6.0,8.0,7.0,8.0,8.0,1.0,9.0,12.0,17.0,18.0,3.0,4.0
2008,11,14,4,79,18,4,1,7,1,15000000,95.2,7.0,1.0,3.0,7.0,9.0,18.0,15.0,12.0,25.0,16.0,17.0,34.0,17.0,18.0,41.0,45.0,3.0,2.0,6.0,4.0,5.0,9.0,147.0,28.0,168.0,175.0,1043.0,7.0,7.0,7.0,13.0,18.0,8.0,18.0,27.0,8.0,16.0,26.0,9.0,18.0,28.0,8.0,13.0,18.0,4.0,6.0,8.0,7.0,8.0,8.0,9.0,14.0,21.0,49.0,50.0,3.0,8.0
2008,11,21,4,143,41,2,2,11,1,15000000,47.6,42.0,8.0,1.0,3.0,10.0,9.0,18.0,14.0,12.0,25.0,21.0,17.0,34.0,26.0,18.0,41.0,3.0,3.0,2.0,4.0,4.0,5.0,133.0,126.0,168.0,315.0,35.0,7.0,77.0,7.0,13.0,18.0,8.0,17.0,26.0,8.0,16.0,26.0,9.0,19.0,27.0,8.0,12.0,18.0,4.0,6.0,8.0,7.0,8.0,8.0,8.0,11.0,16.0,25.0,41.0,2.0,4.0
2008,11,28,4,101,33,2,1,6,2,27000000,42.0,21.0,9.0,8.0,1.0,14.0,10.0,9.0,21.0,14.0,12.0,49.0,21.0,17.0,50.0,26.0,18.0,3.0,3.0,3.0,8.0,4.0,4.0,14.0,126.0,35.0,196.0,28.0,28.0,14.0,7.0,13.0,18.0,8.0,17.0,26.0,8.0,16.0,26.0,9.0,20.0,26.0,7.0,12.0,18.0,4.0,6.0,8.0,7.0,8.0,8.0,4.0,8.0,21.0,35.0,45.0,5.0,8.0
2008,12,5,4,113,41,2,2,13,1,15000000,77.0,24.5,8.0,9.0,8.0,11.0,14.0,10.0,16.0,21.0,14.0,25.0,49.0,21.0,41.0,50.0,26.0,2.0,3.0,3.0,4.0,8.0,4.0,56.0,735.0,14.0,266.0,42.0,98.0,14.0,6.0,12.0,18.0,8.0,18.0,27.0,7.0,15.0,25.0,9.0,21.0,26.0,6.0,12.0,18.0,5.0,6.0,8.0,6.0,8.0,8.0,2.0,19.0,28.0,42.0,49.0,2.0,7.0
2008,12,12,4,140,47,3,3,9,1,15000000,112.0,52.5,4.0,8.0,9.0,8.0,11.0,14.0,21.0,16.0,21.0,35.0,25.0,49.0,45.0,41.0,50.0,5.0,2.0,3.0,8.0,4.0,8.0,105.0,161.0,357.0,56.0,196.0,14.0,91.0,7.0,12.0,17.0,8.0,18.0,27.0,7.0,15.0,26.0,8.0,21.0,26.0,6.0,13.0,18.0,5.0,6.0,8.0,6.0,8.0,8.0,28.0,29.0,40.0,46.0,50.0,5.0,7.0
2009,1,9,4,120,41,3,2,5,1,53000000,54.6,24.5,29.0,1.0,28.0,30.0,2.0,29.0,36.0,26.0,40.0,37.0,44.0,46.0,48.0,50.0,50.0,1.0,1.0,5.0,6.0,7.0,7.0,77.0,77.0,91.0,1330.0,7.0,7.0,42.0,8.0,12.0,19.0,10.0,20.0,27.0,9.0,16.0,23.0,10.0,20.0,27.0,7.0,12.0,18.0,4.0,6.0,7.0,4.0,8.0,8.0,3.0,17.0,22.0,49.0,50.0,3.0,6.0
2009,1,16,4,141,47,2,2,9,1,15000000,42.0,35.0,7.0,29.0,1.0,15.0,30.0,2.0,22.0,36.0,26.0,28.0,37.0,44.0,48.0,48.0,50.0,1.0,1.0,1.0,4.0,6.0,7.0,77.0,154.0,7.0,56.0,21.0,56.0,14.0,9.0,12.0,18.0,10.0,20.0,27.0,8.0,16.0,22.0,9.0,19.0,27.0,6.0,11.0,18.0,4.0,6.0,7.0,4.0,8.0,8.0,32.0,33.0,36.0,40.0,49.0,2.0,8.0
2009,1,30,4,148,42,3,4,13,1,28000000,54.6,24.5,32.0,3.0,7.0,33.0,17.0,15.0,36.0,22.0,22.0,40.0,49.0,28.0,49.0,50.0,48.0,2.0,3.0,1.0,8.0,6.0,4.0,56.0,42.0,469.0,56.0,350.0,42.0,7.0,9.0,13.0,18.0,9.0,19.0,27.0,8.0,16.0,23.0,9.0,18.0,26.0,6.0,12.0,18.0,4.0,5.0,7.0,4.0,8.0,8.0,10.0,20.0,30.0,36.0,40.0,3.0,5.0
2009,2,6,4,136,30,5,3,8,0,15000000,57.4,14.0,4.0,32.0,3.0,29.0,33.0,17.0,34.0,36.0,22.0,35.0,40.0,49.0,46.0,49.0,50.0,5.0,2.0,3.0,8.0,8.0,6.0,203.0,161.0,301.0,420.0,462.0,21.0,98.0,9.0,13.0,18.0,9.0,19.0,27.0,8.0,16.0,22.0,9.0,18.0,27.0,6.0,13.0,19.0,4.0,5.0,6.0,5.0,8.0,8.0,22.0,33.0,36.0,40.0,42.0,1.0,2.0
2009,2,13,4,173,20,4,4,3,1,15000000,25.2,28.0,10.0,4.0,32.0,20.0,29.0,33.0,30.0,34.0,36.0,36.0,35.0,40.0,40.0,46.0,49.0,3.0,5.0,2.0,5.0,8.0,8.0,378.0,21.0,21.0,21.0,525.0,35.0,140.0,10.0,14.0,18.0,8.0,18.0,26.0,7.0,15.0,22.0,9.0,17.0,26.0,6.0,14.0,20.0,4.0,5.0,6.0,6.0,8.0,8.0,9.0,12.0,13.0,14.0,48.0,1.0,2.0
2009,2,20,4,96,39,3,1,3,1,28000000,93.8,7.0,22.0,10.0,4.0,33.0,20.0,29.0,36.0,30.0,34.0,40.0,36.0,35.0,42.0,40.0,46.0,1.0,3.0,5.0,2.0,5.0,8.0,91.0,168.0,224.0,784.0,42.0,7.0,7.0,10.0,14.0,18.0,8.0,18.0,26.0,7.0,16.0,22.0,9.0,18.0,27.0,6.0,14.0,19.0,4.0,5.0,6.0,6.0,8.0,8.0,5.0,9.0,37.0,44.0,45.0,6.0,9.0
2009,2,27,4,140,40,1,3,15,1,42000000,82.6,84.0,9.0,22.0,10.0,12.0,33.0,20.0,13.0,36.0,30.0,14.0,40.0,36.0,48.0,42.0,40.0,1.0,1.0,3.0,2.0,2.0,5.0,245.0,112.0,259.0,63.0,84.0,126.0,126.0,10.0,15.0,18.0,9.0,18.0,25.0,7.0,17.0,22.0,8.0,18.0,27.0,7.0,13.0,19.0,5.0,5.0,6.0,7.0,8.0,8.0,13.0,17.0,19.0,25.0,35.0,5.0,6.0
2009,3,6,4,109,22,0,1,11,1,100000000,56.0,17.5,5.0,9.0,22.0,9.0,12.0,33.0,37.0,13.0,36.0,44.0,14.0,40.0,45.0,48.0,42.0,6.0,1.0,1.0,9.0,2.0,2.0,266.0,49.0,154.0,98.0,364.0,35.0,49.0,10.0,15.0,18.0,8.0,17.0,25.0,7.0,16.0,22.0,9.0,18.0,26.0,8.0,14.0,19.0,5.0,5.0,6.0,6.0,8.0,8.0,12.0,24.0,26.0,36.0,42.0,1.0,4.0
2009,3,13,4,140,30,5,3,5,1,15000000,77.0,42.0,13.0,5.0,9.0,17.0,9.0,12.0,19.0,37.0,13.0,25.0,44.0,14.0,35.0,45.0,48.0,5.0,6.0,1.0,6.0,9.0,2.0,378.0,427.0,77.0,35.0,28.0,21.0,63.0,10.0,16.0,19.0,8.0,17.0,26.0,8.0,16.0,21.0,8.0,17.0,26.0,8.0,13.0,19.0,5.0,5.0,6.0,6.0,8.0,8.0,12.0,16.0,23.0,31.0,35.0,4.0,6.0
2009,3,20,4,117,23,2,2,10,2,29000000,92.4,10.5,12.0,13.0,5.0,24.0,17.0,9.0,26.0,19.0,37.0,36.0,25.0,44.0,42.0,35.0,45.0,1.0,5.0,6.0,4.0,6.0,9.0,7.0,182.0,427.0,161.0,14.0,224.0,14.0,9.0,15.0,19.0,8.0,18.0,26.0,9.0,16.0,22.0,8.0,16.0,26.0,8.0,12.0,18.0,6.0,6.0,6.0,6.0,8.0,8.0,25.0,33.0,36.0,38.0,42.0,6.0,7.0
2009,3,27,4,174,17,3,4,13,1,15000000,53.2,49.0,12.0,12.0,13.0,16.0,24.0,17.0,23.0,26.0,19.0,31.0,36.0,25.0,35.0,42.0,35.0,4.0,1.0,5.0,6.0,4.0,6.0,672.0,42.0,42.0,413.0,14.0,28.0,91.0,9.0,16.0,20.0,8.0,17.0,25.0,8.0,16.0,22.0,8.0,16.0,27.0,7.0,11.0,18.0,6.0,6.0,6.0,7.0,7.0,8.0,2.0,20.0,24.0,32.0,46.0,1.0,9.0
2009,4,3,4,124,44,5,2,10,0,28000000,61.6,28.0,25.0,12.0,12.0,33.0,16.0,24.0,36.0,23.0,26.0,38.0,31.0,36.0,42.0,35.0,42.0,6.0,4.0,1.0,7.0,6.0,4.0,112.0,56.0,455.0,938.0,63.0,21.0,35.0,9.0,16.0,20.0,8.0,17.0,24.0,9.0,17.0,22.0,9.0,17.0,28.0,6.0,11.0,18.0,5.0,6.0,6.0,7.0,7.0,8.0,9.0,14.0,16.0,37.0,46.0,2.0,4.0
2009,4,10,4,122,37,3,2,6,2,41000000,32.2,35.0,2.0,25.0,12.0,20.0,33.0,16.0,24.0,36.0,23.0,32.0,38.0,31.0,46.0,42.0,35.0,1.0,6.0,4.0,9.0,7.0,6.0,49.0,140.0,133.0,98.0,7.0,77.0,28.0,8.0,16.0,20.0,8.0,17.0,24.0,9.0,17.0,22.0,9.0,17.0,28.0,6.0,11.0,17.0,6.0,6.0,6.0,6.0,7.0,8.0,4.0,7.0,21.0,44.0,47.0,1.0,5.0
2009,4,17,4,123,43,2,2,6,0,58000000,147.0,28.0,9.0,2.0,25.0,14.0,20.0,33.0,16.0,24.0,36.0,37.0,32.0,38.0,46.0,46.0,42.0,2.0,1.0,6.0,4.0,9.0,7.0,77.0,322.0,133.0,49.0,378.0,14.0,70.0,8.0,16.0,20.0,9.0,18.0,23.0,9.0,17.0,22.0,9.0,17.0,27.0,6.0,12.0,18.0,5.0,6.0,6.0,6.0,7.0,8.0,4.0,14.0,21.0,24.0,41.0,5.0,8.0
2009,4,24,4,104,37,3,1,13,1,75000000,39.2,45.5,4.0,9.0,2.0,7.0,14.0,20.0,21.0,16.0,24.0,44.0,37.0,32.0,47.0,46.0,46.0,1.0,2.0,1.0,5.0,4.0,9.0,7.0,14.0,7.0,273.0,147.0,49.0,84.0,7.0,16.0,20.0,9.0,17.0,23.0,9.0,16.0,22.0,9.0,17.0,27.0,7.0,12.0,18.0,5.0,6.0,6.0,7.0,7.0,8.0,5.0,19.0,31.0,38.0,47.0,3.0,5.0
2009,5,1,4,140,42,1,3,8,0,98000000,42.0,45.5,4.0,4.0,9.0,14.0,7.0,14.0,21.0,21.0,16.0,24.0,44.0,37.0,41.0,47.0,46.0,5.0,1.0,2.0,8.0,5.0,4.0,63.0,140.0,217.0,35.0,14.0,84.0,14.0,7.0,16.0,19.0,9.0,17.0,23.0,9.0,16.0,22.0,8.0,16.0,27.0,6.0,11.0,18.0,6.0,6.0,6.0,6.0,7.0,8.0,4.0,23.0,24.0,29.0,31.0,8.0,9.0
2009,5,8,4,111,27,2,2,17,1,123000000,36.4,24.5,5.0,4.0,4.0,19.0,14.0,7.0,31.0,21.0,21.0,38.0,24.0,44.0,47.0,41.0,47.0,3.0,5.0,1.0,5.0,8.0,5.0,14.0,238.0,35.0,294.0,231.0,441.0,35.0,7.0,16.0,19.0,9.0,17.0,23.0,8.0,15.0,22.0,9.0,16.0,27.0,6.0,11.0,18.0,7.0,7.0,7.0,6.0,7.0,8.0,8.0,18.0,19.0,20.0,42.0,5.0,9.0
2009,5,15,4,107,34,4,1,14,0,15000000,91.0,10.5,4.0,5.0,4.0,23.0,19.0,14.0,24.0,31.0,21.0,29.0,38.0,24.0,31.0,47.0,41.0,8.0,3.0,5.0,9.0,5.0,8.0,168.0,196.0,70.0,238.0,49.0,21.0,7.0,7.0,16.0,19.0,9.0,18.0,23.0,8.0,15.0,22.0,9.0,17.0,27.0,6.0,11.0,18.0,7.0,7.0,7.0,6.0,7.0,8.0,4.0,13.0,14.0,33.0,43.0,1.0,6.0
2009,5,22,4,107,39,2,2,7,1,15000000,141.4,45.5,8.0,4.0,5.0,18.0,23.0,19.0,19.0,24.0,31.0,20.0,29.0,38.0,42.0,31.0,47.0,5.0,8.0,3.0,9.0,9.0,5.0,14.0,231.0,189.0,238.0,574.0,35.0,63.0,7.0,16.0,19.0,9.0,18.0,23.0,8.0,16.0,22.0,9.0,18.0,27.0,7.0,12.0,19.0,7.0,7.0,7.0,6.0,7.0,8.0,2.0,5.0,30.0,37.0,47.0,3.0,6.0
2009,5,29,4,121,45,2,3,9,1,28000000,54.6,17.5,4.0,8.0,4.0,13.0,18.0,23.0,14.0,19.0,24.0,33.0,20.0,29.0,43.0,42.0,31.0,1.0,5.0,8.0,6.0,9.0,9.0,56.0,294.0,112.0,49.0,28.0,28.0,7.0,6.0,16.0,19.0,9.0,18.0,23.0,8.0,16.0,22.0,8.0,18.0,27.0,6.0,12.0,19.0,6.0,7.0,7.0,6.0,7.0,8.0,11.0,19.0,26.0,35.0,40.0,2.0,5.0
2009,6,5,4,131,29,2,3,7,1,43000000,96.6,38.5,2.0,4.0,8.0,5.0,13.0,18.0,30.0,14.0,19.0,37.0,33.0,20.0,47.0,43.0,42.0,3.0,1.0,5.0,6.0,6.0,9.0,294.0,35.0,84.0,126.0,119.0,56.0,35.0,6.0,17.0,19.0,8.0,18.0,23.0,8.0,15.0,22.0,9.0,17.0,27.0,7.0,12.0,19.0,5.0,7.0,7.0,5.0,7.0,8.0,6.0,14.0,16.0,34.0,50.0,4.0,6.0
2009,6,12,4,120,44,5,2,10,2,58000000,151.2,38.5,11.0,2.0,4.0,19.0,5.0,13.0,26.0,30.0,14.0,35.0,37.0,33.0,40.0,47.0,43.0,2.0,3.0,1.0,5.0,6.0,6.0,392.0,49.0,63.0,224.0,147.0,84.0,14.0,7.0,17.0,20.0,7.0,18.0,23.0,8.0,14.0,22.0,9.0,17.0,27.0,8.0,12.0,19.0,6.0,7.0,7.0,5.0,7.0,8.0,4.0,16.0,17.0,20.0,29.0,5.0,7.0
2009,6,19,4,86,25,3,1,12,0,15000000,43.4,49.0,6.0,11.0,2.0,14.0,19.0,5.0,16.0,26.0,30.0,34.0,35.0,37.0,50.0,40.0,47.0,4.0,2.0,3.0,6.0,5.0,6.0,28.0,91.0,448.0,35.0,329.0,35.0,84.0,6.0,16.0,20.0,8.0,17.0,23.0,9.0,15.0,23.0,9.0,17.0,26.0,8.0,13.0,19.0,6.0,7.0,7.0,5.0,7.0,8.0,6.0,11.0,21.0,30.0,39.0,2.0,8.0
2009,6,26,4,107,33,2,2,10,2,15000000,84.0,35.0,4.0,6.0,11.0,16.0,14.0,19.0,17.0,16.0,26.0,20.0,34.0,35.0,29.0,50.0,40.0,5.0,4.0,2.0,7.0,6.0,5.0,14.0,210.0,63.0,574.0,294.0,21.0,63.0,6.0,15.0,20.0,8.0,17.0,23.0,9.0,15.0,23.0,9.0,18.0,26.0,9.0,14.0,19.0,6.0,7.0,7.0,5.0,7.0,8.0,21.0,29.0,34.0,46.0,47.0,6.0,8.0
2009,7,3,4,177,26,2,4,14,2,28000000,32.2,14.0,6.0,4.0,6.0,11.0,16.0,14.0,21.0,17.0,16.0,30.0,20.0,34.0,39.0,29.0,50.0,2.0,5.0,4.0,8.0,7.0,6.0,630.0,154.0,154.0,196.0,35.0,98.0,7.0,7.0,15.0,21.0,9.0,16.0,23.0,10.0,15.0,23.0,9.0,18.0,26.0,8.0,14.0,18.0,7.0,7.0,7.0,5.0,7.0,8.0,6.0,16.0,20.0,42.0,46.0,1.0,6.0
2009,7,10,4,130,40,5,2,7,1,42000000,23.8,28.0,21.0,6.0,4.0,29.0,11.0,16.0,34.0,21.0,17.0,46.0,30.0,20.0,47.0,39.0,29.0,6.0,2.0,5.0,8.0,8.0,7.0,14.0,21.0,588.0,210.0,91.0,49.0,28.0,6.0,14.0,21.0,9.0,16.0,23.0,10.0,15.0,24.0,9.0,18.0,26.0,9.0,14.0,18.0,7.0,7.0,7.0,5.0,7.0,8.0,2.0,8.0,17.0,32.0,50.0,3.0,7.0
2009,7,17,4,109,48,4,2,10,0,57000000,56.0,38.5,6.0,21.0,6.0,16.0,29.0,11.0,20.0,34.0,21.0,42.0,46.0,30.0,46.0,47.0,39.0,1.0,6.0,2.0,6.0,8.0,8.0,49.0,224.0,28.0,105.0,35.0,49.0,28.0,6.0,13.0,21.0,9.0,17.0,22.0,9.0,15.0,24.0,9.0,18.0,26.0,8.0,13.0,18.0,6.0,7.0,7.0,5.0,7.0,8.0,14.0,15.0,25.0,35.0,47.0,5.0,9.0
2009,7,24,4,136,33,1,2,14,0,15000000,85.4,52.5,2.0,6.0,21.0,8.0,16.0,29.0,17.0,20.0,34.0,32.0,42.0,46.0,50.0,46.0,47.0,3.0,1.0,6.0,7.0,6.0,8.0,301.0,196.0,266.0,49.0,21.0,35.0,70.0,6.0,14.0,21.0,9.0,18.0,22.0,9.0,16.0,23.0,9.0,18.0,25.0,7.0,13.0,18.0,6.0,7.0,7.0,5.0,7.0,8.0,5.0,9.0,20.0,21.0,26.0,3.0,6.0
2009,7,31,4,81,21,2,1,9,1,28000000,56.0,17.5,14.0,2.0,6.0,15.0,8.0,16.0,25.0,17.0,20.0,35.0,32.0,42.0,47.0,50.0,46.0,5.0,3.0,1.0,9.0,7.0,6.0,91.0,154.0,21.0,259.0,259.0,14.0,21.0,7.0,13.0,21.0,9.0,18.0,22.0,8.0,16.0,22.0,9.0,19.0,24.0,7.0,14.0,18.0,6.0,7.0,7.0,5.0,7.0,8.0,10.0,20.0,22.0,24.0,31.0,2.0,7.0
2009,8,7,4,107,21,4,1,9,1,42000000,109.2,31.5,5.0,14.0,2.0,9.0,15.0,8.0,20.0,25.0,17.0,21.0,35.0,32.0,26.0,47.0,50.0,3.0,5.0,3.0,6.0,9.0,7.0,182.0,126.0,203.0,105.0,91.0,42.0,21.0,8.0,13.0,21.0,9.0,18.0,21.0,8.0,17.0,21.0,9.0,18.0,23.0,8.0,14.0,18.0,6.0,7.0,7.0,5.0,7.0,8.0,5.0,8.0,24.0,30.0,49.0,3.0,9.0
2009,8,14,4,116,44,3,2,12,0,57000000,60.2,17.5,10.0,5.0,14.0,20.0,9.0,15.0,22.0,20.0,25.0,24.0,21.0,35.0,31.0,26.0,47.0,2.0,3.0,5.0,7.0,6.0,9.0,14.0,28.0,98.0,49.0,203.0,14.0,21.0,7.0,13.0,21.0,8.0,17.0,21.0,8.0,16.0,21.0,9.0,17.0,23.0,8.0,14.0,18.0,6.0,7.0,7.0,4.0,6.0,8.0,4.0,7.0,16.0,31.0,42.0,3.0,5.0
2009,8,21,4,100,38,3,2,8,0,74000000,57.4,17.5,5.0,10.0,5.0,8.0,20.0,9.0,24.0,22.0,20.0,30.0,24.0,21.0,49.0,31.0,26.0,3.0,2.0,3.0,9.0,7.0,6.0,63.0,126.0,70.0,154.0,98.0,7.0,77.0,7.0,13.0,21.0,8.0,17.0,21.0,8.0,15.0,21.0,9.0,17.0,23.0,9.0,13.0,18.0,5.0,7.0,7.0,5.0,6.0,8.0,8.0,36.0,37.0,41.0,49.0,5.0,7.0
2009,8,28,4,171,41,2,4,12,0,15000000,79.8,14.0,4.0,5.0,10.0,7.0,8.0,20.0,16.0,24.0,22.0,31.0,30.0,24.0,42.0,49.0,31.0,3.0,3.0,2.0,5.0,9.0,7.0,105.0,1393.0,182.0,819.0,14.0,35.0,21.0,8.0,12.0,20.0,9.0,17.0,22.0,9.0,16.0,20.0,9.0,17.0,24.0,8.0,13.0,18.0,5.0,7.0,7.0,5.0,6.0,8.0,6.0,9.0,20.0,38.0,39.0,3.0,9.0
2009,9,4,4,112,33,3,2,12,0,28000000,63.0,17.5,8.0,4.0,5.0,36.0,7.0,8.0,37.0,16.0,24.0,41.0,31.0,30.0,49.0,42.0,49.0,5.0,3.0,3.0,7.0,5.0,9.0,56.0,35.0,35.0,126.0,70.0,14.0,21.0,8.0,12.0,20.0,8.0,16.0,22.0,8.0,16.0,20.0,10.0,16.0,24.0,8.0,13.0,18.0,5.0,7.0,7.0,5.0,6.0,8.0,12.0,15.0,35.0,42.0,43.0,4.0,6.0
2009,9,11,4,147,31,2,3,10,2,42000000,81.2,66.5,6.0,8.0,4.0,9.0,36.0,7.0,20.0,37.0,16.0,38.0,41.0,31.0,39.0,49.0,42.0,3.0,5.0,3.0,9.0,7.0,5.0,175.0,49.0,861.0,63.0,112.0,91.0,42.0,8.0,12.0,20.0,7.0,16.0,22.0,8.0,16.0,21.0,9.0,16.0,24.0,9.0,12.0,17.0,5.0,7.0,7.0,4.0,6.0,8.0,6.0,16.0,30.0,38.0,41.0,2.0,4.0
2009,9,18,4,131,35,4,3,6,2,100000000,22.4,24.5,12.0,6.0,8.0,15.0,9.0,36.0,35.0,20.0,37.0,42.0,38.0,41.0,43.0,39.0,49.0,4.0,3.0,5.0,6.0,9.0,7.0,14.0,70.0,112.0,14.0,147.0,42.0,161.0,8.0,11.0,20.0,7.0,15.0,22.0,9.0,15.0,21.0,9.0,16.0,23.0,9.0,12.0,16.0,4.0,7.0,7.0,5.0,6.0,7.0,6.0,17.0,18.0,21.0,34.0,3.0,9.0
2009,9,25,4,96,28,3,1,12,0,15000000,70.0,21.0,6.0,12.0,6.0,16.0,15.0,9.0,30.0,35.0,20.0,38.0,42.0,38.0,41.0,43.0,39.0,2.0,4.0,3.0,4.0,6.0,9.0,7.0,203.0,406.0,56.0,826.0,21.0,21.0,7.0,11.0,20.0,8.0,16.0,22.0,9.0,16.0,22.0,8.0,16.0,23.0,9.0,13.0,17.0,4.0,7.0,7.0,5.0,6.0,7.0,22.0,23.0,24.0,29.0,44.0,1.0,5.0
2009,10,2,4,142,22,3,2,6,0,15000000,102.2,59.5,6.0,6.0,12.0,17.0,16.0,15.0,18.0,30.0,35.0,21.0,38.0,42.0,34.0,41.0,43.0,3.0,2.0,4.0,9.0,4.0,6.0,231.0,147.0,49.0,147.0,441.0,84.0,42.0,7.0,11.0,20.0,9.0,16.0,22.0,8.0,16.0,22.0,8.0,16.0,23.0,9.0,14.0,18.0,5.0,7.0,7.0,5.0,6.0,7.0,7.0,11.0,29.0,46.0,50.0,4.0,7.0
2009,10,9,4,143,43,2,3,11,1,28000000,67.2,31.5,22.0,6.0,6.0,23.0,17.0,16.0,24.0,18.0,30.0,29.0,21.0,38.0,44.0,34.0,41.0,1.0,3.0,2.0,5.0,9.0,4.0,273.0,105.0,413.0,98.0,84.0,28.0,42.0,8.0,12.0,20.0,10.0,16.0,22.0,9.0,17.0,23.0,9.0,15.0,23.0,9.0,14.0,18.0,5.0,7.0,7.0,5.0,6.0,7.0,12.0,23.0,30.0,31.0,47.0,3.0,4.0
2009,10,16,4,143,35,2,3,7,1,43000000,43.4,14.0,7.0,22.0,6.0,11.0,23.0,17.0,29.0,24.0,18.0,46.0,29.0,21.0,50.0,44.0,34.0,4.0,1.0,3.0,7.0,5.0,9.0,35.0,14.0,28.0,56.0,84.0,21.0,28.0,7.0,12.0,20.0,9.0,16.0,22.0,8.0,17.0,23.0,8.0,15.0,23.0,9.0,14.0,18.0,5.0,7.0,7.0,5.0,6.0,7.0,6.0,18.0,20.0,29.0,31.0,2.0,8.0
2009,10,23,4,104,25,3,2,10,2,59000000,25.2,73.5,12.0,7.0,22.0,23.0,11.0,23.0,30.0,29.0,24.0,31.0,46.0,29.0,47.0,50.0,44.0,3.0,4.0,1.0,4.0,7.0,5.0,28.0,161.0,49.0,21.0,77.0,35.0,112.0,6.0,12.0,20.0,9.0,16.0,22.0,8.0,16.0,22.0,7.0,15.0,22.0,10.0,14.0,17.0,5.0,7.0,7.0,6.0,6.0,7.0,9.0,33.0,35.0,38.0,40.0,2.0,6.0
2009,10,30,4,155,31,2,4,8,2,77000000,91.0,28.0,6.0,12.0,7.0,18.0,23.0,11.0,20.0,30.0,29.0,29.0,31.0,46.0,31.0,47.0,50.0,2.0,3.0,4.0,8.0,4.0,7.0,203.0,217.0,49.0,42.0,147.0,7.0,49.0,6.0,13.0,20.0,9.0,17.0,21.0,7.0,16.0,22.0,7.0,15.0,22.0,10.0,14.0,17.0,5.0,6.0,7.0,6.0,6.0,7.0,11.0,19.0,34.0,43.0,45.0,5.0,9.0
2009,11,6,4,152,34,1,3,14,0,100000000,106.4,38.5,9.0,6.0,12.0,33.0,18.0,23.0,35.0,20.0,30.0,38.0,29.0,31.0,40.0,31.0,47.0,2.0,2.0,3.0,6.0,8.0,4.0,154.0,154.0,126.0,700.0,252.0,70.0,42.0,6.0,13.0,20.0,9.0,17.0,21.0,7.0,15.0,22.0,7.0,16.0,23.0,10.0,15.0,17.0,5.0,6.0,7.0,6.0,6.0,7.0,13.0,15.0,25.0,26.0,32.0,3.0,4.0
2009,11,13,4,111,19,2,2,7,1,15000000,114.8,28.0,11.0,9.0,6.0,19.0,33.0,18.0,34.0,35.0,20.0,43.0,38.0,29.0,45.0,40.0,31.0,5.0,2.0,2.0,9.0,6.0,8.0,252.0,63.0,112.0,455.0,1197.0,28.0,28.0,7.0,14.0,20.0,8.0,16.0,21.0,8.0,14.0,22.0,8.0,16.0,24.0,10.0,16.0,18.0,5.0,6.0,7.0,6.0,6.0,7.0,5.0,9.0,28.0,43.0,47.0,2.0,9.0
2009,11,20,4,132,42,1,3,11,1,15000000,96.6,17.5,13.0,11.0,9.0,15.0,19.0,33.0,25.0,34.0,35.0,26.0,43.0,38.0,32.0,45.0,40.0,3.0,5.0,2.0,4.0,9.0,6.0,98.0,77.0,343.0,14.0,35.0,21.0,14.0,8.0,14.0,20.0,9.0,15.0,21.0,9.0,15.0,22.0,7.0,15.0,24.0,9.0,16.0,18.0,5.0,6.0,7.0,6.0,6.0,7.0,5.0,8.0,13.0,15.0,33.0,8.0,9.0
2009,11,27,4,74,28,1,1,17,1,15000000,30.8,21.0,5.0,13.0,11.0,9.0,15.0,19.0,28.0,25.0,34.0,43.0,26.0,43.0,47.0,32.0,45.0,2.0,3.0,5.0,9.0,4.0,9.0,7.0,105.0,280.0,1617.0,805.0,203.0,7.0,8.0,14.0,20.0,9.0,15.0,21.0,10.0,15.0,22.0,8.0,16.0,25.0,9.0,17.0,19.0,6.0,7.0,7.0,6.0,6.0,7.0,18.0,19.0,25.0,30.0,44.0,1.0,3.0
2009,12,18,4,160,35,3,4,11,1,59000000,71.4,17.5,20.0,18.0,5.0,41.0,19.0,8.0,43.0,25.0,13.0,44.0,30.0,15.0,46.0,44.0,33.0,2.0,1.0,8.0,9.0,3.0,9.0,147.0,350.0,665.0,147.0,112.0,35.0,56.0,9.0,16.0,19.0,9.0,16.0,21.0,9.0,16.0,23.0,9.0,15.0,25.0,9.0,16.0,19.0,5.0,7.0,7.0,5.0,7.0,8.0,4.0,5.0,14.0,17.0,34.0,3.0,5.0
2009,12,25,4,74,30,3,1,8,0,15000000,60.2,28.0,14.0,20.0,18.0,30.0,41.0,19.0,32.0,43.0,25.0,35.0,44.0,30.0,49.0,46.0,44.0,3.0,2.0,1.0,8.0,9.0,3.0,126.0,210.0,217.0,413.0,91.0,7.0,84.0,9.0,15.0,19.0,9.0,16.0,21.0,9.0,17.0,23.0,9.0,16.0,25.0,10.0,16.0,19.0,5.0,6.0,7.0,6.0,7.0,8.0,9.0,22.0,24.0,27.0,36.0,5.0,7.0
2010,1,1,4,118,27,3,2,12,0,27000000,169.4,45.5,4.0,14.0,20.0,5.0,30.0,41.0,14.0,32.0,43.0,17.0,35.0,44.0,34.0,49.0,46.0,3.0,3.0,2.0,5.0,8.0,9.0,63.0,518.0,91.0,546.0,651.0,56.0,84.0,8.0,15.0,18.0,9.0,17.0,22.0,9.0,17.0,23.0,9.0,17.0,25.0,10.0,17.0,20.0,5.0,6.0,7.0,7.0,7.0,8.0,4.0,5.0,14.0,44.0,46.0,8.0,9.0
2010,1,8,4,113,42,4,2,17,1,41000000,19.6,24.5,9.0,4.0,14.0,22.0,5.0,30.0,24.0,14.0,32.0,27.0,17.0,35.0,36.0,34.0,49.0,5.0,3.0,3.0,7.0,5.0,8.0,14.0,14.0,14.0,28.0,28.0,42.0,28.0,8.0,14.0,17.0,8.0,17.0,22.0,8.0,16.0,23.0,8.0,16.0,25.0,9.0,17.0,20.0,5.0,6.0,7.0,6.0,7.0,8.0,11.0,26.0,29.0,49.0,50.0,4.0,7.0
2010,1,15,4,165,39,2,4,11,1,58000000,68.6,38.5,4.0,9.0,4.0,5.0,22.0,5.0,14.0,24.0,14.0,44.0,27.0,17.0,46.0,36.0,34.0,8.0,5.0,3.0,9.0,7.0,5.0,70.0,623.0,98.0,364.0,98.0,98.0,14.0,8.0,14.0,17.0,9.0,18.0,23.0,8.0,16.0,23.0,9.0,17.0,26.0,9.0,17.0,20.0,6.0,6.0,7.0,6.0,7.0,8.0,4.0,22.0,27.0,36.0,44.0,7.0,9.0
2010,1,22,4,133,40,4,3,16,0,15000000,18.2,10.5,11.0,4.0,9.0,26.0,5.0,22.0,29.0,14.0,24.0,49.0,44.0,27.0,50.0,46.0,36.0,4.0,8.0,5.0,7.0,9.0,7.0,14.0,21.0,840.0,315.0,49.0,728.0,14.0,7.0,14.0,17.0,8.0,18.0,23.0,9.0,17.0,24.0,9.0,18.0,26.0,8.0,16.0,20.0,7.0,7.0,8.0,5.0,7.0,8.0,9.0,17.0,30.0,39.0,43.0,5.0,7.0
2010,1,29,4,138,34,1,3,12,0,28000000,60.2,17.5,4.0,11.0,4.0,22.0,26.0,5.0,27.0,29.0,14.0,36.0,49.0,44.0,44.0,50.0,46.0,7.0,4.0,8.0,9.0,7.0,9.0,28.0,126.0,105.0,525.0,140.0,28.0,14.0,7.0,13.0,17.0,8.0,17.0,23.0,9.0,16.0,24.0,9.0,18.0,26.0,8.0,16.0,20.0,7.0,7.0,8.0,5.0,7.0,8.0,34.0,35.0,38.0,39.0,46.0,3.0,4.0
2010,2,12,4,107,44,2,2,10,2,129000000,124.6,56.0,34.0,9.0,4.0,35.0,17.0,22.0,38.0,30.0,27.0,39.0,39.0,36.0,46.0,43.0,44.0,3.0,5.0,7.0,4.0,7.0,9.0,413.0,35.0,140.0,105.0,98.0,28.0,105.0,7.0,15.0,19.0,7.0,17.0,23.0,9.0,16.0,25.0,8.0,18.0,25.0,8.0,15.0,19.0,6.0,7.0,8.0,6.0,7.0,7.0,12.0,31.0,37.0,38.0,43.0,2.0,3.0
2010,2,19,4,161,31,2,4,5,1,15000000,89.6,42.0,1.0,34.0,9.0,5.0,35.0,17.0,18.0,38.0,30.0,38.0,39.0,39.0,45.0,46.0,43.0,4.0,3.0,5.0,6.0,4.0,7.0,126.0,1519.0,175.0,7.0,21.0,70.0,77.0,7.0,14.0,19.0,7.0,17.0,24.0,9.0,16.0,25.0,8.0,17.0,24.0,8.0,15.0,19.0,6.0,7.0,8.0,7.0,7.0,7.0,7.0,11.0,18.0,29.0,42.0,6.0,7.0
2010,2,26,4,107,35,2,2,13,1,29000000,81.2,21.0,12.0,1.0,34.0,31.0,5.0,35.0,37.0,18.0,38.0,38.0,38.0,39.0,43.0,45.0,46.0,2.0,4.0,3.0,3.0,6.0,4.0,140.0,140.0,14.0,126.0,189.0,238.0,28.0,7.0,14.0,19.0,7.0,17.0,23.0,8.0,16.0,25.0,8.0,17.0,24.0,8.0,15.0,19.0,7.0,8.0,8.0,6.0,7.0,7.0,12.0,18.0,19.0,43.0,49.0,3.0,9.0
2010,3,5,4,141,37,2,2,12,0,44000000,35.0,28.0,7.0,12.0,1.0,11.0,31.0,5.0,18.0,37.0,18.0,29.0,38.0,38.0,42.0,43.0,45.0,6.0,2.0,4.0,7.0,3.0,6.0,14.0,133.0,294.0,105.0,77.0,28.0,42.0,7.0,14.0,19.0,8.0,17.0,23.0,9.0,17.0,24.0,8.0,16.0,24.0,8.0,15.0,18.0,7.0,8.0,8.0,5.0,7.0,7.0,1.0,26.0,33.0,36.0,46.0,6.0,7.0
2010,3,12,4,142,45,3,4,13,1,15000000,54.6,14.0,12.0,7.0,12.0,18.0,11.0,31.0,19.0,18.0,37.0,43.0,29.0,38.0,49.0,42.0,43.0,3.0,6.0,2.0,9.0,7.0,3.0,28.0,56.0,546.0,49.0,35.0,14.0,14.0,7.0,14.0,18.0,8.0,16.0,23.0,9.0,18.0,24.0,7.0,16.0,24.0,7.0,14.0,18.0,7.0,8.0,8.0,5.0,7.0,7.0,10.0,28.0,30.0,38.0,39.0,2.0,7.0
2010,3,19,4,145,29,4,4,9,1,29000000,92.4,17.5,1.0,12.0,7.0,26.0,18.0,11.0,33.0,19.0,18.0,36.0,43.0,29.0,46.0,49.0,42.0,6.0,3.0,6.0,7.0,9.0,7.0,224.0,770.0,49.0,28.0,196.0,28.0,7.0,8.0,15.0,18.0,9.0,17.0,24.0,8.0,18.0,24.0,6.0,15.0,24.0,8.0,15.0,18.0,6.0,8.0,8.0,5.0,7.0,7.0,8.0,16.0,18.0,37.0,43.0,2.0,6.0
2010,3,26,4,122,35,3,2,8,2,44000000,77.0,10.5,10.0,1.0,12.0,28.0,26.0,18.0,30.0,33.0,19.0,38.0,36.0,43.0,39.0,46.0,49.0,2.0,6.0,3.0,7.0,7.0,9.0,210.0,189.0,28.0,301.0,35.0,7.0,42.0,8.0,15.0,18.0,10.0,18.0,24.0,7.0,18.0,24.0,6.0,16.0,24.0,7.0,15.0,18.0,6.0,8.0,8.0,5.0,7.0,7.0,12.0,18.0,24.0,26.0,45.0,4.0,5.0
2010,4,2,4,125,33,4,2,9,1,15000000,39.2,56.0,8.0,10.0,1.0,16.0,28.0,26.0,18.0,30.0,33.0,37.0,38.0,36.0,43.0,39.0,46.0,2.0,2.0,6.0,6.0,7.0,7.0,28.0,28.0,91.0,140.0,49.0,49.0,98.0,7.0,15.0,18.0,9.0,18.0,24.0,7.0,18.0,24.0,7.0,15.0,24.0,6.0,15.0,18.0,5.0,8.0,8.0,6.0,7.0,7.0,7.0,21.0,23.0,24.0,44.0,3.0,4.0
2010,4,9,4,119,37,2,1,7,1,15000000,99.4,21.0,12.0,8.0,10.0,18.0,16.0,28.0,24.0,18.0,30.0,26.0,37.0,38.0,45.0,43.0,39.0,4.0,2.0,2.0,5.0,6.0,7.0,42.0,756.0,385.0,245.0,77.0,35.0,63.0,6.0,15.0,18.0,9.0,18.0,25.0,8.0,19.0,25.0,8.0,15.0,24.0,7.0,15.0,18.0,4.0,8.0,8.0,6.0,7.0,7.0,9.0,11.0,17.0,26.0,40.0,3.0,9.0
2010,4,16,4,103,31,2,2,12,0,29000000,77.0,24.5,7.0,12.0,8.0,21.0,18.0,16.0,23.0,24.0,18.0,24.0,26.0,37.0,44.0,45.0,43.0,3.0,4.0,2.0,4.0,5.0,6.0,77.0,49.0,273.0,14.0,168.0,7.0,42.0,6.0,14.0,18.0,8.0,18.0,25.0,8.0,19.0,24.0,7.0,15.0,24.0,8.0,14.0,18.0,4.0,8.0,8.0,6.0,7.0,7.0,3.0,7.0,8.0,43.0,46.0,6.0,8.0
2010,4,23,4,107,43,2,2,14,2,44000000,114.8,66.5,9.0,7.0,12.0,11.0,21.0,18.0,17.0,23.0,24.0,26.0,24.0,26.0,40.0,44.0,45.0,3.0,3.0,4.0,9.0,4.0,5.0,462.0,245.0,1274.0,49.0,42.0,42.0,126.0,7.0,15.0,19.0,8.0,18.0,25.0,9.0,19.0,25.0,7.0,15.0,24.0,8.0,14.0,18.0,4.0,8.0,8.0,7.0,7.0,7.0,6.0,22.0,24.0,25.0,36.0,3.0,8.0
2010,4,30,4,113,30,4,1,11,1,59000000,100.8,10.5,3.0,9.0,7.0,7.0,11.0,21.0,8.0,17.0,23.0,43.0,26.0,24.0,46.0,40.0,44.0,6.0,3.0,3.0,8.0,9.0,4.0,189.0,98.0,28.0,420.0,119.0,14.0,7.0,8.0,16.0,19.0,8.0,18.0,25.0,8.0,18.0,25.0,8.0,16.0,25.0,9.0,14.0,18.0,4.0,8.0,8.0,6.0,7.0,7.0,3.0,6.0,15.0,21.0,32.0,7.0,9.0
2010,5,7,4,77,29,2,1,16,0,77000000,70.0,35.0,6.0,3.0,9.0,22.0,7.0,11.0,24.0,8.0,17.0,25.0,43.0,26.0,36.0,46.0,40.0,3.0,6.0,3.0,8.0,8.0,9.0,14.0,749.0,637.0,224.0,175.0,105.0,21.0,8.0,15.0,19.0,9.0,18.0,25.0,9.0,19.0,26.0,8.0,17.0,24.0,9.0,14.0,18.0,5.0,8.0,8.0,6.0,7.0,7.0,1.0,17.0,31.0,43.0,47.0,2.0,3.0
2010,5,14,4,139,46,0,3,5,1,99000000,74.2,31.5,3.0,6.0,3.0,6.0,22.0,7.0,15.0,24.0,8.0,21.0,25.0,43.0,32.0,36.0,46.0,7.0,3.0,6.0,9.0,8.0,8.0,63.0,105.0,378.0,21.0,175.0,49.0,84.0,8.0,15.0,19.0,10.0,17.0,25.0,9.0,19.0,27.0,8.0,17.0,24.0,9.0,14.0,18.0,5.0,8.0,8.0,7.0,7.0,7.0,7.0,19.0,30.0,38.0,50.0,4.0,7.0
2010,5,21,4,144,43,3,3,11,1,15000000,71.4,28.0,1.0,3.0,6.0,17.0,6.0,22.0,31.0,15.0,24.0,43.0,21.0,25.0,47.0,32.0,36.0,2.0,7.0,3.0,3.0,9.0,8.0,42.0,168.0,63.0,63.0,126.0,49.0,63.0,8.0,14.0,19.0,10.0,16.0,25.0,8.0,18.0,26.0,7.0,16.0,24.0,10.0,13.0,18.0,5.0,8.0,8.0,7.0,7.0,7.0,4.0,9.0,31.0,32.0,33.0,3.0,7.0
2010,5,28,4,109,29,2,3,10,0,15000000,56.0,10.5,7.0,1.0,3.0,19.0,17.0,6.0,30.0,31.0,15.0,38.0,43.0,21.0,50.0,47.0,32.0,4.0,2.0,7.0,7.0,3.0,9.0,126.0,189.0,14.0,315.0,182.0,28.0,7.0,8.0,13.0,19.0,10.0,17.0,24.0,8.0,17.0,26.0,8.0,16.0,23.0,10.0,14.0,18.0,5.0,7.0,8.0,7.0,7.0,7.0,4.0,17.0,34.0,40.0,42.0,4.0,9.0
2010,6,4,4,137,38,4,3,13,1,15000000,58.8,21.0,4.0,7.0,1.0,9.0,19.0,17.0,31.0,30.0,31.0,32.0,38.0,43.0,33.0,50.0,47.0,3.0,4.0,2.0,7.0,7.0,3.0,7.0,21.0,210.0,476.0,98.0,14.0,28.0,7.0,12.0,19.0,9.0,16.0,24.0,8.0,17.0,26.0,8.0,17.0,23.0,10.0,14.0,17.0,5.0,7.0,8.0,6.0,7.0,7.0,2.0,22.0,24.0,36.0,44.0,1.0,2.0
2010,6,11,4,128,42,5,2,3,1,15000000,103.6,108.5,4.0,4.0,7.0,17.0,9.0,19.0,34.0,31.0,30.0,40.0,32.0,38.0,42.0,33.0,50.0,4.0,3.0,4.0,9.0,7.0,7.0,329.0,42.0,42.0,91.0,63.0,189.0,476.0,7.0,12.0,19.0,8.0,15.0,24.0,8.0,16.0,25.0,9.0,16.0,23.0,9.0,14.0,17.0,6.0,8.0,8.0,6.0,8.0,8.0,2.0,29.0,31.0,32.0,38.0,1.0,4.0
2010,6,18,4,132,36,3,4,5,1,15000000,37.8,10.5,2.0,4.0,4.0,22.0,17.0,9.0,24.0,34.0,31.0,36.0,40.0,32.0,44.0,42.0,33.0,1.0,4.0,3.0,2.0,9.0,7.0,7.0,350.0,21.0,21.0,623.0,7.0,70.0,7.0,12.0,18.0,8.0,16.0,24.0,7.0,16.0,25.0,8.0,15.0,23.0,10.0,14.0,18.0,6.0,8.0,8.0,6.0,8.0,8.0,1.0,8.0,18.0,28.0,31.0,8.0,9.0
2010,6,25,4,86,30,3,2,17,1,28000000,58.8,38.5,2.0,2.0,4.0,29.0,22.0,17.0,31.0,24.0,34.0,32.0,36.0,40.0,38.0,44.0,42.0,1.0,1.0,4.0,4.0,2.0,9.0,42.0,210.0,91.0,532.0,245.0,168.0,21.0,6.0,12.0,18.0,8.0,17.0,24.0,7.0,16.0,25.0,8.0,15.0,24.0,10.0,15.0,18.0,7.0,8.0,8.0,6.0,8.0,8.0,12.0,13.0,36.0,41.0,46.0,1.0,8.0
2010,7,2,4,148,34,3,3,9,1,15000000,120.4,10.5,1.0,2.0,2.0,8.0,29.0,22.0,18.0,31.0,24.0,28.0,32.0,36.0,31.0,38.0,44.0,8.0,1.0,1.0,9.0,4.0,2.0,91.0,406.0,462.0,308.0,70.0,14.0,63.0,7.0,12.0,18.0,8.0,18.0,25.0,7.0,16.0,26.0,9.0,15.0,24.0,10.0,15.0,18.0,6.0,8.0,8.0,6.0,8.0,8.0,9.0,24.0,37.0,39.0,49.0,3.0,9.0
2010,7,9,4,158,40,1,3,12,0,28000000,82.6,28.0,12.0,1.0,2.0,13.0,8.0,29.0,36.0,18.0,31.0,41.0,28.0,32.0,46.0,31.0,38.0,1.0,8.0,1.0,8.0,9.0,4.0,84.0,483.0,140.0,154.0,126.0,42.0,14.0,7.0,11.0,18.0,9.0,19.0,26.0,8.0,15.0,26.0,9.0,14.0,24.0,10.0,15.0,18.0,6.0,8.0,8.0,6.0,8.0,8.0,38.0,39.0,45.0,46.0,49.0,7.0,8.0
2010,7,23,4,135,42,2,3,12,0,15000000,51.8,14.0,38.0,9.0,12.0,39.0,24.0,13.0,45.0,37.0,36.0,46.0,39.0,41.0,49.0,49.0,46.0,7.0,3.0,1.0,8.0,9.0,8.0,49.0,21.0,266.0,119.0,21.0,14.0,14.0,7.0,12.0,19.0,9.0,20.0,26.0,9.0,16.0,26.0,9.0,15.0,24.0,8.0,15.0,17.0,5.0,7.0,8.0,5.0,8.0,8.0,3.0,4.0,11.0,28.0,39.0,2.0,8.0
2010,7,30,4,85,36,2,2,10,2,28000000,49.0,31.5,4.0,38.0,9.0,13.0,39.0,24.0,35.0,45.0,37.0,37.0,46.0,39.0,46.0,49.0,49.0,3.0,7.0,3.0,9.0,8.0,9.0,84.0,966.0,1050.0,35.0,133.0,77.0,14.0,7.0,11.0,19.0,9.0,20.0,27.0,9.0,16.0,27.0,8.0,15.0,24.0,8.0,15.0,17.0,6.0,7.0,8.0,5.0,8.0,8.0,13.0,25.0,28.0,29.0,42.0,4.0,5.0
2010,8,6,4,137,29,2,3,9,1,15000000,46.2,87.5,3.0,4.0,38.0,4.0,13.0,39.0,11.0,35.0,45.0,28.0,37.0,46.0,39.0,46.0,49.0,2.0,3.0,7.0,8.0,9.0,8.0,266.0,847.0,259.0,161.0,63.0,63.0,126.0,8.0,12.0,19.0,9.0,20.0,28.0,10.0,17.0,26.0,9.0,15.0,24.0,7.0,15.0,17.0,6.0,7.0,8.0,5.0,8.0,8.0,4.0,9.0,15.0,21.0,47.0,2.0,7.0
2010,8,13,4,96,43,1,1,9,1,15000000,67.2,21.0,13.0,3.0,4.0,25.0,4.0,13.0,28.0,11.0,35.0,29.0,28.0,37.0,42.0,39.0,46.0,4.0,2.0,3.0,5.0,8.0,9.0,21.0,77.0,98.0,98.0,91.0,14.0,77.0,8.0,12.0,19.0,9.0,19.0,27.0,10.0,17.0,26.0,9.0,15.0,24.0,8.0,15.0,17.0,6.0,7.0,8.0,6.0,8.0,8.0,5.0,27.0,31.0,40.0,42.0,1.0,6.0
2010,8,20,4,145,37,2,4,7,1,15000000,109.2,84.0,4.0,13.0,3.0,9.0,25.0,4.0,15.0,28.0,11.0,21.0,29.0,28.0,47.0,42.0,39.0,2.0,4.0,2.0,7.0,5.0,8.0,266.0,728.0,63.0,77.0,14.0,49.0,147.0,9.0,13.0,19.0,9.0,20.0,28.0,9.0,17.0,26.0,9.0,15.0,24.0,7.0,15.0,17.0,6.0,7.0,8.0,6.0,8.0,8.0,1.0,6.0,13.0,30.0,49.0,1.0,9.0
2010,8,27,4,99,48,2,2,10,0,15000000,67.2,21.0,5.0,4.0,13.0,27.0,9.0,25.0,31.0,15.0,28.0,40.0,21.0,29.0,42.0,47.0,42.0,1.0,2.0,4.0,6.0,7.0,5.0,63.0,112.0,273.0,266.0,42.0,7.0,35.0,8.0,13.0,19.0,9.0,20.0,28.0,10.0,17.0,26.0,9.0,16.0,23.0,6.0,15.0,17.0,6.0,7.0,8.0,5.0,8.0,8.0,13.0,24.0,26.0,47.0,49.0,4.0,8.0
2010,9,3,4,159,36,2,3,12,2,15000000,46.2,31.5,1.0,5.0,4.0,6.0,27.0,9.0,13.0,31.0,15.0,30.0,40.0,21.0,49.0,42.0,47.0,1.0,1.0,2.0,9.0,6.0,7.0,28.0,56.0,455.0,917.0,7.0,28.0,35.0,8.0,13.0,19.0,8.0,19.0,28.0,10.0,17.0,27.0,10.0,17.0,24.0,5.0,15.0,16.0,5.0,7.0,8.0,5.0,8.0,8.0,17.0,21.0,35.0,41.0,45.0,1.0,5.0
2010,9,10,4,159,28,0,3,6,0,15000000,60.2,24.5,13.0,1.0,5.0,24.0,6.0,27.0,26.0,13.0,31.0,47.0,30.0,40.0,49.0,49.0,42.0,4.0,1.0,1.0,8.0,9.0,6.0,945.0,154.0,49.0,70.0,161.0,14.0,35.0,8.0,13.0,20.0,9.0,18.0,28.0,9.0,17.0,27.0,10.0,17.0,24.0,6.0,15.0,16.0,5.0,7.0,8.0,5.0,8.0,8.0,17.0,27.0,29.0,38.0,50.0,1.0,3.0
2010,9,17,4,161,33,2,4,4,0,15000000,51.8,31.5,17.0,13.0,1.0,21.0,24.0,6.0,35.0,26.0,13.0,41.0,47.0,30.0,45.0,49.0,49.0,1.0,4.0,1.0,5.0,8.0,9.0,7.0,28.0,245.0,119.0,119.0,7.0,126.0,7.0,12.0,19.0,9.0,17.0,28.0,9.0,18.0,27.0,10.0,17.0,24.0,7.0,14.0,16.0,5.0,7.0,8.0,6.0,8.0,8.0,1.0,4.0,16.0,40.0,48.0,1.0,9.0
2010,9,24,4,109,47,4,2,10,0,28000000,173.6,17.5,17.0,17.0,13.0,27.0,21.0,24.0,29.0,35.0,26.0,38.0,41.0,47.0,50.0,45.0,49.0,1.0,1.0,4.0,3.0,5.0,8.0,28.0,56.0,399.0,35.0,581.0,7.0,28.0,6.0,12.0,19.0,8.0,16.0,28.0,9.0,19.0,28.0,9.0,17.0,24.0,8.0,15.0,17.0,4.0,7.0,8.0,6.0,8.0,8.0,1.0,4.0,6.0,27.0,48.0,1.0,6.0
2010,10,1,4,86,47,3,2,7,1,100000000,14.0,24.5,1.0,17.0,17.0,4.0,27.0,21.0,16.0,29.0,35.0,40.0,38.0,41.0,48.0,50.0,45.0,1.0,1.0,1.0,9.0,3.0,5.0,7.0,7.0,1463.0,273.0,7.0,7.0,42.0,6.0,12.0,19.0,7.0,16.0,27.0,10.0,19.0,29.0,9.0,17.0,23.0,7.0,15.0,17.0,3.0,7.0,8.0,6.0,8.0,8.0,9.0,30.0,35.0,39.0,46.0,6.0,8.0
2010,10,8,4,159,37,2,4,14,2,129000000,54.6,21.0,1.0,1.0,17.0,4.0,4.0,27.0,6.0,16.0,29.0,27.0,40.0,38.0,48.0,48.0,50.0,1.0,1.0,1.0,6.0,9.0,3.0,91.0,294.0,28.0,91.0,77.0,168.0,35.0,6.0,12.0,19.0,8.0,16.0,27.0,9.0,18.0,28.0,9.0,16.0,23.0,7.0,14.0,17.0,4.0,7.0,8.0,6.0,8.0,8.0,2.0,31.0,36.0,38.0,43.0,3.0,7.0
2010,10,15,4,150,41,3,4,10,0,15000000,92.4,45.5,9.0,1.0,1.0,30.0,4.0,4.0,35.0,6.0,16.0,39.0,27.0,40.0,46.0,48.0,48.0,6.0,1.0,1.0,8.0,6.0,9.0,119.0,238.0,105.0,28.0,203.0,84.0,63.0,7.0,12.0,19.0,8.0,16.0,26.0,9.0,17.0,28.0,8.0,16.0,23.0,8.0,15.0,17.0,5.0,7.0,8.0,6.0,8.0,8.0,4.0,5.0,9.0,11.0,39.0,3.0,5.0
2010,10,29,4,132,26,5,2,17,1,15000000,140.0,28.0,4.0,2.0,9.0,5.0,31.0,30.0,9.0,36.0,35.0,11.0,38.0,39.0,39.0,43.0,46.0,3.0,3.0,6.0,5.0,7.0,8.0,1421.0,448.0,448.0,133.0,70.0,126.0,35.0,7.0,12.0,20.0,9.0,18.0,26.0,9.0,19.0,30.0,9.0,16.0,24.0,8.0,13.0,17.0,5.0,7.0,8.0,6.0,8.0,8.0,21.0,23.0,33.0,40.0,50.0,4.0,5.0
2010,11,5,4,167,29,2,3,9,1,28000000,103.6,38.5,16.0,4.0,2.0,20.0,5.0,31.0,22.0,9.0,36.0,32.0,11.0,38.0,42.0,39.0,43.0,8.0,3.0,3.0,9.0,5.0,7.0,490.0,385.0,238.0,42.0,49.0,63.0,14.0,8.0,13.0,21.0,9.0,19.0,27.0,9.0,20.0,30.0,8.0,15.0,24.0,8.0,13.0,17.0,5.0,7.0,8.0,6.0,8.0,8.0,7.0,19.0,23.0,29.0,47.0,1.0,6.0
2010,11,12,4,125,40,0,2,7,1,15000000,96.6,38.5,21.0,16.0,4.0,23.0,20.0,5.0,33.0,22.0,9.0,40.0,32.0,11.0,50.0,42.0,39.0,4.0,8.0,3.0,5.0,9.0,5.0,175.0,175.0,217.0,98.0,91.0,42.0,42.0,8.0,13.0,21.0,9.0,19.0,27.0,9.0,20.0,30.0,8.0,15.0,23.0,8.0,13.0,17.0,5.0,7.0,8.0,6.0,8.0,8.0,12.0,15.0,32.0,36.0,45.0,7.0,9.0
2010,11,19,4,140,33,3,3,16,0,29000000,72.8,28.0,7.0,21.0,16.0,19.0,23.0,20.0,23.0,33.0,22.0,29.0,40.0,32.0,47.0,50.0,42.0,1.0,4.0,8.0,6.0,5.0,9.0,140.0,371.0,336.0,161.0,70.0,126.0,21.0,9.0,13.0,20.0,9.0,20.0,28.0,10.0,21.0,29.0,8.0,15.0,23.0,8.0,12.0,17.0,6.0,7.0,8.0,6.0,8.0,8.0,9.0,28.0,36.0,41.0,49.0,5.0,7.0
2010,11,26,4,163,40,2,4,12,0,44000000,63.0,14.0,12.0,7.0,21.0,15.0,19.0,23.0,32.0,23.0,33.0,36.0,29.0,40.0,45.0,47.0,50.0,7.0,1.0,4.0,9.0,6.0,5.0,49.0,252.0,42.0,77.0,84.0,301.0,42.0,8.0,13.0,19.0,9.0,20.0,27.0,9.0,20.0,28.0,9.0,15.0,23.0,9.0,12.0,17.0,7.0,8.0,8.0,5.0,8.0,8.0,8.0,19.0,28.0,32.0,46.0,4.0,7.0
2010,12,3,4,133,38,4,3,11,1,15000000,51.8,17.5,9.0,12.0,7.0,28.0,15.0,19.0,36.0,32.0,23.0,41.0,36.0,29.0,49.0,45.0,47.0,5.0,7.0,1.0,7.0,9.0,6.0,252.0,21.0,119.0,35.0,56.0,28.0,7.0,9.0,14.0,18.0,9.0,19.0,27.0,9.0,19.0,28.0,9.0,15.0,22.0,9.0,11.0,17.0,7.0,8.0,8.0,5.0,7.0,8.0,2.0,3.0,10.0,33.0,46.0,7.0,8.0
2010,12,10,4,94,44,3,2,15,1,28000000,99.4,24.5,8.0,9.0,12.0,19.0,28.0,15.0,28.0,36.0,32.0,32.0,41.0,36.0,46.0,49.0,45.0,4.0,5.0,7.0,7.0,7.0,9.0,56.0,1190.0,2002.0,567.0,7.0,21.0,63.0,8.0,14.0,18.0,9.0,19.0,28.0,9.0,20.0,29.0,9.0,16.0,22.0,8.0,10.0,16.0,7.0,8.0,8.0,5.0,6.0,8.0,3.0,20.0,29.0,35.0,42.0,3.0,8.0
2010,12,17,4,129,39,2,3,11,1,43000000,42.0,31.5,2.0,8.0,9.0,3.0,19.0,28.0,10.0,28.0,36.0,33.0,32.0,41.0,46.0,46.0,49.0,7.0,4.0,5.0,8.0,7.0,7.0,140.0,49.0,91.0,364.0,49.0,56.0,7.0,9.0,14.0,18.0,8.0,18.0,28.0,9.0,19.0,29.0,9.0,17.0,23.0,8.0,9.0,16.0,6.0,8.0,8.0,5.0,6.0,8.0,19.0,36.0,38.0,42.0,46.0,2.0,8.0
2010,12,24,4,181,27,4,4,10,2,15000000,28.0,70.0,3.0,2.0,8.0,20.0,3.0,19.0,29.0,10.0,28.0,35.0,33.0,32.0,42.0,46.0,46.0,3.0,7.0,4.0,8.0,8.0,7.0,833.0,483.0,322.0,469.0,14.0,133.0,7.0,10.0,15.0,19.0,8.0,19.0,29.0,10.0,20.0,28.0,9.0,18.0,23.0,7.0,9.0,16.0,7.0,8.0,8.0,5.0,6.0,8.0,2.0,24.0,34.0,38.0,43.0,1.0,7.0
2010,12,31,4,141,41,4,3,8,0,15000000,86.8,35.0,19.0,3.0,2.0,36.0,20.0,3.0,38.0,29.0,10.0,42.0,35.0,33.0,46.0,42.0,46.0,2.0,3.0,7.0,8.0,8.0,8.0,21.0,119.0,210.0,77.0,77.0,49.0,28.0,9.0,15.0,18.0,8.0,19.0,29.0,10.0,20.0,28.0,9.0,18.0,22.0,7.0,9.0,16.0,7.0,8.0,8.0,5.0,6.0,8.0,1.0,22.0,32.0,48.0,50.0,6.0,7.0
2011,1,7,4,153,49,4,3,13,1,15000000,72.8,31.5,2.0,19.0,3.0,24.0,36.0,20.0,34.0,38.0,29.0,38.0,42.0,35.0,43.0,46.0,42.0,1.0,2.0,3.0,7.0,8.0,8.0,98.0,210.0,49.0,1792.0,63.0,91.0,7.0,9.0,14.0,18.0,9.0,19.0,29.0,9.0,19.0,27.0,10.0,18.0,23.0,7.0,9.0,16.0,7.0,8.0,8.0,5.0,6.0,8.0,2.0,14.0,24.0,39.0,44.0,6.0,7.0
2011,1,14,4,123,42,4,2,13,1,15000000,140.0,7.0,1.0,2.0,19.0,22.0,24.0,36.0,32.0,34.0,38.0,48.0,38.0,42.0,50.0,43.0,46.0,6.0,1.0,2.0,7.0,7.0,8.0,14.0,581.0,217.0,98.0,217.0,7.0,7.0,8.0,14.0,18.0,9.0,19.0,30.0,9.0,20.0,27.0,10.0,17.0,23.0,8.0,10.0,16.0,7.0,8.0,8.0,4.0,6.0,8.0,3.0,11.0,13.0,18.0,21.0,4.0,5.0
2011,1,21,4,66,18,1,0,9,1,29000000,110.6,52.5,2.0,1.0,2.0,14.0,22.0,24.0,24.0,32.0,34.0,39.0,48.0,38.0,44.0,50.0,43.0,6.0,6.0,1.0,7.0,7.0,7.0,35.0,280.0,147.0,1575.0,2044.0,49.0,77.0,7.0,14.0,17.0,10.0,20.0,29.0,9.0,19.0,27.0,10.0,17.0,24.0,8.0,11.0,17.0,7.0,8.0,8.0,4.0,6.0,8.0,13.0,23.0,24.0,41.0,42.0,1.0,5.0
2011,1,28,4,143,29,2,2,6,0,15000000,39.2,17.5,3.0,2.0,1.0,11.0,14.0,22.0,13.0,24.0,32.0,18.0,39.0,48.0,21.0,44.0,50.0,4.0,6.0,6.0,5.0,7.0,7.0,147.0,84.0,14.0,63.0,42.0,28.0,7.0,7.0,14.0,17.0,10.0,19.0,29.0,9.0,19.0,27.0,9.0,17.0,24.0,7.0,11.0,17.0,7.0,8.0,8.0,3.0,6.0,8.0,2.0,11.0,24.0,35.0,47.0,5.0,9.0
2011,2,4,4,119,45,2,2,14,0,28000000,35.0,42.0,13.0,3.0,2.0,23.0,11.0,14.0,24.0,13.0,24.0,41.0,18.0,39.0,42.0,21.0,44.0,1.0,4.0,6.0,5.0,5.0,7.0,21.0,14.0,7.0,49.0,84.0,70.0,77.0,6.0,14.0,17.0,9.0,18.0,29.0,8.0,18.0,27.0,9.0,16.0,24.0,7.0,11.0,17.0,7.0,8.0,8.0,4.0,6.0,8.0,12.0,14.0,15.0,19.0,23.0,7.0,8.0
2011,2,11,4,83,11,2,0,15,1,15000000,51.8,38.5,2.0,13.0,3.0,11.0,23.0,11.0,24.0,24.0,13.0,35.0,41.0,18.0,47.0,42.0,21.0,5.0,1.0,4.0,9.0,5.0,5.0,84.0,28.0,182.0,945.0,1946.0,63.0,49.0,6.0,13.0,17.0,8.0,18.0,29.0,8.0,18.0,27.0,9.0,17.0,25.0,8.0,12.0,18.0,7.0,8.0,8.0,4.0,6.0,8.0,2.0,3.0,15.0,45.0,49.0,5.0,9.0
2011,2,18,4,114,47,1,2,14,0,28000000,44.8,14.0,12.0,2.0,13.0,14.0,11.0,23.0,15.0,24.0,24.0,19.0,35.0,41.0,23.0,47.0,42.0,7.0,5.0,1.0,8.0,9.0,5.0,14.0,70.0,7.0,1022.0,84.0,14.0,14.0,6.0,13.0,17.0,8.0,17.0,29.0,7.0,18.0,26.0,9.0,17.0,26.0,9.0,12.0,18.0,7.0,8.0,8.0,4.0,6.0,8.0,12.0,13.0,42.0,45.0,48.0,3.0,9.0
2011,2,25,4,160,36,3,3,12,0,43000000,25.2,38.5,2.0,12.0,2.0,3.0,14.0,11.0,15.0,15.0,24.0,45.0,19.0,35.0,49.0,23.0,47.0,5.0,7.0,5.0,9.0,8.0,9.0,14.0,217.0,1295.0,7.0,147.0,70.0,7.0,6.0,13.0,17.0,8.0,18.0,28.0,7.0,18.0,27.0,9.0,16.0,26.0,10.0,12.0,18.0,7.0,8.0,8.0,4.0,6.0,8.0,11.0,25.0,27.0,28.0,41.0,5.0,8.0
2011,3,4,4,132,30,1,3,13,1,59000000,103.6,17.5,12.0,2.0,12.0,13.0,3.0,14.0,42.0,15.0,15.0,45.0,45.0,19.0,48.0,49.0,23.0,3.0,5.0,7.0,9.0,9.0,8.0,413.0,210.0,406.0,217.0,532.0,14.0,21.0,6.0,14.0,17.0,8.0,18.0,28.0,7.0,19.0,28.0,9.0,17.0,26.0,10.0,13.0,19.0,6.0,8.0,8.0,4.0,6.0,8.0,17.0,19.0,24.0,37.0,46.0,2.0,7.0
2011,3,11,4,143,29,2,2,9,1,80000000,109.2,52.5,11.0,12.0,2.0,25.0,13.0,3.0,27.0,42.0,15.0,28.0,45.0,45.0,41.0,48.0,49.0,5.0,3.0,5.0,8.0,9.0,9.0,175.0,98.0,35.0,231.0,77.0,77.0,56.0,7.0,14.0,17.0,8.0,17.0,27.0,6.0,19.0,28.0,9.0,18.0,26.0,10.0,13.0,19.0,7.0,8.0,8.0,4.0,5.0,8.0,1.0,13.0,20.0,26.0,50.0,6.0,7.0
2011,3,18,4,110,49,3,2,13,1,105000000,89.6,35.0,17.0,11.0,12.0,19.0,25.0,13.0,24.0,27.0,42.0,37.0,28.0,45.0,46.0,41.0,48.0,2.0,5.0,3.0,7.0,8.0,9.0,70.0,21.0,511.0,336.0,70.0,63.0,7.0,7.0,14.0,17.0,7.0,17.0,26.0,6.0,19.0,29.0,9.0,19.0,26.0,10.0,13.0,19.0,7.0,8.0,8.0,4.0,5.0,8.0,6.0,12.0,21.0,27.0,33.0,3.0,7.0
2011,3,25,4,99,27,2,2,10,0,133000000,78.4,17.5,1.0,17.0,11.0,13.0,19.0,25.0,20.0,24.0,27.0,26.0,37.0,28.0,50.0,46.0,41.0,6.0,2.0,5.0,7.0,7.0,8.0,329.0,763.0,637.0,175.0,301.0,28.0,7.0,8.0,15.0,17.0,8.0,17.0,27.0,7.0,19.0,30.0,9.0,19.0,25.0,10.0,14.0,19.0,7.0,8.0,8.0,4.0,5.0,8.0,4.0,17.0,21.0,22.0,33.0,4.0,8.0
2011,4,1,4,97,29,2,1,12,2,15000000,56.0,49.0,6.0,1.0,17.0,12.0,13.0,19.0,21.0,20.0,24.0,27.0,26.0,37.0,33.0,50.0,46.0,3.0,6.0,2.0,7.0,7.0,7.0,161.0,301.0,7.0,1106.0,7.0,70.0,28.0,8.0,15.0,17.0,9.0,17.0,27.0,6.0,18.0,29.0,9.0,20.0,26.0,9.0,14.0,18.0,7.0,8.0,8.0,4.0,5.0,8.0,21.0,23.0,38.0,47.0,50.0,2.0,6.0
2011,4,8,4,179,29,2,3,8,2,15000000,49.0,24.5,4.0,6.0,1.0,17.0,12.0,13.0,21.0,21.0,20.0,22.0,27.0,26.0,33.0,33.0,50.0,4.0,3.0,6.0,8.0,7.0,7.0,154.0,70.0,105.0,217.0,21.0,28.0,147.0,8.0,15.0,17.0,9.0,16.0,26.0,7.0,18.0,28.0,9.0,21.0,26.0,8.0,14.0,18.0,6.0,8.0,8.0,4.0,5.0,8.0,4.0,6.0,21.0,39.0,41.0,2.0,6.0
2011,4,15,4,111,37,2,2,8,2,29000000,35.0,7.0,21.0,4.0,6.0,23.0,17.0,12.0,38.0,21.0,21.0,47.0,22.0,27.0,50.0,33.0,33.0,2.0,4.0,3.0,6.0,8.0,7.0,14.0,231.0,14.0,91.0,42.0,7.0,7.0,8.0,15.0,17.0,9.0,16.0,26.0,7.0,17.0,28.0,9.0,20.0,25.0,7.0,13.0,17.0,6.0,8.0,8.0,4.0,5.0,8.0,11.0,22.0,36.0,45.0,48.0,1.0,4.0
2011,4,22,4,162,37,3,3,5,1,44000000,60.2,52.5,4.0,21.0,4.0,6.0,23.0,17.0,21.0,38.0,21.0,39.0,47.0,22.0,41.0,50.0,33.0,2.0,2.0,4.0,6.0,6.0,8.0,49.0,105.0,147.0,56.0,56.0,84.0,308.0,8.0,14.0,17.0,9.0,16.0,26.0,8.0,16.0,28.0,8.0,20.0,25.0,6.0,13.0,16.0,6.0,7.0,8.0,5.0,6.0,8.0,15.0,25.0,38.0,40.0,41.0,1.0,2.0
2011,4,29,4,159,26,2,3,3,1,15000000,67.2,10.5,11.0,4.0,21.0,22.0,6.0,23.0,36.0,21.0,38.0,45.0,39.0,47.0,48.0,41.0,50.0,1.0,2.0,2.0,4.0,6.0,6.0,1484.0,56.0,21.0,175.0,14.0,7.0,322.0,8.0,15.0,18.0,8.0,16.0,26.0,7.0,15.0,28.0,9.0,20.0,24.0,5.0,13.0,16.0,6.0,7.0,8.0,6.0,7.0,8.0,11.0,16.0,20.0,22.0,28.0,4.0,9.0
2011,5,6,4,97,17,4,1,13,1,28000000,65.8,42.0,15.0,11.0,4.0,25.0,22.0,6.0,38.0,36.0,21.0,40.0,45.0,39.0,41.0,48.0,41.0,1.0,1.0,2.0,2.0,4.0,6.0,14.0,406.0,49.0,35.0,2135.0,35.0,70.0,7.0,14.0,18.0,9.0,17.0,27.0,6.0,14.0,27.0,9.0,19.0,24.0,6.0,14.0,17.0,6.0,7.0,8.0,6.0,7.0,8.0,3.0,10.0,15.0,28.0,45.0,5.0,7.0
2011,5,10,1,101,42,2,2,12,0,100000000,53.0,56.5,11.0,15.0,11.0,16.0,25.0,22.0,20.0,38.0,36.0,22.0,40.0,45.0,28.0,41.0,48.0,4.0,1.0,1.0,9.0,2.0,4.0,109.0,907.0,81.0,67.0,172.0,67.0,46.0,8.0,14.0,18.0,10.0,17.0,28.0,6.0,14.0,27.0,9.0,18.0,24.0,7.0,14.0,17.0,6.0,7.0,8.0,6.0,7.0,8.0,9.0,11.0,17.0,36.0,47.0,1.0,2.0
2011,5,13,4,120,38,1,2,3,1,123000000,54.6,14.0,3.0,11.0,15.0,10.0,16.0,25.0,15.0,20.0,38.0,28.0,22.0,40.0,45.0,28.0,41.0,5.0,4.0,1.0,7.0,9.0,2.0,168.0,98.0,392.0,175.0,98.0,14.0,14.0,8.0,14.0,18.0,10.0,16.0,28.0,6.0,15.0,28.0,9.0,19.0,24.0,7.0,14.0,17.0,6.0,7.0,8.0,6.0,7.0,8.0,20.0,21.0,37.0,45.0,46.0,2.0,3.0
2011,5,17,1,169,26,2,3,5,1,15000000,36.8,28.5,9.0,3.0,11.0,11.0,10.0,16.0,17.0,15.0,20.0,36.0,28.0,22.0,47.0,45.0,28.0,1.0,5.0,4.0,2.0,7.0,9.0,522.0,249.0,312.0,25.0,67.0,32.0,242.0,8.0,14.0,19.0,10.0,17.0,28.0,7.0,15.0,28.0,8.0,18.0,24.0,8.0,14.0,17.0,5.0,7.0,8.0,7.0,8.0,8.0,10.0,14.0,20.0,25.0,42.0,8.0,11.0
2011,5,24,1,118,13,3,2,11,1,15000000,72.6,12.5,10.0,20.0,9.0,14.0,21.0,11.0,20.0,37.0,17.0,25.0,45.0,36.0,42.0,46.0,47.0,8.0,2.0,1.0,11.0,3.0,2.0,207.0,46.0,74.0,67.0,704.0,7.0,18.0,9.0,16.0,20.0,9.0,16.0,26.0,8.0,13.0,27.0,9.0,18.0,25.0,9.0,15.0,16.0,5.0,8.0,8.0,7.0,9.0,9.0,9.0,17.0,25.0,28.0,49.0,8.0,9.0
2011,5,27,4,128,40,1,2,17,1,26000000,30.0,5.0,16.0,10.0,20.0,23.0,14.0,21.0,24.0,20.0,37.0,26.0,25.0,45.0,29.0,42.0,46.0,2.0,8.0,2.0,9.0,11.0,3.0,14.0,56.0,539.0,17.0,98.0,7.0,3.0,8.0,15.0,20.0,10.0,15.0,26.0,9.0,14.0,28.0,8.0,17.0,25.0,9.0,15.0,16.0,5.0,8.0,8.0,7.0,9.0,9.0,1.0,9.0,10.0,22.0,50.0,5.0,11.0
2011,5,31,1,92,49,3,1,16,0,33000000,33.4,16.0,9.0,16.0,10.0,17.0,23.0,14.0,25.0,24.0,20.0,28.0,26.0,25.0,49.0,29.0,42.0,8.0,2.0,8.0,9.0,9.0,11.0,74.0,291.0,172.0,25.0,53.0,21.0,11.0,8.0,15.0,20.0,10.0,15.0,26.0,9.0,14.0,28.0,7.0,16.0,25.0,10.0,14.0,16.0,5.0,8.0,8.0,6.0,9.0,9.0,4.0,39.0,40.0,49.0,50.0,2.0,5.0
2011,6,3,4,182,46,3,4,7,1,46000000,28.6,6.5,1.0,9.0,16.0,9.0,17.0,23.0,10.0,25.0,24.0,22.0,28.0,26.0,50.0,49.0,29.0,5.0,8.0,2.0,11.0,9.0,9.0,49.0,322.0,896.0,504.0,3.0,10.0,126.0,9.0,15.0,19.0,10.0,16.0,26.0,9.0,14.0,28.0,8.0,16.0,25.0,9.0,14.0,16.0,5.0,8.0,8.0,6.0,9.0,9.0,6.0,25.0,36.0,38.0,40.0,4.0,10.0
2011,6,10,4,127,45,2,2,19,1,68000000,43.2,12.0,6.0,4.0,1.0,25.0,39.0,9.0,36.0,40.0,10.0,38.0,49.0,22.0,40.0,50.0,50.0,4.0,2.0,5.0,10.0,5.0,11.0,31.0,91.0,21.0,91.0,49.0,14.0,10.0,8.0,15.0,19.0,10.0,16.0,26.0,9.0,13.0,27.0,9.0,16.0,25.0,9.0,13.0,17.0,5.0,8.0,8.0,7.0,10.0,10.0,5.0,12.0,19.0,41.0,48.0,8.0,10.0
2011,6,14,1,125,43,2,2,18,2,76000000,74.0,5.5,3.0,6.0,4.0,19.0,25.0,39.0,20.0,36.0,40.0,37.0,38.0,49.0,48.0,40.0,50.0,8.0,4.0,2.0,11.0,10.0,5.0,298.0,81.0,466.0,137.0,4.0,4.0,7.0,9.0,15.0,19.0,10.0,16.0,26.0,9.0,14.0,28.0,10.0,16.0,25.0,8.0,13.0,17.0,5.0,8.0,8.0,6.0,10.0,10.0,11.0,16.0,21.0,22.0,44.0,3.0,8.0
2011,6,17,4,114,33,3,1,11,1,91000000,52.2,17.0,5.0,3.0,6.0,12.0,19.0,25.0,19.0,20.0,36.0,41.0,37.0,38.0,48.0,48.0,40.0,8.0,8.0,4.0,10.0,11.0,10.0,42.0,42.0,63.0,17.0,154.0,84.0,77.0,10.0,15.0,19.0,10.0,16.0,26.0,9.0,14.0,28.0,9.0,15.0,24.0,8.0,14.0,17.0,5.0,8.0,8.0,6.0,10.0,10.0,17.0,20.0,35.0,49.0,50.0,3.0,4.0
2011,6,21,1,171,33,2,3,7,1,101000000,41.8,9.0,11.0,5.0,3.0,16.0,12.0,19.0,21.0,19.0,20.0,22.0,41.0,37.0,44.0,48.0,48.0,3.0,8.0,8.0,8.0,10.0,11.0,102.0,186.0,256.0,18.0,18.0,4.0,60.0,10.0,15.0,19.0,10.0,17.0,26.0,9.0,15.0,27.0,8.0,14.0,24.0,7.0,13.0,17.0,5.0,7.0,8.0,6.0,10.0,10.0,5.0,16.0,20.0,30.0,41.0,6.0,11.0
2011,6,24,4,112,36,3,2,17,1,119000000,57.8,42.0,17.0,11.0,5.0,20.0,16.0,12.0,35.0,21.0,19.0,49.0,22.0,41.0,50.0,44.0,48.0,3.0,3.0,8.0,4.0,8.0,10.0,10.0,7.0,14.0,301.0,56.0,98.0,14.0,9.0,14.0,19.0,9.0,16.0,26.0,9.0,15.0,27.0,8.0,15.0,24.0,7.0,13.0,17.0,6.0,7.0,8.0,6.0,10.0,10.0,15.0,16.0,30.0,44.0,50.0,2.0,3.0
2011,6,28,1,155,35,4,3,5,1,132000000,15.0,16.0,5.0,17.0,11.0,16.0,20.0,16.0,20.0,35.0,21.0,30.0,49.0,22.0,41.0,50.0,44.0,6.0,3.0,3.0,11.0,4.0,8.0,60.0,4.0,403.0,536.0,7.0,25.0,42.0,9.0,13.0,19.0,8.0,16.0,26.0,9.0,15.0,27.0,8.0,16.0,25.0,6.0,13.0,17.0,6.0,7.0,8.0,7.0,10.0,10.0,8.0,11.0,23.0,31.0,46.0,8.0,9.0
2011,7,1,4,119,38,2,2,17,1,152000000,113.2,24.5,15.0,5.0,17.0,16.0,16.0,20.0,30.0,20.0,35.0,44.0,30.0,49.0,50.0,41.0,50.0,2.0,6.0,3.0,3.0,11.0,4.0,210.0,49.0,231.0,623.0,45.0,17.0,35.0,9.0,14.0,19.0,8.0,16.0,26.0,9.0,15.0,27.0,8.0,17.0,26.0,6.0,13.0,17.0,6.0,7.0,8.0,7.0,10.0,10.0,11.0,28.0,29.0,47.0,49.0,1.0,5.0
2011,7,5,1,164,38,1,4,6,0,171000000,30.4,42.5,8.0,15.0,5.0,11.0,16.0,16.0,23.0,30.0,20.0,31.0,44.0,30.0,46.0,50.0,41.0,8.0,2.0,6.0,9.0,3.0,11.0,18.0,221.0,200.0,88.0,39.0,53.0,32.0,8.0,14.0,19.0,8.0,17.0,25.0,9.0,16.0,27.0,9.0,17.0,26.0,7.0,13.0,17.0,6.0,7.0,8.0,7.0,10.0,10.0,12.0,13.0,23.0,40.0,49.0,7.0,10.0
2011,7,8,4,137,37,2,2,17,1,185000000,35.4,41.5,11.0,8.0,15.0,28.0,11.0,16.0,29.0,23.0,30.0,47.0,31.0,44.0,49.0,46.0,50.0,1.0,8.0,2.0,5.0,9.0,3.0,133.0,112.0,7.0,70.0,3.0,147.0,24.0,8.0,15.0,19.0,8.0,17.0,25.0,8.0,16.0,26.0,10.0,17.0,26.0,7.0,13.0,17.0,7.0,8.0,8.0,7.0,10.0,10.0,17.0,19.0,38.0,42.0,45.0,9.0,10.0
2011,7,15,4,138,33,3,4,7,1,15000000,86.6,20.5,17.0,12.0,11.0,19.0,13.0,28.0,38.0,23.0,29.0,42.0,40.0,47.0,45.0,49.0,49.0,9.0,7.0,1.0,10.0,10.0,5.0,38.0,490.0,252.0,763.0,266.0,24.0,24.0,7.0,15.0,19.0,8.0,18.0,24.0,9.0,17.0,25.0,10.0,18.0,27.0,8.0,13.0,17.0,7.0,9.0,9.0,7.0,10.0,10.0,3.0,16.0,25.0,26.0,35.0,5.0,9.0
2011,7,19,1,105,32,2,2,14,0,21000000,26.8,10.5,6.0,17.0,12.0,26.0,19.0,13.0,33.0,38.0,23.0,34.0,42.0,40.0,39.0,45.0,49.0,3.0,9.0,7.0,4.0,10.0,10.0,39.0,21.0,53.0,56.0,851.0,49.0,18.0,8.0,14.0,19.0,7.0,18.0,23.0,9.0,17.0,25.0,10.0,18.0,27.0,8.0,14.0,18.0,8.0,9.0,9.0,7.0,10.0,10.0,4.0,15.0,23.0,49.0,50.0,2.0,6.0
2011,7,22,4,141,46,2,2,8,2,15000000,25.0,26.0,3.0,6.0,17.0,16.0,26.0,19.0,25.0,33.0,38.0,26.0,34.0,42.0,35.0,39.0,45.0,5.0,3.0,9.0,9.0,4.0,10.0,49.0,245.0,14.0,31.0,24.0,24.0,98.0,9.0,14.0,19.0,8.0,18.0,22.0,8.0,17.0,24.0,9.0,17.0,26.0,7.0,14.0,18.0,8.0,9.0,9.0,7.0,10.0,10.0,1.0,5.0,22.0,25.0,48.0,3.0,11.0
2011,7,26,1,101,47,2,1,14,0,15000000,35.2,21.5,4.0,3.0,6.0,15.0,16.0,26.0,23.0,25.0,33.0,49.0,26.0,34.0,50.0,35.0,39.0,2.0,5.0,3.0,6.0,9.0,4.0,56.0,277.0,270.0,67.0,42.0,11.0,32.0,10.0,14.0,19.0,8.0,18.0,23.0,8.0,18.0,24.0,10.0,17.0,26.0,8.0,14.0,18.0,8.0,9.0,9.0,7.0,10.0,10.0,12.0,19.0,27.0,37.0,38.0,5.0,10.0
2011,7,29,4,133,26,2,3,15,1,27000000,46.0,13.5,1.0,4.0,3.0,5.0,15.0,16.0,22.0,23.0,25.0,25.0,49.0,26.0,48.0,50.0,35.0,3.0,2.0,5.0,11.0,6.0,9.0,21.0,17.0,147.0,49.0,406.0,10.0,17.0,9.0,14.0,19.0,8.0,18.0,23.0,8.0,19.0,24.0,10.0,17.0,26.0,8.0,15.0,19.0,7.0,9.0,9.0,7.0,10.0,10.0,5.0,8.0,14.0,24.0,33.0,3.0,8.0
2011,8,2,1,84,28,3,1,11,1,15000000,40.2,19.5,12.0,1.0,4.0,19.0,5.0,15.0,27.0,22.0,23.0,37.0,25.0,49.0,38.0,48.0,50.0,5.0,3.0,2.0,10.0,11.0,6.0,39.0,403.0,571.0,480.0,123.0,7.0,46.0,9.0,14.0,18.0,9.0,19.0,24.0,8.0,20.0,25.0,10.0,18.0,26.0,9.0,15.0,19.0,7.0,9.0,9.0,7.0,10.0,10.0,13.0,14.0,18.0,32.0,34.0,1.0,10.0
2011,8,5,4,111,21,4,2,11,1,26000000,91.6,19.0,5.0,12.0,1.0,8.0,19.0,5.0,14.0,27.0,22.0,24.0,37.0,25.0,33.0,38.0,48.0,3.0,5.0,3.0,8.0,10.0,11.0,189.0,77.0,406.0,245.0,588.0,31.0,7.0,9.0,15.0,18.0,9.0,18.0,24.0,9.0,20.0,26.0,10.0,19.0,26.0,9.0,16.0,20.0,6.0,9.0,9.0,7.0,9.0,10.0,7.0,23.0,24.0,34.0,36.0,8.0,11.0
2011,8,9,1,124,29,3,2,19,1,34000000,72.4,10.5,13.0,5.0,12.0,14.0,8.0,19.0,18.0,14.0,27.0,32.0,24.0,37.0,34.0,33.0,38.0,1.0,3.0,5.0,10.0,8.0,10.0,270.0,77.0,77.0,25.0,466.0,39.0,14.0,9.0,16.0,19.0,9.0,18.0,24.0,9.0,19.0,26.0,9.0,18.0,26.0,10.0,16.0,21.0,7.0,9.0,9.0,6.0,8.0,10.0,7.0,10.0,20.0,27.0,37.0,4.0,7.0
2011,8,12,4,101,30,2,2,11,1,46000000,30.6,31.5,7.0,13.0,5.0,23.0,14.0,8.0,24.0,18.0,14.0,34.0,32.0,24.0,36.0,34.0,33.0,8.0,1.0,3.0,11.0,10.0,8.0,3.0,94.0,49.0,140.0,1050.0,66.0,94.0,9.0,15.0,19.0,9.0,18.0,24.0,10.0,18.0,25.0,9.0,18.0,26.0,10.0,17.0,22.0,7.0,9.0,9.0,7.0,9.0,10.0,1.0,13.0,17.0,18.0,45.0,3.0,8.0
2011,8,16,1,94,44,1,1,11,1,53000000,22.6,10.5,7.0,7.0,13.0,10.0,23.0,14.0,20.0,24.0,18.0,27.0,34.0,32.0,37.0,36.0,34.0,4.0,8.0,1.0,7.0,11.0,10.0,21.0,39.0,95.0,207.0,35.0,14.0,14.0,8.0,14.0,19.0,10.0,18.0,24.0,10.0,19.0,25.0,9.0,19.0,25.0,10.0,16.0,22.0,6.0,9.0,9.0,7.0,9.0,10.0,6.0,14.0,16.0,28.0,31.0,2.0,11.0
2011,8,19,4,95,25,4,2,13,1,65000000,34.8,19.0,1.0,7.0,7.0,13.0,10.0,23.0,17.0,20.0,24.0,18.0,27.0,34.0,45.0,37.0,36.0,3.0,4.0,8.0,8.0,7.0,11.0,35.0,14.0,329.0,84.0,420.0,28.0,10.0,8.0,13.0,19.0,9.0,18.0,24.0,10.0,20.0,26.0,10.0,19.0,25.0,10.0,16.0,23.0,6.0,9.0,9.0,6.0,9.0,10.0,4.0,6.0,14.0,42.0,50.0,2.0,4.0
2011,8,23,1,116,46,5,2,6,2,74000000,22.8,7.5,6.0,1.0,7.0,14.0,13.0,10.0,16.0,17.0,20.0,28.0,18.0,27.0,31.0,45.0,37.0,2.0,3.0,4.0,11.0,8.0,7.0,32.0,130.0,21.0,42.0,32.0,4.0,39.0,7.0,12.0,18.0,9.0,18.0,23.0,9.0,20.0,26.0,10.0,19.0,25.0,9.0,16.0,23.0,6.0,9.0,9.0,6.0,9.0,10.0,12.0,22.0,25.0,33.0,45.0,5.0,7.0
2011,8,26,4,137,33,2,2,12,0,88000000,24.8,21.0,4.0,6.0,1.0,6.0,14.0,13.0,14.0,16.0,17.0,42.0,28.0,18.0,50.0,31.0,45.0,2.0,2.0,3.0,4.0,11.0,8.0,28.0,126.0,38.0,259.0,10.0,28.0,14.0,7.0,12.0,18.0,9.0,18.0,22.0,9.0,19.0,25.0,10.0,20.0,26.0,9.0,16.0,22.0,6.0,9.0,9.0,5.0,9.0,10.0,2.0,8.0,10.0,19.0,46.0,5.0,9.0
2011,8,30,1,85,44,4,1,14,0,97000000,66.2,23.0,12.0,4.0,6.0,22.0,6.0,14.0,25.0,14.0,16.0,33.0,42.0,28.0,45.0,50.0,31.0,5.0,2.0,2.0,7.0,4.0,11.0,193.0,28.0,91.0,200.0,60.0,4.0,42.0,8.0,13.0,18.0,8.0,17.0,22.0,9.0,19.0,24.0,10.0,21.0,25.0,9.0,16.0,22.0,6.0,9.0,9.0,6.0,9.0,10.0,12.0,26.0,37.0,38.0,44.0,4.0,7.0
2011,9,2,4,157,32,4,4,11,1,114000000,34.8,8.5,2.0,12.0,4.0,8.0,22.0,6.0,10.0,25.0,14.0,19.0,33.0,42.0,46.0,45.0,50.0,5.0,5.0,2.0,9.0,7.0,4.0,7.0,49.0,108.0,87.0,77.0,21.0,7.0,8.0,13.0,18.0,8.0,16.0,22.0,9.0,19.0,24.0,10.0,21.0,25.0,9.0,15.0,22.0,6.0,9.0,9.0,6.0,9.0,10.0,35.0,42.0,47.0,48.0,50.0,8.0,9.0
2011,9,9,4,119,29,2,3,3,1,146000000,39.0,26.0,35.0,12.0,2.0,42.0,26.0,8.0,47.0,37.0,10.0,48.0,38.0,19.0,50.0,44.0,46.0,8.0,4.0,5.0,9.0,7.0,9.0,38.0,115.0,280.0,70.0,35.0,35.0,119.0,8.0,14.0,19.0,10.0,17.0,23.0,10.0,20.0,25.0,10.0,21.0,26.0,8.0,15.0,21.0,6.0,9.0,9.0,6.0,10.0,10.0,9.0,28.0,30.0,32.0,49.0,9.0,10.0
2011,9,13,1,148,40,3,4,19,1,159000000,55.6,23.0,5.0,35.0,12.0,21.0,42.0,26.0,28.0,47.0,37.0,31.0,48.0,38.0,34.0,50.0,44.0,1.0,8.0,4.0,2.0,9.0,7.0,109.0,70.0,77.0,39.0,67.0,63.0,39.0,9.0,15.0,19.0,10.0,17.0,23.0,10.0,19.0,25.0,10.0,20.0,25.0,8.0,15.0,21.0,7.0,9.0,9.0,7.0,10.0,10.0,2.0,8.0,17.0,39.0,42.0,3.0,10.0
2011,9,16,4,108,40,3,2,13,1,15000000,27.6,17.0,9.0,5.0,35.0,28.0,21.0,42.0,30.0,28.0,47.0,32.0,31.0,48.0,49.0,34.0,50.0,9.0,1.0,8.0,10.0,2.0,9.0,17.0,17.0,31.0,154.0,119.0,31.0,3.0,8.0,15.0,19.0,9.0,16.0,23.0,9.0,18.0,25.0,10.0,21.0,25.0,8.0,16.0,20.0,7.0,9.0,9.0,7.0,10.0,10.0,9.0,19.0,25.0,36.0,38.0,7.0,11.0
2011,9,20,1,127,29,2,2,18,0,15000000,22.6,25.0,2.0,9.0,5.0,8.0,28.0,21.0,17.0,30.0,28.0,39.0,32.0,31.0,42.0,49.0,34.0,3.0,9.0,1.0,10.0,10.0,2.0,7.0,53.0,25.0,130.0,53.0,74.0,32.0,7.0,15.0,19.0,9.0,16.0,22.0,9.0,18.0,25.0,10.0,21.0,25.0,9.0,15.0,20.0,8.0,8.0,9.0,6.0,10.0,10.0,6.0,14.0,33.0,34.0,48.0,2.0,6.0
2011,9,23,4,135,42,4,3,8,2,27000000,24.2,38.5,9.0,2.0,9.0,19.0,8.0,28.0,25.0,17.0,30.0,36.0,39.0,32.0,38.0,42.0,49.0,7.0,3.0,9.0,11.0,10.0,10.0,35.0,35.0,70.0,45.0,59.0,31.0,63.0,7.0,14.0,19.0,9.0,16.0,22.0,9.0,18.0,24.0,10.0,20.0,25.0,9.0,15.0,20.0,8.0,8.0,9.0,7.0,9.0,10.0,18.0,27.0,28.0,35.0,40.0,3.0,5.0
2011,9,27,1,148,22,3,4,8,0,34000000,40.8,19.5,6.0,9.0,2.0,14.0,19.0,8.0,33.0,25.0,17.0,34.0,36.0,39.0,48.0,38.0,42.0,2.0,7.0,3.0,6.0,11.0,10.0,662.0,375.0,18.0,235.0,112.0,11.0,84.0,7.0,14.0,20.0,9.0,16.0,23.0,8.0,18.0,24.0,10.0,21.0,26.0,10.0,16.0,20.0,8.0,8.0,9.0,7.0,9.0,10.0,5.0,15.0,28.0,31.0,44.0,1.0,6.0
2011,9,30,4,123,39,2,3,7,1,48000000,28.6,14.0,18.0,6.0,9.0,27.0,14.0,19.0,28.0,33.0,25.0,35.0,34.0,36.0,40.0,48.0,38.0,3.0,2.0,7.0,5.0,6.0,11.0,21.0,70.0,3.0,21.0,28.0,21.0,7.0,7.0,13.0,20.0,9.0,16.0,23.0,8.0,17.0,24.0,9.0,20.0,26.0,9.0,16.0,20.0,8.0,8.0,9.0,7.0,9.0,10.0,14.0,16.0,23.0,38.0,45.0,8.0,11.0
2011,10,4,1,136,31,3,2,19,1,100000000,33.2,21.0,5.0,18.0,6.0,15.0,27.0,14.0,28.0,28.0,33.0,31.0,35.0,34.0,44.0,40.0,48.0,1.0,3.0,2.0,6.0,5.0,6.0,655.0,77.0,74.0,32.0,39.0,28.0,14.0,8.0,14.0,21.0,10.0,16.0,23.0,8.0,17.0,24.0,8.0,19.0,26.0,9.0,16.0,20.0,7.0,8.0,9.0,7.0,9.0,10.0,18.0,26.0,34.0,38.0,42.0,5.0,8.0
2011,10,7,4,158,24,5,4,13,1,119000000,16.6,6.5,14.0,5.0,18.0,16.0,15.0,27.0,23.0,28.0,28.0,38.0,31.0,35.0,45.0,44.0,40.0,8.0,1.0,3.0,11.0,6.0,5.0,10.0,35.0,280.0,3.0,21.0,38.0,52.0,7.0,13.0,21.0,10.0,16.0,23.0,8.0,17.0,25.0,8.0,19.0,26.0,9.0,16.0,20.0,7.0,8.0,9.0,7.0,9.0,10.0,1.0,4.0,12.0,16.0,48.0,9.0,10.0
2011,10,11,1,81,47,4,1,19,1,15000000,33.8,26.5,18.0,14.0,5.0,26.0,16.0,15.0,34.0,23.0,28.0,38.0,38.0,31.0,42.0,45.0,44.0,5.0,8.0,1.0,8.0,11.0,6.0,56.0,375.0,1068.0,1159.0,18.0,28.0,25.0,7.0,13.0,21.0,10.0,17.0,24.0,8.0,18.0,26.0,8.0,20.0,27.0,8.0,15.0,20.0,7.0,8.0,9.0,6.0,9.0,10.0,12.0,23.0,29.0,32.0,47.0,3.0,5.0
2011,10,14,4,143,35,2,3,8,0,27000000,36.6,12.0,1.0,18.0,14.0,4.0,26.0,16.0,12.0,34.0,23.0,16.0,38.0,38.0,48.0,42.0,45.0,9.0,5.0,8.0,10.0,8.0,11.0,42.0,66.0,101.0,31.0,154.0,17.0,17.0,8.0,12.0,20.0,10.0,17.0,24.0,9.0,19.0,26.0,8.0,19.0,27.0,8.0,15.0,20.0,7.0,8.0,9.0,5.0,9.0,10.0,18.0,23.0,37.0,46.0,48.0,2.0,10.0
2011,10,18,1,172,30,3,3,12,2,34000000,23.4,16.0,12.0,1.0,18.0,23.0,4.0,26.0,29.0,12.0,34.0,32.0,16.0,38.0,47.0,48.0,42.0,3.0,9.0,5.0,5.0,10.0,8.0,11.0,4.0,46.0,459.0,7.0,25.0,7.0,8.0,12.0,20.0,9.0,17.0,24.0,9.0,19.0,26.0,9.0,19.0,28.0,7.0,15.0,20.0,7.0,8.0,9.0,5.0,9.0,10.0,2.0,19.0,33.0,37.0,46.0,5.0,8.0
2011,10,21,4,137,44,2,3,13,1,47000000,20.0,10.5,18.0,12.0,1.0,23.0,23.0,4.0,37.0,29.0,12.0,46.0,32.0,16.0,48.0,47.0,48.0,2.0,3.0,9.0,10.0,5.0,10.0,35.0,31.0,28.0,84.0,52.0,14.0,14.0,8.0,12.0,20.0,8.0,16.0,24.0,8.0,18.0,26.0,9.0,18.0,28.0,8.0,15.0,20.0,7.0,8.0,9.0,5.0,9.0,10.0,12.0,22.0,27.0,28.0,39.0,4.0,10.0
2011,10,25,1,128,27,3,3,14,2,15000000,32.6,30.0,2.0,18.0,12.0,19.0,23.0,23.0,33.0,37.0,29.0,37.0,46.0,32.0,46.0,48.0,47.0,5.0,2.0,3.0,8.0,10.0,5.0,11.0,60.0,88.0,67.0,102.0,53.0,7.0,7.0,12.0,20.0,9.0,16.0,24.0,8.0,18.0,26.0,9.0,18.0,28.0,8.0,16.0,20.0,7.0,8.0,9.0,5.0,9.0,10.0,16.0,17.0,20.0,39.0,50.0,4.0,8.0
2011,10,28,4,142,34,3,2,12,2,26000000,38.2,5.0,12.0,2.0,18.0,22.0,19.0,23.0,27.0,33.0,37.0,28.0,37.0,46.0,39.0,46.0,48.0,4.0,5.0,2.0,10.0,8.0,10.0,157.0,154.0,77.0,42.0,52.0,3.0,7.0,7.0,13.0,20.0,9.0,17.0,24.0,9.0,18.0,26.0,9.0,17.0,28.0,9.0,15.0,19.0,7.0,8.0,9.0,5.0,9.0,10.0,14.0,20.0,23.0,45.0,46.0,1.0,11.0
2011,11,1,1,148,32,3,2,12,0,33000000,17.0,30.0,16.0,12.0,2.0,17.0,22.0,19.0,20.0,27.0,33.0,39.0,28.0,37.0,50.0,39.0,46.0,4.0,4.0,5.0,8.0,10.0,8.0,28.0,133.0,28.0,168.0,11.0,32.0,28.0,7.0,12.0,20.0,9.0,18.0,24.0,9.0,17.0,25.0,9.0,18.0,28.0,8.0,15.0,19.0,7.0,8.0,9.0,5.0,9.0,10.0,11.0,14.0,41.0,43.0,50.0,2.0,9.0
2011,11,4,4,159,39,2,3,11,1,45000000,114.6,20.5,14.0,16.0,12.0,20.0,17.0,22.0,23.0,20.0,27.0,45.0,39.0,28.0,46.0,50.0,39.0,1.0,4.0,4.0,11.0,8.0,10.0,122.0,42.0,2296.0,539.0,7.0,17.0,59.0,7.0,13.0,20.0,9.0,18.0,24.0,9.0,17.0,26.0,9.0,19.0,29.0,7.0,14.0,19.0,7.0,8.0,9.0,5.0,9.0,10.0,1.0,4.0,15.0,29.0,40.0,1.0,5.0
2011,11,8,1,89,39,2,2,6,0,53000000,32.4,12.5,11.0,14.0,16.0,14.0,20.0,17.0,41.0,23.0,20.0,43.0,45.0,39.0,50.0,46.0,50.0,2.0,1.0,4.0,9.0,11.0,8.0,28.0,28.0,182.0,361.0,42.0,7.0,25.0,7.0,12.0,19.0,8.0,17.0,24.0,10.0,18.0,27.0,10.0,19.0,30.0,7.0,13.0,19.0,6.0,8.0,9.0,5.0,9.0,10.0,1.0,4.0,18.0,23.0,30.0,3.0,7.0
2011,11,11,4,76,29,3,1,10,0,66000000,19.8,40.0,1.0,11.0,14.0,4.0,14.0,20.0,15.0,41.0,23.0,29.0,43.0,45.0,40.0,50.0,46.0,1.0,2.0,1.0,5.0,9.0,11.0,3.0,3.0,98.0,1134.0,1295.0,28.0,70.0,7.0,12.0,18.0,7.0,16.0,24.0,10.0,19.0,27.0,10.0,19.0,31.0,7.0,14.0,20.0,6.0,8.0,9.0,6.0,9.0,10.0,6.0,17.0,22.0,45.0,47.0,3.0,11.0
2011,11,15,1,137,41,2,2,14,0,15000000,27.6,9.0,1.0,1.0,11.0,4.0,4.0,14.0,18.0,15.0,41.0,23.0,29.0,43.0,30.0,40.0,50.0,3.0,1.0,2.0,7.0,5.0,9.0,53.0,18.0,112.0,14.0,32.0,4.0,14.0,8.0,12.0,18.0,7.0,16.0,24.0,10.0,19.0,27.0,9.0,19.0,31.0,7.0,13.0,19.0,5.0,8.0,9.0,6.0,9.0,10.0,4.0,12.0,24.0,39.0,44.0,2.0,4.0
2011,11,18,4,123,40,4,2,6,2,15000000,40.4,17.5,6.0,1.0,1.0,17.0,4.0,4.0,22.0,18.0,15.0,45.0,23.0,29.0,47.0,30.0,40.0,3.0,3.0,1.0,11.0,7.0,5.0,87.0,157.0,101.0,21.0,49.0,14.0,87.0,9.0,12.0,18.0,8.0,16.0,24.0,10.0,19.0,27.0,8.0,18.0,31.0,8.0,13.0,19.0,5.0,8.0,9.0,7.0,9.0,10.0,16.0,18.0,24.0,38.0,40.0,2.0,4.0
2011,11,22,1,136,24,5,2,6,2,21000000,20.0,4.0,4.0,6.0,1.0,12.0,17.0,4.0,24.0,22.0,18.0,39.0,45.0,23.0,44.0,47.0,30.0,2.0,3.0,3.0,4.0,11.0,7.0,25.0,599.0,4.0,46.0,14.0,4.0,4.0,8.0,12.0,18.0,8.0,17.0,24.0,9.0,19.0,27.0,8.0,17.0,31.0,7.0,13.0,19.0,5.0,8.0,9.0,7.0,9.0,10.0,14.0,19.0,26.0,28.0,34.0,5.0,8.0
2011,11,25,4,121,20,4,3,13,1,35000000,37.0,22.5,16.0,4.0,6.0,18.0,12.0,17.0,24.0,24.0,22.0,38.0,39.0,45.0,40.0,44.0,47.0,2.0,2.0,3.0,4.0,4.0,11.0,24.0,35.0,448.0,31.0,77.0,35.0,28.0,7.0,12.0,18.0,8.0,17.0,23.0,9.0,19.0,27.0,7.0,16.0,31.0,8.0,13.0,19.0,5.0,8.0,9.0,7.0,9.0,10.0,11.0,25.0,41.0,45.0,50.0,2.0,7.0
2011,11,29,1,172,39,1,3,9,1,15000000,31.8,12.5,14.0,16.0,4.0,19.0,18.0,12.0,26.0,24.0,24.0,28.0,38.0,39.0,34.0,40.0,44.0,5.0,2.0,2.0,8.0,4.0,4.0,25.0,175.0,25.0,14.0,25.0,7.0,18.0,6.0,12.0,18.0,8.0,18.0,23.0,8.0,19.0,26.0,7.0,16.0,31.0,7.0,13.0,19.0,5.0,8.0,9.0,6.0,9.0,10.0,7.0,27.0,30.0,40.0,43.0,8.0,9.0
2011,12,2,4,147,36,2,4,17,1,26000000,41.8,17.5,11.0,14.0,16.0,25.0,19.0,18.0,41.0,26.0,24.0,45.0,28.0,38.0,50.0,34.0,40.0,2.0,5.0,2.0,7.0,8.0,4.0,112.0,66.0,80.0,147.0,336.0,59.0,28.0,7.0,12.0,18.0,9.0,17.0,23.0,8.0,18.0,26.0,8.0,16.0,31.0,8.0,14.0,20.0,5.0,8.0,9.0,6.0,9.0,10.0,19.0,20.0,21.0,34.0,38.0,3.0,9.0
2011,12,6,1,132,19,3,2,12,0,15000000,31.8,12.5,7.0,11.0,14.0,27.0,25.0,19.0,30.0,41.0,26.0,40.0,45.0,28.0,43.0,50.0,34.0,8.0,2.0,5.0,9.0,7.0,8.0,347.0,35.0,172.0,74.0,77.0,21.0,4.0,8.0,13.0,19.0,9.0,16.0,23.0,8.0,19.0,25.0,9.0,16.0,30.0,8.0,14.0,20.0,5.0,8.0,9.0,6.0,8.0,10.0,12.0,21.0,29.0,44.0,47.0,1.0,2.0
2011,12,9,4,153,35,2,3,3,1,26000000,20.0,20.5,19.0,7.0,11.0,20.0,27.0,25.0,21.0,30.0,41.0,34.0,40.0,45.0,38.0,43.0,50.0,3.0,8.0,2.0,9.0,9.0,7.0,45.0,91.0,56.0,164.0,24.0,31.0,91.0,9.0,13.0,19.0,9.0,16.0,23.0,9.0,19.0,25.0,9.0,17.0,29.0,8.0,13.0,20.0,5.0,8.0,9.0,7.0,9.0,10.0,7.0,12.0,18.0,33.0,37.0,1.0,11.0
2011,12,13,1,107,30,2,2,12,0,33000000,28.4,16.0,12.0,19.0,7.0,21.0,20.0,27.0,29.0,21.0,30.0,44.0,34.0,40.0,47.0,38.0,43.0,1.0,3.0,8.0,2.0,9.0,9.0,11.0,25.0,32.0,109.0,123.0,4.0,28.0,9.0,13.0,19.0,9.0,15.0,23.0,8.0,18.0,24.0,9.0,18.0,29.0,9.0,14.0,20.0,5.0,8.0,9.0,6.0,9.0,10.0,2.0,5.0,10.0,23.0,31.0,2.0,5.0
2011,12,16,4,71,29,2,1,7,1,46000000,70.6,14.0,7.0,12.0,19.0,12.0,21.0,20.0,18.0,29.0,21.0,33.0,44.0,34.0,37.0,47.0,38.0,1.0,1.0,3.0,11.0,2.0,9.0,56.0,143.0,108.0,35.0,119.0,17.0,38.0,9.0,12.0,19.0,9.0,16.0,23.0,9.0,18.0,24.0,9.0,17.0,28.0,9.0,15.0,19.0,5.0,7.0,8.0,7.0,9.0,10.0,1.0,9.0,12.0,14.0,48.0,1.0,7.0
2011,12,20,1,84,47,3,1,8,0,15000000,45.0,14.0,2.0,7.0,12.0,5.0,12.0,21.0,10.0,18.0,29.0,23.0,33.0,44.0,31.0,37.0,47.0,2.0,1.0,1.0,5.0,11.0,2.0,39.0,203.0,70.0,1033.0,63.0,7.0,21.0,9.0,12.0,18.0,9.0,17.0,24.0,9.0,18.0,24.0,10.0,18.0,29.0,10.0,15.0,19.0,5.0,7.0,8.0,7.0,9.0,9.0,7.0,21.0,22.0,24.0,28.0,1.0,11.0
2011,12,23,4,102,21,3,1,12,0,29000000,24.2,6.5,1.0,2.0,7.0,9.0,5.0,12.0,12.0,10.0,18.0,14.0,23.0,33.0,48.0,31.0,37.0,1.0,2.0,1.0,7.0,5.0,11.0,10.0,14.0,38.0,143.0,231.0,3.0,10.0,8.0,12.0,17.0,9.0,17.0,23.0,10.0,18.0,24.0,10.0,18.0,29.0,10.0,16.0,20.0,5.0,7.0,8.0,7.0,9.0,9.0,19.0,21.0,25.0,26.0,44.0,3.0,7.0
2011,12,27,1,135,25,2,2,10,0,37000000,20.6,14.0,7.0,1.0,2.0,21.0,9.0,5.0,22.0,12.0,10.0,24.0,14.0,23.0,28.0,48.0,31.0,1.0,1.0,2.0,11.0,7.0,5.0,21.0,4.0,98.0,161.0,39.0,21.0,7.0,7.0,11.0,17.0,8.0,16.0,23.0,10.0,18.0,24.0,10.0,18.0,28.0,10.0,16.0,20.0,5.0,7.0,8.0,6.0,8.0,9.0,16.0,36.0,43.0,44.0,50.0,7.0,8.0
2011,12,30,4,189,34,4,4,15,1,50000000,40.2,15.5,19.0,7.0,1.0,21.0,21.0,9.0,25.0,22.0,12.0,26.0,24.0,14.0,44.0,28.0,48.0,3.0,1.0,1.0,7.0,11.0,7.0,38.0,371.0,749.0,21.0,31.0,101.0,35.0,7.0,11.0,17.0,8.0,16.0,24.0,10.0,19.0,25.0,9.0,18.0,28.0,9.0,15.0,20.0,5.0,8.0,8.0,6.0,8.0,9.0,3.0,30.0,42.0,45.0,49.0,5.0,10.0
2012,1,3,1,169,46,2,4,15,1,58000000,87.0,44.0,16.0,19.0,7.0,36.0,21.0,21.0,43.0,25.0,22.0,44.0,26.0,24.0,50.0,44.0,28.0,7.0,3.0,1.0,8.0,7.0,11.0,168.0,452.0,312.0,35.0,112.0,39.0,70.0,7.0,12.0,16.0,8.0,16.0,25.0,10.0,19.0,25.0,9.0,18.0,28.0,10.0,15.0,20.0,6.0,8.0,8.0,7.0,8.0,9.0,1.0,6.0,10.0,12.0,31.0,2.0,7.0
2012,1,10,1,93,36,4,2,11,1,15000000,24.8,19.5,1.0,3.0,16.0,6.0,30.0,36.0,10.0,42.0,43.0,12.0,45.0,44.0,31.0,49.0,50.0,2.0,5.0,7.0,7.0,10.0,8.0,53.0,21.0,4.0,200.0,49.0,4.0,35.0,8.0,12.0,16.0,7.0,17.0,25.0,8.0,19.0,25.0,9.0,18.0,30.0,9.0,15.0,19.0,5.0,7.0,8.0,7.0,8.0,9.0,13.0,14.0,21.0,27.0,39.0,6.0,8.0
2012,1,13,4,114,26,1,2,14,2,28000000,57.8,59.5,4.0,1.0,3.0,9.0,6.0,30.0,10.0,10.0,42.0,30.0,12.0,45.0,40.0,31.0,49.0,2.0,2.0,5.0,9.0,7.0,10.0,161.0,70.0,38.0,154.0,80.0,203.0,14.0,8.0,12.0,16.0,8.0,16.0,25.0,8.0,18.0,25.0,10.0,18.0,29.0,9.0,15.0,19.0,6.0,8.0,9.0,6.0,8.0,9.0,12.0,22.0,30.0,31.0,44.0,5.0,6.0
2012,1,17,1,139,32,4,3,11,1,35000000,14.4,9.0,13.0,4.0,1.0,14.0,9.0,6.0,21.0,10.0,10.0,27.0,30.0,12.0,39.0,40.0,31.0,6.0,2.0,2.0,8.0,9.0,7.0,39.0,84.0,46.0,109.0,21.0,14.0,109.0,9.0,12.0,16.0,8.0,16.0,25.0,8.0,17.0,25.0,10.0,18.0,28.0,8.0,15.0,19.0,6.0,8.0,9.0,7.0,9.0,9.0,2.0,10.0,22.0,27.0,28.0,6.0,8.0
2012,1,20,4,89,26,4,2,14,2,48000000,16.6,5.0,12.0,13.0,4.0,22.0,14.0,9.0,30.0,21.0,10.0,31.0,27.0,30.0,44.0,39.0,40.0,5.0,6.0,2.0,6.0,8.0,9.0,35.0,161.0,28.0,7.0,28.0,7.0,7.0,9.0,12.0,16.0,8.0,17.0,25.0,8.0,16.0,25.0,9.0,18.0,28.0,8.0,15.0,19.0,6.0,8.0,9.0,6.0,9.0,9.0,1.0,2.0,6.0,20.0,36.0,8.0,11.0
2012,1,24,1,65,35,4,1,19,1,15000000,22.8,18.0,2.0,12.0,13.0,10.0,22.0,14.0,22.0,30.0,21.0,27.0,31.0,27.0,28.0,44.0,39.0,6.0,5.0,6.0,8.0,6.0,8.0,18.0,1124.0,480.0,949.0,168.0,53.0,32.0,9.0,12.0,16.0,9.0,18.0,26.0,8.0,16.0,26.0,9.0,19.0,29.0,8.0,16.0,18.0,7.0,7.0,9.0,6.0,9.0,9.0,10.0,13.0,19.0,39.0,44.0,2.0,6.0
2012,1,27,4,125,34,2,2,8,2,27000000,15.2,12.0,1.0,2.0,12.0,2.0,10.0,22.0,6.0,22.0,30.0,20.0,27.0,31.0,36.0,28.0,44.0,8.0,6.0,5.0,11.0,8.0,6.0,252.0,164.0,227.0,70.0,10.0,17.0,10.0,9.0,13.0,17.0,10.0,19.0,26.0,9.0,16.0,27.0,9.0,19.0,29.0,8.0,15.0,18.0,6.0,7.0,9.0,6.0,9.0,9.0,9.0,34.0,38.0,43.0,45.0,2.0,4.0
2012,1,31,1,169,36,2,4,6,2,33000000,38.6,37.0,10.0,1.0,2.0,13.0,2.0,10.0,19.0,6.0,22.0,39.0,20.0,27.0,44.0,36.0,28.0,2.0,8.0,6.0,6.0,11.0,8.0,133.0,1719.0,203.0,88.0,119.0,4.0,70.0,9.0,14.0,17.0,10.0,20.0,27.0,9.0,17.0,28.0,9.0,19.0,29.0,9.0,16.0,18.0,5.0,7.0,9.0,7.0,9.0,9.0,16.0,19.0,20.0,25.0,28.0,1.0,10.0
2012,2,3,4,108,12,3,1,11,1,45000000,20.8,36.5,9.0,10.0,1.0,34.0,13.0,2.0,38.0,19.0,6.0,43.0,39.0,20.0,45.0,44.0,36.0,2.0,2.0,8.0,4.0,6.0,11.0,35.0,70.0,98.0,192.0,14.0,42.0,31.0,9.0,14.0,17.0,10.0,20.0,27.0,9.0,17.0,28.0,9.0,19.0,30.0,8.0,16.0,18.0,5.0,7.0,9.0,7.0,9.0,9.0,3.0,15.0,17.0,28.0,33.0,2.0,4.0
2012,2,7,1,96,30,1,2,6,2,53000000,54.0,7.0,16.0,9.0,10.0,19.0,34.0,13.0,20.0,38.0,19.0,25.0,43.0,39.0,28.0,45.0,44.0,1.0,2.0,2.0,10.0,4.0,6.0,35.0,130.0,144.0,74.0,189.0,7.0,7.0,9.0,14.0,17.0,10.0,20.0,27.0,9.0,18.0,28.0,9.0,19.0,29.0,8.0,16.0,19.0,5.0,7.0,9.0,7.0,9.0,9.0,3.0,8.0,14.0,31.0,41.0,7.0,11.0
2012,2,10,4,97,38,2,2,18,0,15000000,55.0,26.0,3.0,16.0,9.0,15.0,19.0,34.0,17.0,20.0,38.0,28.0,25.0,43.0,33.0,28.0,45.0,2.0,1.0,2.0,4.0,10.0,4.0,3.0,147.0,171.0,24.0,231.0,42.0,17.0,9.0,13.0,17.0,10.0,20.0,27.0,10.0,19.0,27.0,8.0,19.0,29.0,8.0,17.0,20.0,6.0,7.0,9.0,6.0,9.0,9.0,14.0,27.0,36.0,42.0,46.0,8.0,11.0
2012,2,14,1,165,32,4,4,19,1,21000000,39.4,12.5,3.0,3.0,16.0,8.0,15.0,19.0,14.0,17.0,20.0,31.0,28.0,25.0,41.0,33.0,28.0,7.0,2.0,1.0,11.0,4.0,10.0,81.0,74.0,252.0,175.0,105.0,21.0,4.0,9.0,13.0,17.0,10.0,20.0,27.0,10.0,20.0,28.0,8.0,20.0,29.0,8.0,18.0,20.0,6.0,7.0,9.0,5.0,9.0,9.0,4.0,11.0,28.0,38.0,47.0,10.0,11.0
2012,2,21,1,103,18,2,1,18,0,41000000,32.6,7.5,4.0,14.0,3.0,11.0,27.0,8.0,28.0,36.0,14.0,38.0,42.0,31.0,47.0,46.0,41.0,10.0,8.0,7.0,11.0,11.0,11.0,84.0,39.0,91.0,18.0,273.0,11.0,4.0,9.0,13.0,17.0,10.0,20.0,28.0,10.0,20.0,28.0,9.0,20.0,28.0,9.0,18.0,21.0,6.0,8.0,10.0,5.0,9.0,9.0,3.0,7.0,12.0,26.0,34.0,8.0,10.0
2012,2,24,4,82,31,3,2,18,2,54000000,39.6,8.5,11.0,4.0,14.0,14.0,11.0,27.0,24.0,28.0,36.0,25.0,38.0,42.0,29.0,47.0,46.0,7.0,10.0,8.0,11.0,11.0,11.0,14.0,672.0,66.0,59.0,91.0,10.0,21.0,8.0,13.0,17.0,10.0,20.0,29.0,10.0,19.0,28.0,9.0,20.0,28.0,10.0,19.0,21.0,5.0,8.0,10.0,4.0,9.0,9.0,1.0,10.0,17.0,33.0,48.0,2.0,3.0
2012,2,28,1,109,47,2,2,5,1,15000000,35.8,42.0,3.0,11.0,4.0,7.0,14.0,11.0,12.0,24.0,28.0,26.0,25.0,38.0,34.0,29.0,47.0,8.0,7.0,10.0,10.0,11.0,11.0,35.0,39.0,21.0,77.0,70.0,21.0,245.0,8.0,13.0,16.0,10.0,20.0,28.0,9.0,19.0,27.0,9.0,19.0,27.0,10.0,18.0,21.0,5.0,8.0,10.0,5.0,10.0,10.0,5.0,6.0,11.0,30.0,44.0,2.0,6.0
2012,3,2,4,96,39,3,2,8,2,26000000,41.0,19.0,1.0,3.0,11.0,10.0,7.0,14.0,17.0,12.0,24.0,33.0,26.0,25.0,48.0,34.0,29.0,2.0,8.0,7.0,3.0,10.0,11.0,154.0,56.0,581.0,52.0,35.0,3.0,35.0,8.0,14.0,16.0,10.0,19.0,28.0,9.0,20.0,28.0,9.0,18.0,27.0,10.0,17.0,21.0,5.0,8.0,10.0,5.0,10.0,10.0,23.0,24.0,27.0,37.0,47.0,2.0,6.0
2012,3,6,1,158,24,1,3,8,2,15000000,43.6,4.0,5.0,1.0,3.0,6.0,10.0,7.0,11.0,17.0,12.0,30.0,33.0,26.0,44.0,48.0,34.0,2.0,2.0,8.0,6.0,3.0,10.0,1670.0,431.0,133.0,137.0,18.0,4.0,4.0,8.0,15.0,17.0,10.0,20.0,28.0,9.0,20.0,28.0,9.0,19.0,27.0,9.0,17.0,21.0,5.0,8.0,10.0,5.0,9.0,10.0,3.0,32.0,36.0,39.0,47.0,6.0,9.0
2012,3,9,4,157,44,2,4,15,1,26000000,46.0,31.0,23.0,5.0,1.0,24.0,6.0,10.0,27.0,11.0,17.0,37.0,30.0,33.0,47.0,44.0,48.0,2.0,2.0,2.0,6.0,6.0,3.0,14.0,1610.0,24.0,42.0,3.0,49.0,59.0,7.0,15.0,17.0,10.0,20.0,29.0,8.0,19.0,28.0,10.0,19.0,27.0,8.0,16.0,21.0,5.0,8.0,10.0,6.0,9.0,10.0,1.0,10.0,25.0,43.0,47.0,8.0,9.0
2012,3,13,1,126,46,1,2,17,1,33000000,19.0,11.0,3.0,23.0,5.0,32.0,24.0,6.0,36.0,27.0,11.0,39.0,37.0,30.0,47.0,47.0,44.0,6.0,2.0,2.0,9.0,6.0,6.0,14.0,14.0,77.0,42.0,4.0,18.0,4.0,7.0,15.0,17.0,9.0,19.0,29.0,9.0,19.0,28.0,10.0,18.0,26.0,7.0,16.0,21.0,5.0,8.0,10.0,5.0,8.0,10.0,3.0,4.0,12.0,23.0,50.0,4.0,7.0
2012,3,16,4,92,47,3,1,11,1,45000000,28.6,31.0,1.0,3.0,23.0,10.0,32.0,24.0,25.0,36.0,27.0,43.0,39.0,37.0,47.0,47.0,47.0,8.0,6.0,2.0,9.0,9.0,6.0,7.0,126.0,21.0,91.0,77.0,140.0,70.0,7.0,15.0,17.0,9.0,20.0,29.0,8.0,19.0,28.0,10.0,18.0,26.0,7.0,16.0,21.0,6.0,9.0,10.0,6.0,8.0,10.0,15.0,16.0,28.0,30.0,46.0,3.0,4.0
2012,3,20,1,135,31,4,3,7,1,15000000,34.6,12.5,3.0,1.0,3.0,4.0,10.0,32.0,12.0,25.0,36.0,23.0,43.0,39.0,50.0,47.0,47.0,4.0,8.0,6.0,7.0,9.0,9.0,266.0,168.0,32.0,18.0,35.0,84.0,42.0,7.0,15.0,18.0,9.0,21.0,29.0,8.0,19.0,28.0,9.0,17.0,25.0,7.0,16.0,21.0,7.0,9.0,10.0,7.0,8.0,10.0,9.0,15.0,23.0,31.0,50.0,8.0,11.0
2012,3,23,4,128,41,1,2,19,1,26000000,22.2,20.5,15.0,3.0,1.0,16.0,4.0,10.0,28.0,12.0,25.0,30.0,23.0,43.0,46.0,50.0,47.0,3.0,4.0,8.0,4.0,7.0,9.0,52.0,45.0,143.0,42.0,7.0,10.0,31.0,7.0,14.0,18.0,9.0,20.0,29.0,9.0,20.0,28.0,9.0,17.0,25.0,7.0,16.0,21.0,6.0,9.0,10.0,7.0,8.0,10.0,24.0,27.0,29.0,34.0,36.0,7.0,8.0
2012,3,27,1,150,12,3,4,15,1,15000000,25.4,7.5,9.0,15.0,3.0,15.0,16.0,4.0,23.0,28.0,12.0,31.0,30.0,23.0,50.0,46.0,50.0,8.0,3.0,4.0,11.0,4.0,7.0,2811.0,42.0,109.0,112.0,63.0,35.0,67.0,7.0,15.0,19.0,9.0,19.0,29.0,9.0,20.0,28.0,9.0,17.0,25.0,7.0,16.0,21.0,6.0,9.0,10.0,8.0,8.0,10.0,4.0,17.0,23.0,36.0,46.0,6.0,10.0
2012,3,30,4,126,42,3,2,16,2,15000000,13.0,28.0,24.0,9.0,15.0,27.0,15.0,16.0,29.0,23.0,28.0,34.0,31.0,30.0,36.0,50.0,46.0,7.0,8.0,3.0,8.0,11.0,4.0,42.0,136.0,7.0,192.0,10.0,21.0,35.0,8.0,15.0,19.0,9.0,19.0,28.0,9.0,19.0,27.0,9.0,17.0,26.0,6.0,15.0,20.0,6.0,9.0,10.0,8.0,8.0,10.0,1.0,8.0,18.0,25.0,30.0,9.0,10.0
2012,4,3,1,82,29,3,1,19,1,21000000,44.2,12.5,4.0,24.0,9.0,17.0,27.0,15.0,23.0,29.0,23.0,36.0,34.0,31.0,46.0,36.0,50.0,6.0,7.0,8.0,10.0,8.0,11.0,21.0,53.0,112.0,42.0,144.0,175.0,4.0,8.0,15.0,19.0,10.0,19.0,28.0,9.0,20.0,27.0,9.0,16.0,25.0,6.0,15.0,20.0,7.0,10.0,10.0,7.0,8.0,10.0,11.0,20.0,30.0,35.0,45.0,2.0,3.0
2012,4,6,4,141,34,2,3,5,1,32000000,71.8,24.0,1.0,4.0,24.0,8.0,17.0,27.0,18.0,23.0,29.0,25.0,36.0,34.0,30.0,46.0,36.0,9.0,6.0,7.0,10.0,10.0,8.0,45.0,122.0,80.0,192.0,66.0,31.0,38.0,8.0,15.0,19.0,10.0,19.0,28.0,9.0,19.0,27.0,10.0,17.0,25.0,6.0,14.0,20.0,7.0,10.0,10.0,8.0,8.0,10.0,22.0,25.0,27.0,36.0,37.0,5.0,9.0
2012,4,10,1,147,15,2,3,14,0,39000000,29.6,45.5,11.0,1.0,4.0,20.0,8.0,17.0,30.0,18.0,23.0,35.0,25.0,36.0,45.0,30.0,46.0,2.0,9.0,6.0,3.0,10.0,10.0,921.0,133.0,35.0,11.0,119.0,84.0,28.0,8.0,15.0,19.0,10.0,20.0,27.0,9.0,18.0,26.0,9.0,17.0,24.0,7.0,14.0,20.0,8.0,10.0,10.0,7.0,8.0,10.0,8.0,13.0,26.0,39.0,43.0,3.0,5.0
2012,4,13,4,129,35,2,3,8,0,53000000,40.4,5.0,22.0,11.0,1.0,25.0,20.0,8.0,27.0,30.0,18.0,36.0,35.0,25.0,37.0,45.0,30.0,5.0,2.0,9.0,9.0,3.0,10.0,287.0,77.0,140.0,35.0,133.0,24.0,119.0,9.0,15.0,20.0,10.0,19.0,27.0,9.0,19.0,25.0,9.0,17.0,24.0,8.0,15.0,20.0,8.0,10.0,10.0,8.0,9.0,10.0,10.0,28.0,33.0,48.0,49.0,1.0,10.0
2012,4,17,1,168,39,3,4,11,1,15000000,53.2,44.0,8.0,22.0,11.0,13.0,25.0,20.0,26.0,27.0,30.0,39.0,36.0,35.0,43.0,37.0,45.0,3.0,5.0,2.0,5.0,9.0,3.0,81.0,217.0,179.0,224.0,105.0,74.0,14.0,10.0,14.0,20.0,10.0,20.0,28.0,9.0,19.0,26.0,9.0,17.0,25.0,8.0,16.0,20.0,9.0,10.0,10.0,8.0,9.0,10.0,3.0,6.0,29.0,32.0,41.0,10.0,11.0
2012,4,20,4,111,38,2,3,21,1,26000000,44.0,15.5,10.0,8.0,22.0,28.0,13.0,25.0,33.0,26.0,27.0,48.0,39.0,36.0,49.0,43.0,37.0,1.0,3.0,5.0,10.0,5.0,9.0,35.0,49.0,24.0,189.0,70.0,63.0,28.0,10.0,14.0,20.0,10.0,19.0,28.0,8.0,18.0,26.0,9.0,17.0,26.0,9.0,16.0,20.0,9.0,10.0,10.0,7.0,9.0,10.0,8.0,9.0,24.0,43.0,48.0,3.0,5.0
2012,4,24,1,132,40,3,2,8,0,32000000,17.8,11.0,3.0,10.0,8.0,6.0,28.0,13.0,29.0,33.0,26.0,32.0,48.0,39.0,41.0,49.0,43.0,10.0,1.0,3.0,11.0,10.0,5.0,11.0,105.0,63.0,42.0,56.0,11.0,11.0,9.0,14.0,20.0,10.0,20.0,28.0,8.0,17.0,26.0,9.0,17.0,26.0,10.0,16.0,20.0,9.0,10.0,10.0,6.0,9.0,10.0,20.0,27.0,30.0,36.0,43.0,1.0,6.0
2012,4,27,4,156,23,3,4,7,1,44000000,15.8,19.0,8.0,3.0,10.0,9.0,6.0,28.0,24.0,29.0,33.0,43.0,32.0,48.0,48.0,41.0,49.0,3.0,10.0,1.0,5.0,11.0,10.0,346.0,31.0,21.0,17.0,14.0,10.0,52.0,9.0,15.0,21.0,9.0,19.0,28.0,8.0,16.0,26.0,8.0,17.0,26.0,9.0,16.0,20.0,8.0,10.0,10.0,7.0,9.0,10.0,4.0,5.0,15.0,19.0,41.0,9.0,11.0
2012,5,1,1,84,37,1,1,20,0,15000000,46.0,16.0,20.0,8.0,3.0,27.0,9.0,6.0,30.0,24.0,29.0,36.0,43.0,32.0,43.0,48.0,41.0,1.0,3.0,10.0,6.0,5.0,11.0,32.0,137.0,175.0,245.0,11.0,28.0,11.0,8.0,14.0,21.0,10.0,19.0,28.0,9.0,16.0,26.0,8.0,18.0,26.0,8.0,15.0,20.0,7.0,10.0,10.0,6.0,9.0,10.0,3.0,26.0,39.0,40.0,41.0,1.0,2.0
2012,5,4,4,149,38,2,4,3,1,25000000,34.8,17.5,4.0,20.0,8.0,5.0,27.0,9.0,15.0,30.0,24.0,19.0,36.0,43.0,41.0,43.0,48.0,9.0,1.0,3.0,11.0,6.0,5.0,14.0,210.0,2086.0,154.0,3.0,7.0,147.0,8.0,14.0,21.0,10.0,20.0,29.0,9.0,17.0,27.0,9.0,18.0,26.0,7.0,14.0,20.0,6.0,10.0,10.0,7.0,10.0,10.0,3.0,21.0,34.0,38.0,48.0,5.0,8.0
2012,5,8,1,144,45,3,3,13,1,32000000,51.4,28.0,3.0,4.0,20.0,26.0,5.0,27.0,39.0,15.0,30.0,40.0,19.0,36.0,41.0,41.0,43.0,1.0,9.0,1.0,2.0,11.0,6.0,4.0,133.0,214.0,81.0,14.0,28.0,42.0,7.0,14.0,20.0,10.0,21.0,29.0,9.0,17.0,28.0,9.0,18.0,26.0,6.0,14.0,20.0,6.0,10.0,10.0,8.0,10.0,10.0,1.0,13.0,17.0,38.0,44.0,2.0,11.0
2012,5,11,4,113,43,2,2,13,1,44000000,36.2,8.5,3.0,3.0,4.0,21.0,26.0,5.0,34.0,39.0,15.0,38.0,40.0,19.0,48.0,41.0,41.0,5.0,1.0,9.0,8.0,2.0,11.0,38.0,28.0,73.0,3.0,70.0,35.0,10.0,7.0,13.0,20.0,9.0,21.0,29.0,10.0,17.0,28.0,8.0,17.0,26.0,6.0,14.0,20.0,6.0,10.0,10.0,7.0,10.0,10.0,2.0,11.0,13.0,26.0,50.0,2.0,5.0
2012,5,15,1,102,48,3,2,7,1,51000000,43.8,5.5,1.0,3.0,3.0,13.0,21.0,26.0,17.0,34.0,39.0,38.0,38.0,40.0,44.0,48.0,41.0,2.0,5.0,1.0,11.0,8.0,2.0,116.0,88.0,480.0,81.0,53.0,4.0,21.0,7.0,14.0,20.0,9.0,21.0,28.0,10.0,18.0,29.0,9.0,17.0,26.0,6.0,14.0,20.0,6.0,10.0,10.0,6.0,10.0,10.0,13.0,29.0,43.0,47.0,50.0,9.0,11.0
2012,5,18,4,182,37,1,4,20,0,64000000,24.2,12.0,2.0,1.0,3.0,11.0,13.0,21.0,13.0,17.0,34.0,26.0,38.0,38.0,50.0,44.0,48.0,2.0,2.0,5.0,5.0,11.0,8.0,126.0,700.0,140.0,318.0,3.0,17.0,7.0,8.0,15.0,20.0,10.0,21.0,29.0,10.0,19.0,29.0,9.0,18.0,27.0,6.0,13.0,20.0,6.0,10.0,10.0,6.0,10.0,10.0,16.0,31.0,32.0,37.0,41.0,1.0,7.0
2012,5,22,1,157,25,2,4,8,0,72000000,43.0,37.0,13.0,2.0,1.0,29.0,11.0,13.0,43.0,13.0,17.0,47.0,26.0,38.0,50.0,50.0,44.0,9.0,2.0,2.0,11.0,5.0,11.0,109.0,585.0,501.0,77.0,18.0,18.0,67.0,8.0,16.0,20.0,10.0,21.0,30.0,10.0,20.0,29.0,9.0,18.0,27.0,5.0,12.0,20.0,6.0,10.0,10.0,6.0,10.0,10.0,12.0,22.0,35.0,46.0,49.0,2.0,8.0
2012,5,25,4,164,37,3,3,10,2,87000000,51.6,13.5,16.0,13.0,2.0,31.0,29.0,11.0,32.0,43.0,13.0,37.0,47.0,26.0,41.0,50.0,50.0,1.0,9.0,2.0,7.0,11.0,5.0,129.0,129.0,339.0,220.0,38.0,10.0,17.0,9.0,17.0,20.0,10.0,22.0,30.0,10.0,21.0,30.0,9.0,18.0,28.0,6.0,12.0,20.0,5.0,10.0,10.0,6.0,10.0,10.0,8.0,15.0,17.0,25.0,28.0,3.0,11.0
2012,5,29,1,93,20,2,1,14,0,99000000,34.4,23.0,12.0,16.0,13.0,22.0,31.0,29.0,35.0,32.0,43.0,46.0,37.0,47.0,49.0,41.0,50.0,2.0,1.0,9.0,8.0,7.0,11.0,35.0,67.0,18.0,56.0,116.0,35.0,11.0,9.0,16.0,20.0,10.0,22.0,30.0,9.0,20.0,30.0,9.0,18.0,28.0,7.0,13.0,19.0,5.0,10.0,10.0,6.0,10.0,10.0,2.0,4.0,14.0,26.0,36.0,9.0,10.0
2012,6,1,4,82,34,5,2,19,1,116000000,40.2,28.0,8.0,12.0,16.0,15.0,22.0,31.0,17.0,35.0,32.0,25.0,46.0,37.0,28.0,49.0,41.0,3.0,2.0,1.0,11.0,8.0,7.0,17.0,77.0,112.0,17.0,66.0,14.0,45.0,8.0,15.0,20.0,10.0,21.0,30.0,9.0,21.0,30.0,8.0,18.0,28.0,7.0,13.0,19.0,5.0,10.0,10.0,6.0,10.0,10.0,13.0,34.0,37.0,47.0,49.0,8.0,9.0
2012,6,5,1,180,36,1,4,17,1,132000000,17.8,7.5,2.0,8.0,12.0,4.0,15.0,22.0,14.0,17.0,35.0,26.0,25.0,46.0,36.0,28.0,49.0,9.0,3.0,2.0,10.0,11.0,8.0,18.0,126.0,231.0,18.0,11.0,74.0,56.0,7.0,15.0,20.0,10.0,21.0,29.0,9.0,21.0,31.0,7.0,18.0,28.0,7.0,13.0,19.0,6.0,10.0,10.0,7.0,10.0,10.0,5.0,11.0,22.0,34.0,40.0,9.0,11.0
2012,6,8,4,112,35,3,2,20,0,156000000,22.8,6.5,13.0,2.0,8.0,34.0,4.0,15.0,37.0,14.0,17.0,47.0,26.0,25.0,49.0,36.0,28.0,8.0,9.0,3.0,9.0,10.0,11.0,98.0,24.0,140.0,73.0,150.0,7.0,10.0,8.0,16.0,20.0,9.0,20.0,29.0,9.0,21.0,31.0,7.0,18.0,28.0,8.0,13.0,19.0,6.0,10.0,10.0,6.0,10.0,10.0,8.0,15.0,26.0,30.0,48.0,9.0,10.0
2012,6,12,1,127,40,4,3,19,1,15000000,24.0,7.5,5.0,13.0,2.0,11.0,34.0,4.0,22.0,37.0,14.0,34.0,47.0,26.0,40.0,49.0,36.0,9.0,8.0,9.0,11.0,9.0,10.0,14.0,14.0,60.0,84.0,35.0,4.0,11.0,7.0,16.0,20.0,8.0,20.0,29.0,9.0,20.0,31.0,8.0,17.0,27.0,8.0,13.0,19.0,5.0,9.0,10.0,6.0,10.0,10.0,10.0,22.0,27.0,38.0,48.0,3.0,7.0
2012,6,15,4,145,38,4,3,10,0,26000000,30.6,20.5,8.0,5.0,13.0,15.0,11.0,34.0,26.0,22.0,37.0,30.0,34.0,47.0,48.0,40.0,49.0,9.0,9.0,8.0,10.0,11.0,9.0,59.0,21.0,66.0,35.0,3.0,17.0,24.0,7.0,15.0,19.0,7.0,19.0,29.0,10.0,19.0,31.0,8.0,17.0,26.0,7.0,13.0,19.0,5.0,9.0,10.0,6.0,9.0,10.0,7.0,17.0,20.0,35.0,50.0,5.0,11.0
2012,6,19,1,129,43,2,2,16,0,15000000,49.4,23.0,10.0,8.0,5.0,22.0,15.0,11.0,27.0,26.0,22.0,38.0,30.0,34.0,48.0,48.0,40.0,3.0,9.0,9.0,7.0,10.0,11.0,179.0,81.0,137.0,74.0,32.0,42.0,11.0,8.0,15.0,19.0,8.0,19.0,29.0,10.0,20.0,31.0,9.0,16.0,26.0,7.0,13.0,19.0,6.0,9.0,10.0,5.0,9.0,10.0,14.0,18.0,19.0,43.0,49.0,3.0,7.0
2012,6,22,4,143,35,2,2,10,0,15000000,41.0,7.0,7.0,10.0,8.0,17.0,22.0,15.0,20.0,27.0,26.0,35.0,38.0,30.0,50.0,48.0,48.0,5.0,3.0,9.0,11.0,7.0,10.0,129.0,213.0,147.0,59.0,17.0,7.0,7.0,9.0,15.0,19.0,8.0,20.0,29.0,10.0,21.0,31.0,10.0,16.0,25.0,7.0,13.0,19.0,6.0,8.0,10.0,5.0,9.0,10.0,1.0,11.0,20.0,22.0,35.0,8.0,10.0
2012,6,26,1,89,34,2,1,18,2,21000000,17.8,17.5,14.0,7.0,10.0,18.0,17.0,22.0,19.0,20.0,27.0,43.0,35.0,38.0,49.0,50.0,48.0,3.0,5.0,3.0,7.0,11.0,7.0,46.0,18.0,7.0,375.0,343.0,21.0,14.0,9.0,15.0,19.0,7.0,20.0,28.0,9.0,20.0,30.0,10.0,17.0,25.0,7.0,13.0,20.0,5.0,7.0,10.0,5.0,9.0,10.0,14.0,17.0,28.0,29.0,39.0,1.0,11.0
2012,6,29,4,127,25,2,3,12,0,33000000,29.2,24.0,1.0,14.0,7.0,11.0,18.0,17.0,20.0,19.0,20.0,22.0,43.0,35.0,35.0,49.0,50.0,8.0,3.0,5.0,10.0,7.0,11.0,7.0,10.0,101.0,234.0,168.0,38.0,10.0,8.0,15.0,19.0,7.0,19.0,28.0,9.0,20.0,30.0,10.0,18.0,25.0,8.0,13.0,19.0,5.0,7.0,10.0,4.0,9.0,10.0,2.0,7.0,22.0,27.0,40.0,3.0,6.0
2012,7,3,1,98,38,3,2,9,1,40000000,19.2,39.0,14.0,1.0,14.0,17.0,11.0,18.0,28.0,20.0,19.0,29.0,22.0,43.0,39.0,35.0,49.0,1.0,8.0,3.0,11.0,10.0,7.0,32.0,130.0,25.0,165.0,25.0,11.0,67.0,8.0,14.0,19.0,8.0,19.0,28.0,8.0,20.0,29.0,10.0,19.0,25.0,7.0,12.0,19.0,5.0,7.0,10.0,5.0,8.0,10.0,31.0,32.0,38.0,40.0,42.0,1.0,3.0
2012,7,10,1,81,36,2,1,9,1,60000000,47.6,9.0,31.0,2.0,14.0,32.0,7.0,17.0,38.0,22.0,28.0,40.0,27.0,29.0,42.0,40.0,39.0,1.0,3.0,1.0,3.0,6.0,11.0,14.0,508.0,326.0,200.0,91.0,4.0,46.0,8.0,14.0,20.0,8.0,20.0,29.0,8.0,22.0,29.0,10.0,19.0,26.0,8.0,13.0,20.0,5.0,7.0,10.0,6.0,9.0,10.0,8.0,18.0,25.0,35.0,46.0,4.0,9.0
2012,7,13,4,132,38,3,2,13,1,75000000,32.6,73.0,1.0,31.0,2.0,3.0,32.0,7.0,16.0,38.0,22.0,24.0,40.0,27.0,37.0,42.0,40.0,1.0,1.0,3.0,8.0,3.0,6.0,31.0,21.0,122.0,24.0,105.0,119.0,38.0,7.0,14.0,20.0,8.0,19.0,29.0,9.0,22.0,29.0,9.0,18.0,26.0,9.0,14.0,20.0,6.0,8.0,10.0,7.0,9.0,10.0,2.0,7.0,24.0,43.0,46.0,8.0,10.0
2012,7,17,1,122,44,3,2,18,2,85000000,12.8,14.0,8.0,1.0,31.0,18.0,3.0,32.0,25.0,16.0,38.0,35.0,24.0,40.0,46.0,37.0,42.0,4.0,1.0,1.0,9.0,8.0,3.0,14.0,14.0,84.0,25.0,4.0,21.0,21.0,7.0,14.0,20.0,7.0,18.0,28.0,9.0,21.0,28.0,8.0,17.0,25.0,9.0,14.0,20.0,5.0,7.0,10.0,7.0,9.0,10.0,10.0,19.0,23.0,45.0,49.0,9.0,10.0
2012,7,20,4,146,39,1,2,19,1,101000000,61.6,5.0,2.0,8.0,1.0,7.0,18.0,3.0,24.0,25.0,16.0,43.0,35.0,24.0,46.0,46.0,37.0,8.0,4.0,1.0,10.0,9.0,8.0,35.0,168.0,112.0,199.0,28.0,38.0,3.0,7.0,14.0,20.0,7.0,18.0,28.0,9.0,22.0,28.0,8.0,18.0,26.0,8.0,14.0,20.0,6.0,7.0,10.0,7.0,9.0,10.0,4.0,16.0,18.0,25.0,44.0,1.0,11.0
2012,7,24,1,107,40,4,1,12,0,112000000,32.6,19.5,10.0,2.0,8.0,19.0,7.0,18.0,23.0,24.0,25.0,45.0,43.0,35.0,49.0,46.0,46.0,9.0,8.0,4.0,10.0,10.0,9.0,84.0,126.0,112.0,56.0,74.0,14.0,25.0,7.0,13.0,20.0,8.0,18.0,28.0,10.0,22.0,28.0,9.0,17.0,26.0,8.0,13.0,20.0,5.0,7.0,10.0,7.0,9.0,10.0,14.0,15.0,21.0,23.0,48.0,2.0,10.0
2012,7,27,4,121,34,2,1,12,2,135000000,40.4,35.0,4.0,10.0,2.0,16.0,19.0,7.0,18.0,23.0,24.0,25.0,45.0,43.0,44.0,49.0,46.0,1.0,9.0,8.0,11.0,10.0,10.0,28.0,45.0,196.0,133.0,42.0,63.0,7.0,7.0,13.0,20.0,9.0,17.0,28.0,10.0,22.0,29.0,10.0,17.0,26.0,9.0,13.0,20.0,6.0,7.0,10.0,6.0,9.0,10.0,4.0,29.0,35.0,36.0,39.0,8.0,9.0
2012,7,31,1,143,35,2,4,17,1,153000000,29.8,12.5,14.0,4.0,10.0,15.0,16.0,19.0,21.0,18.0,23.0,23.0,25.0,45.0,48.0,44.0,49.0,2.0,1.0,9.0,10.0,11.0,10.0,7.0,74.0,67.0,95.0,32.0,14.0,18.0,7.0,13.0,20.0,9.0,16.0,28.0,10.0,21.0,29.0,10.0,18.0,25.0,8.0,13.0,19.0,6.0,7.0,10.0,6.0,8.0,10.0,24.0,34.0,35.0,42.0,46.0,1.0,5.0
2012,8,3,4,181,22,4,4,6,0,176000000,24.2,27.5,4.0,14.0,4.0,29.0,15.0,16.0,35.0,21.0,18.0,36.0,23.0,25.0,39.0,48.0,44.0,8.0,2.0,1.0,9.0,10.0,11.0,129.0,59.0,3.0,171.0,17.0,10.0,80.0,8.0,13.0,20.0,9.0,15.0,28.0,9.0,20.0,29.0,10.0,19.0,25.0,8.0,13.0,19.0,6.0,7.0,10.0,7.0,8.0,10.0,20.0,27.0,34.0,46.0,50.0,2.0,3.0
2012,8,7,1,177,30,4,4,5,1,190000000,26.8,21.5,24.0,4.0,14.0,34.0,29.0,15.0,35.0,35.0,21.0,42.0,36.0,23.0,46.0,39.0,48.0,1.0,8.0,2.0,5.0,9.0,10.0,102.0,102.0,91.0,74.0,49.0,11.0,32.0,9.0,14.0,20.0,10.0,15.0,28.0,9.0,21.0,29.0,10.0,19.0,25.0,8.0,13.0,19.0,5.0,7.0,10.0,6.0,8.0,10.0,11.0,17.0,21.0,48.0,50.0,9.0,10.0
2012,8,10,4,147,39,2,2,19,1,190000000,23.6,12.0,20.0,24.0,4.0,27.0,34.0,29.0,34.0,35.0,35.0,46.0,42.0,36.0,50.0,46.0,39.0,2.0,1.0,8.0,3.0,5.0,9.0,126.0,42.0,14.0,115.0,3.0,21.0,14.0,9.0,15.0,20.0,10.0,15.0,28.0,8.0,20.0,29.0,10.0,20.0,25.0,7.0,13.0,19.0,5.0,7.0,10.0,6.0,8.0,10.0,1.0,16.0,38.0,42.0,45.0,9.0,10.0
2012,8,14,1,142,44,3,3,19,1,15000000,26.2,4.0,11.0,20.0,24.0,17.0,27.0,34.0,21.0,34.0,35.0,48.0,46.0,42.0,50.0,50.0,46.0,9.0,2.0,1.0,10.0,3.0,5.0,35.0,21.0,39.0,11.0,130.0,4.0,4.0,9.0,15.0,20.0,9.0,15.0,27.0,8.0,19.0,29.0,9.0,20.0,25.0,7.0,14.0,18.0,5.0,7.0,10.0,5.0,8.0,10.0,19.0,25.0,28.0,33.0,44.0,2.0,8.0
2012,8,17,4,149,25,2,3,10,2,26000000,49.4,13.5,1.0,11.0,20.0,16.0,17.0,27.0,38.0,21.0,34.0,42.0,48.0,46.0,45.0,50.0,50.0,9.0,9.0,2.0,10.0,10.0,3.0,234.0,129.0,49.0,171.0,24.0,10.0,38.0,9.0,15.0,21.0,9.0,15.0,27.0,8.0,18.0,29.0,9.0,20.0,25.0,7.0,13.0,17.0,4.0,7.0,10.0,6.0,8.0,10.0,4.0,5.0,17.0,38.0,48.0,3.0,4.0
2012,8,21,1,112,44,3,2,7,1,34000000,24.8,26.5,19.0,1.0,11.0,25.0,16.0,17.0,28.0,38.0,21.0,33.0,42.0,48.0,44.0,45.0,50.0,2.0,9.0,9.0,8.0,10.0,10.0,21.0,112.0,84.0,67.0,25.0,49.0,154.0,8.0,14.0,21.0,9.0,16.0,27.0,8.0,18.0,29.0,9.0,20.0,25.0,7.0,13.0,17.0,5.0,7.0,10.0,7.0,9.0,10.0,5.0,6.0,12.0,19.0,37.0,3.0,7.0
2012,8,24,4,79,32,2,1,10,0,46000000,54.4,33.0,4.0,19.0,1.0,5.0,25.0,16.0,17.0,28.0,38.0,38.0,33.0,42.0,48.0,44.0,45.0,3.0,2.0,9.0,4.0,8.0,10.0,77.0,126.0,161.0,115.0,45.0,3.0,63.0,8.0,14.0,21.0,9.0,17.0,27.0,8.0,19.0,28.0,9.0,21.0,25.0,7.0,12.0,17.0,5.0,7.0,10.0,8.0,9.0,10.0,1.0,18.0,25.0,26.0,44.0,4.0,5.0
2012,8,28,1,114,43,3,2,9,1,15000000,29.6,16.0,5.0,4.0,19.0,6.0,5.0,25.0,12.0,17.0,28.0,19.0,38.0,33.0,37.0,48.0,44.0,3.0,3.0,2.0,7.0,4.0,8.0,14.0,46.0,46.0,88.0,11.0,46.0,25.0,8.0,14.0,20.0,10.0,16.0,26.0,8.0,18.0,28.0,9.0,21.0,25.0,7.0,11.0,17.0,6.0,7.0,10.0,7.0,9.0,10.0,16.0,28.0,31.0,33.0,48.0,7.0,11.0
2012,8,31,4,156,32,3,4,18,0,27000000,22.2,22.5,1.0,5.0,4.0,18.0,6.0,5.0,25.0,12.0,17.0,26.0,19.0,38.0,44.0,37.0,48.0,4.0,3.0,3.0,5.0,7.0,4.0,101.0,136.0,742.0,14.0,10.0,157.0,38.0,8.0,14.0,20.0,10.0,17.0,26.0,9.0,18.0,28.0,8.0,20.0,25.0,7.0,11.0,17.0,7.0,8.0,10.0,8.0,9.0,10.0,11.0,17.0,18.0,39.0,44.0,5.0,10.0
2012,9,4,1,129,33,2,2,15,1,34000000,17.6,14.0,16.0,1.0,5.0,28.0,18.0,6.0,31.0,25.0,12.0,33.0,26.0,19.0,48.0,44.0,37.0,7.0,4.0,3.0,11.0,5.0,7.0,25.0,25.0,42.0,144.0,7.0,77.0,21.0,8.0,14.0,20.0,9.0,17.0,25.0,10.0,18.0,28.0,8.0,20.0,25.0,6.0,11.0,16.0,7.0,8.0,10.0,7.0,9.0,10.0,13.0,15.0,30.0,35.0,42.0,4.0,6.0
2012,9,7,4,135,29,2,3,10,2,46000000,56.4,38.0,11.0,16.0,1.0,17.0,28.0,18.0,18.0,31.0,25.0,39.0,33.0,26.0,44.0,48.0,44.0,5.0,7.0,4.0,10.0,11.0,5.0,94.0,42.0,133.0,56.0,63.0,10.0,66.0,8.0,15.0,20.0,9.0,17.0,25.0,10.0,18.0,28.0,9.0,19.0,25.0,6.0,11.0,16.0,6.0,8.0,10.0,8.0,9.0,10.0,6.0,15.0,22.0,37.0,44.0,2.0,4.0
2012,9,11,1,124,38,3,2,6,2,15000000,23.4,14.5,13.0,11.0,16.0,15.0,17.0,28.0,30.0,18.0,31.0,35.0,39.0,33.0,42.0,44.0,48.0,4.0,5.0,7.0,6.0,10.0,11.0,301.0,4.0,70.0,112.0,7.0,25.0,21.0,8.0,16.0,20.0,8.0,16.0,25.0,10.0,17.0,28.0,9.0,20.0,25.0,6.0,11.0,16.0,6.0,8.0,10.0,7.0,9.0,10.0,3.0,10.0,23.0,27.0,44.0,7.0,9.0
2012,9,14,4,107,41,2,2,16,0,26000000,42.4,22.5,6.0,13.0,11.0,15.0,15.0,17.0,22.0,30.0,18.0,37.0,35.0,39.0,44.0,42.0,44.0,2.0,4.0,5.0,4.0,6.0,10.0,129.0,185.0,56.0,73.0,3.0,14.0,45.0,9.0,16.0,19.0,9.0,17.0,26.0,10.0,17.0,28.0,9.0,20.0,24.0,5.0,11.0,16.0,6.0,8.0,10.0,8.0,9.0,10.0,6.0,7.0,38.0,39.0,44.0,7.0,9.0
2012,9,18,1,134,38,3,3,16,0,15000000,23.2,4.0,3.0,6.0,13.0,10.0,15.0,15.0,23.0,22.0,30.0,27.0,37.0,35.0,44.0,44.0,42.0,7.0,2.0,4.0,9.0,4.0,6.0,7.0,63.0,35.0,14.0,4.0,4.0,4.0,9.0,16.0,19.0,9.0,17.0,26.0,10.0,16.0,28.0,8.0,20.0,24.0,4.0,11.0,16.0,5.0,8.0,10.0,8.0,9.0,10.0,4.0,19.0,34.0,41.0,43.0,7.0,11.0
2012,9,21,4,141,39,2,3,18,0,26000000,58.4,12.0,6.0,3.0,6.0,7.0,10.0,15.0,38.0,23.0,22.0,39.0,27.0,37.0,44.0,44.0,44.0,7.0,7.0,2.0,9.0,9.0,4.0,31.0,63.0,45.0,465.0,147.0,3.0,21.0,8.0,16.0,19.0,9.0,16.0,26.0,10.0,15.0,28.0,9.0,20.0,25.0,5.0,11.0,16.0,5.0,8.0,9.0,7.0,9.0,10.0,7.0,25.0,27.0,48.0,49.0,1.0,4.0
2012,9,25,1,156,42,1,3,5,1,33000000,27.6,33.5,4.0,6.0,3.0,19.0,7.0,10.0,34.0,38.0,23.0,41.0,39.0,27.0,43.0,44.0,44.0,7.0,7.0,7.0,11.0,9.0,9.0,98.0,39.0,102.0,46.0,67.0,53.0,14.0,9.0,17.0,19.0,9.0,16.0,25.0,10.0,16.0,28.0,9.0,19.0,25.0,6.0,11.0,15.0,6.0,8.0,9.0,7.0,9.0,10.0,20.0,23.0,26.0,30.0,33.0,6.0,9.0
2012,9,28,4,132,13,3,3,15,1,100000000,29.2,15.5,7.0,4.0,6.0,25.0,19.0,7.0,27.0,34.0,38.0,48.0,41.0,39.0,49.0,43.0,44.0,1.0,7.0,7.0,4.0,11.0,9.0,52.0,346.0,108.0,108.0,234.0,182.0,10.0,9.0,17.0,19.0,9.0,17.0,25.0,10.0,17.0,28.0,9.0,20.0,25.0,6.0,11.0,16.0,6.0,9.0,10.0,6.0,9.0,10.0,4.0,16.0,21.0,36.0,42.0,7.0,8.0
2012,10,2,1,119,38,4,2,15,1,15000000,36.8,28.5,20.0,7.0,4.0,23.0,25.0,19.0,26.0,27.0,34.0,30.0,48.0,41.0,33.0,49.0,43.0,6.0,1.0,7.0,9.0,4.0,11.0,11.0,49.0,53.0,63.0,25.0,11.0,46.0,8.0,16.0,18.0,9.0,16.0,25.0,10.0,17.0,28.0,9.0,19.0,25.0,6.0,11.0,16.0,6.0,9.0,10.0,6.0,9.0,10.0,9.0,16.0,18.0,19.0,21.0,2.0,3.0
2012,10,5,4,83,12,2,0,5,1,26000000,43.0,33.0,4.0,20.0,7.0,16.0,23.0,25.0,21.0,26.0,27.0,36.0,30.0,48.0,42.0,33.0,49.0,7.0,6.0,1.0,8.0,9.0,4.0,196.0,3.0,31.0,42.0,623.0,24.0,59.0,8.0,17.0,19.0,8.0,15.0,25.0,9.0,16.0,28.0,9.0,18.0,25.0,6.0,12.0,17.0,6.0,9.0,10.0,7.0,9.0,10.0,2.0,8.0,10.0,23.0,25.0,8.0,9.0
2012,10,9,1,68,23,3,0,17,1,34000000,44.4,9.0,9.0,4.0,20.0,16.0,16.0,23.0,18.0,21.0,26.0,19.0,36.0,30.0,21.0,42.0,33.0,2.0,7.0,6.0,3.0,8.0,9.0,84.0,189.0,273.0,74.0,2097.0,70.0,11.0,8.0,16.0,19.0,8.0,16.0,26.0,10.0,17.0,28.0,10.0,18.0,25.0,7.0,13.0,18.0,6.0,9.0,10.0,6.0,9.0,10.0,6.0,7.0,17.0,35.0,43.0,2.0,8.0
2012,10,12,4,108,37,1,2,10,2,46000000,27.0,5.0,2.0,9.0,4.0,8.0,16.0,16.0,10.0,18.0,21.0,23.0,19.0,36.0,25.0,21.0,42.0,8.0,2.0,7.0,9.0,3.0,8.0,24.0,24.0,52.0,35.0,21.0,7.0,10.0,7.0,16.0,19.0,8.0,16.0,26.0,10.0,16.0,27.0,10.0,17.0,24.0,7.0,13.0,18.0,5.0,9.0,9.0,5.0,9.0,10.0,10.0,32.0,40.0,41.0,49.0,2.0,8.0
2012,10,16,1,172,39,3,4,10,2,54000000,51.4,4.0,6.0,2.0,9.0,7.0,8.0,16.0,17.0,10.0,18.0,35.0,23.0,19.0,43.0,25.0,21.0,2.0,8.0,2.0,8.0,9.0,3.0,88.0,102.0,501.0,25.0,21.0,4.0,4.0,8.0,16.0,19.0,8.0,17.0,25.0,10.0,17.0,28.0,9.0,16.0,24.0,7.0,13.0,18.0,5.0,9.0,9.0,5.0,9.0,10.0,16.0,29.0,37.0,40.0,44.0,8.0,10.0
2012,10,19,4,166,28,3,4,18,2,67000000,33.2,24.0,10.0,6.0,2.0,32.0,7.0,8.0,40.0,17.0,10.0,41.0,35.0,23.0,49.0,43.0,25.0,2.0,2.0,8.0,8.0,8.0,9.0,49.0,80.0,136.0,105.0,31.0,10.0,45.0,8.0,16.0,19.0,8.0,17.0,25.0,10.0,18.0,28.0,9.0,16.0,24.0,7.0,13.0,18.0,5.0,9.0,9.0,6.0,9.0,10.0,1.0,28.0,35.0,38.0,50.0,2.0,10.0
2012,10,23,1,152,49,3,4,12,2,76000000,45.8,5.5,16.0,10.0,6.0,29.0,32.0,7.0,37.0,40.0,17.0,40.0,41.0,35.0,44.0,49.0,43.0,8.0,2.0,2.0,10.0,8.0,8.0,56.0,53.0,81.0,63.0,74.0,7.0,4.0,9.0,15.0,19.0,9.0,17.0,25.0,10.0,18.0,27.0,9.0,16.0,24.0,8.0,13.0,18.0,5.0,9.0,9.0,6.0,9.0,10.0,5.0,6.0,9.0,27.0,38.0,5.0,11.0
2012,10,26,4,85,33,2,2,16,0,90000000,26.4,43.5,1.0,16.0,10.0,28.0,29.0,32.0,35.0,37.0,40.0,38.0,40.0,41.0,50.0,44.0,49.0,2.0,8.0,2.0,10.0,10.0,8.0,63.0,63.0,735.0,42.0,325.0,52.0,35.0,10.0,15.0,19.0,9.0,17.0,24.0,10.0,19.0,27.0,10.0,16.0,24.0,9.0,13.0,19.0,6.0,9.0,9.0,6.0,9.0,9.0,23.0,24.0,25.0,31.0,44.0,2.0,3.0
2012,10,30,1,147,21,2,2,5,1,101000000,40.2,16.0,5.0,1.0,16.0,6.0,28.0,29.0,9.0,35.0,37.0,27.0,38.0,40.0,38.0,50.0,44.0,5.0,2.0,8.0,11.0,10.0,10.0,238.0,238.0,63.0,221.0,11.0,7.0,25.0,10.0,15.0,20.0,9.0,17.0,24.0,10.0,19.0,27.0,10.0,17.0,25.0,9.0,12.0,19.0,5.0,9.0,9.0,5.0,9.0,9.0,3.0,6.0,10.0,11.0,44.0,3.0,4.0
2012,11,2,4,74,41,3,1,7,1,119000000,27.0,20.5,23.0,5.0,1.0,24.0,6.0,28.0,25.0,9.0,35.0,31.0,27.0,38.0,44.0,38.0,50.0,2.0,5.0,2.0,3.0,11.0,10.0,49.0,7.0,24.0,742.0,3.0,70.0,38.0,10.0,15.0,20.0,8.0,16.0,23.0,9.0,19.0,27.0,10.0,17.0,26.0,8.0,12.0,19.0,5.0,9.0,9.0,6.0,9.0,9.0,7.0,20.0,25.0,35.0,41.0,1.0,9.0
2012,11,6,1,128,34,1,2,10,0,132000000,21.2,35.0,3.0,23.0,5.0,6.0,24.0,6.0,10.0,25.0,9.0,11.0,31.0,27.0,44.0,44.0,38.0,3.0,2.0,5.0,4.0,3.0,11.0,42.0,214.0,7.0,25.0,168.0,42.0,28.0,10.0,15.0,20.0,9.0,17.0,24.0,8.0,19.0,26.0,9.0,17.0,26.0,8.0,13.0,19.0,5.0,9.0,9.0,6.0,9.0,9.0,14.0,21.0,22.0,28.0,47.0,4.0,5.0
2012,11,9,4,132,33,3,2,9,1,152000000,74.6,10.5,7.0,3.0,23.0,20.0,6.0,24.0,25.0,10.0,25.0,35.0,11.0,31.0,41.0,44.0,44.0,1.0,3.0,2.0,9.0,4.0,3.0,105.0,185.0,59.0,276.0,241.0,63.0,73.0,10.0,16.0,20.0,9.0,18.0,25.0,8.0,19.0,25.0,9.0,17.0,27.0,8.0,13.0,20.0,6.0,8.0,9.0,7.0,9.0,9.0,11.0,16.0,21.0,24.0,29.0,2.0,6.0
2012,11,13,1,101,18,2,1,8,2,168000000,15.8,30.0,14.0,7.0,3.0,21.0,20.0,6.0,22.0,25.0,10.0,28.0,35.0,11.0,47.0,41.0,44.0,4.0,1.0,3.0,5.0,9.0,4.0,70.0,39.0,42.0,126.0,266.0,14.0,67.0,10.0,15.0,20.0,9.0,18.0,24.0,9.0,18.0,24.0,9.0,18.0,27.0,8.0,14.0,21.0,6.0,8.0,9.0,8.0,9.0,9.0,10.0,15.0,19.0,23.0,41.0,2.0,9.0
2012,11,16,4,108,31,1,1,11,1,15000000,29.8,6.5,11.0,14.0,7.0,16.0,21.0,20.0,21.0,22.0,25.0,24.0,28.0,35.0,29.0,47.0,41.0,2.0,4.0,1.0,6.0,5.0,9.0,31.0,66.0,147.0,38.0,10.0,3.0,10.0,9.0,15.0,19.0,9.0,17.0,24.0,9.0,19.0,24.0,10.0,18.0,27.0,7.0,14.0,21.0,6.0,8.0,9.0,8.0,9.0,9.0,28.0,30.0,42.0,45.0,49.0,5.0,10.0
2012,11,20,1,194,21,3,5,15,1,21000000,49.2,19.5,10.0,11.0,14.0,15.0,16.0,21.0,19.0,21.0,22.0,23.0,24.0,28.0,41.0,29.0,47.0,2.0,2.0,4.0,9.0,6.0,5.0,1432.0,322.0,322.0,123.0,35.0,25.0,28.0,10.0,16.0,20.0,9.0,18.0,25.0,9.0,19.0,25.0,10.0,19.0,27.0,7.0,13.0,20.0,6.0,8.0,9.0,7.0,8.0,9.0,1.0,9.0,11.0,20.0,40.0,1.0,5.0
2012,11,23,4,81,39,2,1,6,0,15000000,24.2,10.0,28.0,10.0,11.0,30.0,15.0,16.0,42.0,19.0,21.0,45.0,23.0,24.0,49.0,41.0,29.0,5.0,2.0,2.0,10.0,9.0,6.0,31.0,213.0,266.0,304.0,143.0,17.0,14.0,9.0,16.0,20.0,9.0,18.0,25.0,9.0,20.0,25.0,10.0,19.0,28.0,8.0,14.0,19.0,5.0,8.0,9.0,7.0,8.0,9.0,6.0,10.0,23.0,44.0,49.0,1.0,7.0
2012,11,27,1,132,43,3,2,8,0,22000000,15.8,30.0,1.0,28.0,10.0,9.0,30.0,15.0,11.0,42.0,19.0,20.0,45.0,23.0,40.0,49.0,41.0,1.0,5.0,2.0,5.0,10.0,9.0,46.0,74.0,74.0,333.0,7.0,4.0,95.0,10.0,16.0,20.0,9.0,18.0,25.0,9.0,19.0,25.0,10.0,19.0,28.0,7.0,13.0,19.0,5.0,8.0,9.0,8.0,9.0,9.0,10.0,18.0,23.0,24.0,40.0,3.0,4.0
2012,11,30,4,115,30,4,1,7,1,33000000,17.2,24.5,6.0,1.0,28.0,10.0,9.0,30.0,23.0,11.0,42.0,44.0,20.0,45.0,49.0,40.0,49.0,1.0,1.0,5.0,7.0,5.0,10.0,14.0,94.0,3.0,17.0,7.0,28.0,28.0,9.0,16.0,20.0,10.0,18.0,25.0,8.0,19.0,25.0,9.0,19.0,27.0,6.0,13.0,19.0,5.0,8.0,9.0,7.0,9.0,9.0,5.0,10.0,28.0,29.0,44.0,2.0,4.0
2012,12,4,1,116,39,3,3,6,2,41000000,17.0,11.0,10.0,6.0,1.0,18.0,10.0,9.0,23.0,23.0,11.0,24.0,44.0,20.0,40.0,49.0,40.0,3.0,1.0,1.0,4.0,7.0,5.0,39.0,7.0,109.0,158.0,32.0,18.0,4.0,9.0,15.0,20.0,9.0,18.0,25.0,9.0,19.0,25.0,9.0,20.0,27.0,6.0,13.0,19.0,5.0,8.0,9.0,6.0,9.0,9.0,10.0,16.0,18.0,31.0,42.0,2.0,5.0
2012,12,7,4,117,32,4,2,7,1,54000000,17.8,8.5,5.0,10.0,6.0,10.0,18.0,10.0,28.0,23.0,23.0,29.0,24.0,44.0,44.0,40.0,49.0,2.0,3.0,1.0,4.0,4.0,7.0,7.0,24.0,63.0,38.0,66.0,3.0,14.0,8.0,15.0,20.0,8.0,18.0,24.0,9.0,19.0,25.0,9.0,19.0,27.0,7.0,13.0,19.0,5.0,8.0,9.0,6.0,9.0,9.0,1.0,4.0,9.0,43.0,50.0,6.0,8.0
2012,12,11,1,107,49,2,2,14,2,62000000,43.0,40.5,10.0,5.0,10.0,16.0,10.0,18.0,18.0,28.0,23.0,31.0,29.0,24.0,42.0,44.0,40.0,2.0,2.0,3.0,5.0,4.0,4.0,18.0,193.0,46.0,147.0,49.0,74.0,56.0,7.0,15.0,20.0,8.0,19.0,25.0,9.0,19.0,25.0,9.0,20.0,27.0,8.0,13.0,19.0,6.0,8.0,9.0,7.0,9.0,9.0,10.0,11.0,29.0,40.0,43.0,3.0,11.0
2012,12,14,4,133,33,2,3,14,0,76000000,11.0,31.5,1.0,10.0,5.0,4.0,16.0,10.0,9.0,18.0,28.0,43.0,31.0,29.0,50.0,42.0,44.0,6.0,2.0,2.0,8.0,5.0,4.0,7.0,171.0,238.0,56.0,63.0,14.0,49.0,6.0,15.0,20.0,8.0,20.0,25.0,9.0,19.0,26.0,9.0,19.0,27.0,8.0,13.0,19.0,5.0,8.0,9.0,8.0,9.0,9.0,14.0,18.0,20.0,35.0,44.0,2.0,5.0
2012,12,18,1,131,30,4,2,7,1,85000000,26.2,11.0,10.0,1.0,10.0,11.0,4.0,16.0,29.0,9.0,18.0,40.0,43.0,31.0,43.0,50.0,42.0,3.0,6.0,2.0,11.0,8.0,5.0,39.0,18.0,175.0,42.0,14.0,11.0,11.0,6.0,15.0,20.0,8.0,19.0,25.0,9.0,19.0,26.0,10.0,19.0,26.0,7.0,13.0,18.0,5.0,8.0,9.0,7.0,9.0,9.0,3.0,5.0,22.0,40.0,42.0,3.0,10.0
2012,12,21,4,112,39,3,2,13,1,100000000,25.8,19.0,14.0,10.0,1.0,18.0,11.0,4.0,20.0,29.0,9.0,35.0,40.0,43.0,44.0,43.0,50.0,2.0,3.0,6.0,5.0,11.0,8.0,49.0,122.0,42.0,7.0,14.0,7.0,31.0,7.0,15.0,20.0,8.0,19.0,25.0,9.0,18.0,26.0,9.0,18.0,26.0,6.0,13.0,18.0,5.0,8.0,9.0,6.0,9.0,9.0,14.0,18.0,20.0,23.0,32.0,3.0,10.0
2012,12,25,1,107,18,4,1,13,1,15000000,23.2,4.0,3.0,14.0,10.0,5.0,18.0,11.0,22.0,20.0,29.0,40.0,35.0,40.0,42.0,44.0,43.0,3.0,2.0,3.0,10.0,5.0,11.0,7.0,7.0,7.0,39.0,963.0,4.0,4.0,6.0,14.0,20.0,7.0,18.0,25.0,8.0,17.0,26.0,9.0,17.0,26.0,7.0,13.0,19.0,4.0,8.0,9.0,6.0,9.0,9.0,17.0,24.0,26.0,27.0,49.0,3.0,5.0
2012,12,28,4,143,32,2,3,8,0,25000000,58.0,6.5,14.0,3.0,14.0,18.0,5.0,18.0,20.0,22.0,20.0,23.0,40.0,35.0,32.0,42.0,44.0,3.0,3.0,2.0,10.0,10.0,5.0,535.0,59.0,91.0,63.0,31.0,3.0,10.0,7.0,14.0,20.0,7.0,18.0,25.0,8.0,18.0,26.0,9.0,16.0,26.0,7.0,13.0,19.0,4.0,7.0,9.0,6.0,9.0,9.0,2.0,7.0,8.0,36.0,49.0,1.0,11.0
2013,1,1,1,102,47,3,2,12,0,36000000,63.8,26.5,17.0,14.0,3.0,24.0,18.0,5.0,26.0,20.0,22.0,27.0,23.0,40.0,49.0,32.0,42.0,3.0,3.0,3.0,5.0,10.0,10.0,84.0,81.0,984.0,91.0,4.0,35.0,18.0,7.0,13.0,20.0,8.0,18.0,24.0,9.0,19.0,26.0,9.0,16.0,26.0,7.0,12.0,19.0,4.0,7.0,9.0,5.0,9.0,9.0,4.0,10.0,22.0,27.0,41.0,8.0,10.0
2013,1,4,4,104,37,3,2,18,2,15000000,23.0,17.0,2.0,17.0,14.0,7.0,24.0,18.0,8.0,26.0,20.0,36.0,27.0,23.0,49.0,49.0,32.0,1.0,3.0,3.0,11.0,5.0,10.0,94.0,31.0,14.0,7.0,49.0,77.0,10.0,8.0,14.0,19.0,8.0,17.0,24.0,8.0,19.0,26.0,8.0,16.0,26.0,7.0,11.0,19.0,5.0,7.0,9.0,5.0,9.0,9.0,2.0,20.0,22.0,26.0,47.0,5.0,9.0
2013,1,8,1,117,45,4,2,14,0,22000000,19.2,32.0,4.0,2.0,17.0,10.0,7.0,24.0,22.0,8.0,26.0,27.0,36.0,27.0,41.0,49.0,49.0,8.0,1.0,3.0,10.0,11.0,5.0,7.0,63.0,4.0,133.0,60.0,49.0,53.0,7.0,14.0,19.0,9.0,17.0,24.0,7.0,18.0,25.0,8.0,17.0,26.0,8.0,11.0,19.0,6.0,7.0,9.0,5.0,9.0,9.0,4.0,22.0,29.0,37.0,41.0,4.0,7.0
2013,1,11,4,133,37,2,3,11,1,33000000,25.8,41.5,2.0,4.0,2.0,20.0,10.0,7.0,22.0,22.0,8.0,26.0,27.0,36.0,47.0,41.0,49.0,5.0,8.0,1.0,9.0,10.0,11.0,7.0,210.0,28.0,122.0,7.0,63.0,45.0,7.0,14.0,19.0,9.0,17.0,25.0,6.0,17.0,25.0,8.0,17.0,26.0,8.0,11.0,19.0,7.0,7.0,9.0,6.0,9.0,9.0,22.0,38.0,40.0,42.0,47.0,1.0,11.0
2013,1,18,4,126,35,3,4,13,1,26000000,42.4,17.5,22.0,4.0,2.0,38.0,22.0,20.0,40.0,29.0,22.0,42.0,37.0,26.0,47.0,41.0,47.0,1.0,4.0,5.0,11.0,7.0,9.0,7.0,259.0,115.0,112.0,171.0,21.0,14.0,6.0,14.0,20.0,9.0,17.0,27.0,7.0,17.0,25.0,9.0,18.0,25.0,7.0,12.0,19.0,6.0,7.0,9.0,5.0,9.0,9.0,1.0,10.0,44.0,45.0,48.0,1.0,4.0
2013,1,22,1,148,47,3,3,5,1,33000000,55.4,9.0,4.0,22.0,4.0,26.0,38.0,22.0,27.0,40.0,29.0,30.0,42.0,37.0,39.0,47.0,41.0,3.0,1.0,4.0,10.0,11.0,7.0,42.0,18.0,2503.0,63.0,144.0,7.0,49.0,7.0,14.0,20.0,9.0,17.0,27.0,8.0,18.0,26.0,9.0,18.0,25.0,7.0,12.0,19.0,5.0,7.0,9.0,6.0,9.0,9.0,3.0,10.0,18.0,31.0,37.0,2.0,4.0
2013,1,25,4,99,34,2,2,6,2,44000000,26.4,20.5,1.0,4.0,22.0,10.0,26.0,38.0,44.0,27.0,40.0,45.0,30.0,42.0,48.0,39.0,47.0,1.0,3.0,1.0,4.0,10.0,11.0,35.0,3.0,49.0,49.0,154.0,38.0,3.0,7.0,13.0,19.0,8.0,17.0,26.0,9.0,18.0,26.0,9.0,18.0,25.0,7.0,13.0,18.0,6.0,7.0,9.0,6.0,8.0,9.0,9.0,16.0,26.0,36.0,39.0,2.0,6.0
2013,1,29,1,126,30,3,3,8,2,15000000,30.4,26.5,3.0,1.0,4.0,10.0,10.0,26.0,18.0,44.0,27.0,31.0,45.0,30.0,37.0,48.0,39.0,2.0,1.0,3.0,4.0,4.0,10.0,116.0,53.0,32.0,28.0,11.0,4.0,77.0,7.0,14.0,19.0,8.0,16.0,25.0,8.0,17.0,26.0,8.0,17.0,24.0,6.0,13.0,18.0,6.0,7.0,9.0,7.0,8.0,9.0,5.0,21.0,34.0,37.0,38.0,1.0,6.0
2013,2,1,4,135,33,2,3,7,1,15000000,55.8,6.5,9.0,3.0,1.0,16.0,10.0,10.0,26.0,18.0,44.0,36.0,31.0,45.0,39.0,37.0,48.0,2.0,2.0,1.0,6.0,4.0,4.0,59.0,84.0,133.0,21.0,98.0,10.0,3.0,7.0,13.0,19.0,8.0,16.0,25.0,9.0,17.0,26.0,8.0,17.0,24.0,7.0,14.0,18.0,6.0,7.0,9.0,6.0,8.0,9.0,6.0,25.0,31.0,40.0,45.0,6.0,7.0
2013,2,5,1,147,39,2,3,13,1,21000000,41.4,14.5,5.0,9.0,3.0,21.0,16.0,10.0,34.0,26.0,18.0,37.0,36.0,31.0,38.0,39.0,37.0,1.0,2.0,2.0,6.0,6.0,4.0,70.0,133.0,158.0,46.0,175.0,56.0,25.0,8.0,13.0,19.0,8.0,17.0,25.0,9.0,18.0,26.0,9.0,16.0,24.0,7.0,15.0,18.0,7.0,7.0,8.0,6.0,8.0,9.0,9.0,11.0,14.0,34.0,44.0,10.0,11.0
2013,2,8,4,112,35,3,2,21,1,32000000,27.0,22.5,6.0,5.0,9.0,25.0,21.0,16.0,31.0,34.0,26.0,40.0,37.0,36.0,45.0,38.0,39.0,6.0,1.0,2.0,7.0,6.0,6.0,10.0,56.0,252.0,245.0,52.0,294.0,24.0,8.0,12.0,18.0,9.0,17.0,25.0,10.0,18.0,27.0,9.0,17.0,25.0,8.0,14.0,18.0,7.0,8.0,9.0,6.0,8.0,9.0,5.0,11.0,16.0,25.0,28.0,7.0,9.0
2013,2,12,1,85,23,2,1,16,0,40000000,21.2,21.0,9.0,6.0,5.0,11.0,25.0,21.0,14.0,31.0,34.0,34.0,40.0,37.0,44.0,45.0,38.0,10.0,6.0,1.0,11.0,7.0,6.0,11.0,4.0,217.0,203.0,259.0,133.0,35.0,7.0,12.0,18.0,8.0,16.0,25.0,10.0,18.0,28.0,9.0,18.0,26.0,9.0,15.0,19.0,7.0,9.0,9.0,6.0,8.0,9.0,2.0,4.0,22.0,28.0,42.0,4.0,9.0
2013,2,15,4,98,40,5,2,13,1,52000000,26.2,12.0,5.0,9.0,6.0,11.0,11.0,25.0,16.0,14.0,31.0,25.0,34.0,40.0,28.0,44.0,45.0,7.0,10.0,6.0,9.0,11.0,7.0,38.0,66.0,38.0,98.0,56.0,35.0,3.0,8.0,11.0,18.0,8.0,15.0,25.0,10.0,17.0,27.0,10.0,19.0,26.0,9.0,15.0,19.0,7.0,9.0,9.0,6.0,8.0,9.0,12.0,15.0,28.0,30.0,44.0,8.0,9.0
2013,2,19,1,129,32,4,3,17,1,59000000,64.2,25.0,2.0,5.0,9.0,4.0,11.0,11.0,22.0,16.0,14.0,28.0,25.0,34.0,42.0,28.0,44.0,4.0,7.0,10.0,9.0,9.0,11.0,270.0,95.0,77.0,32.0,11.0,46.0,4.0,8.0,12.0,19.0,8.0,15.0,25.0,10.0,16.0,27.0,9.0,18.0,26.0,8.0,15.0,19.0,8.0,9.0,9.0,6.0,8.0,9.0,15.0,16.0,28.0,36.0,37.0,2.0,11.0
2013,2,22,4,132,22,3,3,13,1,15000000,12.2,19.0,12.0,2.0,5.0,15.0,4.0,11.0,28.0,22.0,16.0,30.0,28.0,25.0,44.0,42.0,28.0,8.0,4.0,7.0,9.0,9.0,9.0,339.0,24.0,3.0,24.0,28.0,24.0,14.0,8.0,13.0,20.0,7.0,15.0,25.0,9.0,16.0,27.0,9.0,17.0,25.0,8.0,15.0,19.0,7.0,9.0,9.0,5.0,8.0,9.0,3.0,12.0,13.0,17.0,30.0,2.0,6.0
2013,2,26,1,75,27,2,1,8,2,21000000,55.6,12.5,15.0,12.0,2.0,16.0,15.0,4.0,28.0,28.0,22.0,36.0,30.0,28.0,37.0,44.0,42.0,2.0,8.0,4.0,11.0,9.0,9.0,32.0,441.0,287.0,1159.0,329.0,4.0,25.0,7.0,13.0,20.0,8.0,16.0,25.0,9.0,16.0,28.0,9.0,17.0,26.0,8.0,15.0,20.0,7.0,9.0,9.0,5.0,8.0,9.0,1.0,11.0,29.0,36.0,42.0,4.0,5.0
2013,3,1,4,119,41,2,3,9,1,32000000,25.0,33.0,3.0,15.0,12.0,12.0,16.0,15.0,13.0,28.0,28.0,17.0,36.0,30.0,30.0,37.0,44.0,2.0,2.0,8.0,6.0,11.0,9.0,38.0,17.0,49.0,7.0,14.0,14.0,63.0,8.0,13.0,19.0,7.0,16.0,25.0,9.0,16.0,27.0,8.0,16.0,26.0,8.0,15.0,20.0,7.0,9.0,9.0,5.0,8.0,9.0,8.0,19.0,31.0,33.0,39.0,2.0,7.0
2013,3,5,1,130,31,1,3,9,1,39000000,78.6,14.0,1.0,3.0,15.0,11.0,12.0,16.0,29.0,13.0,28.0,36.0,17.0,36.0,42.0,30.0,37.0,4.0,2.0,2.0,5.0,6.0,11.0,235.0,165.0,28.0,186.0,35.0,7.0,28.0,9.0,14.0,20.0,8.0,17.0,25.0,8.0,16.0,27.0,9.0,17.0,27.0,8.0,15.0,20.0,7.0,9.0,9.0,5.0,8.0,9.0,3.0,20.0,23.0,28.0,42.0,8.0,11.0
2013,3,8,4,116,39,3,2,19,1,51000000,32.6,15.5,8.0,1.0,3.0,19.0,11.0,12.0,31.0,29.0,13.0,33.0,36.0,17.0,39.0,42.0,30.0,2.0,4.0,2.0,7.0,5.0,6.0,10.0,59.0,98.0,21.0,7.0,17.0,14.0,9.0,14.0,20.0,8.0,17.0,25.0,8.0,16.0,27.0,8.0,16.0,27.0,7.0,14.0,20.0,6.0,9.0,9.0,5.0,7.0,9.0,2.0,4.0,10.0,22.0,50.0,5.0,8.0
2013,3,12,1,88,48,5,1,13,1,15000000,42.4,7.5,3.0,8.0,1.0,20.0,19.0,11.0,23.0,31.0,29.0,28.0,33.0,36.0,42.0,39.0,42.0,8.0,2.0,4.0,11.0,7.0,5.0,25.0,25.0,130.0,259.0,91.0,63.0,91.0,8.0,13.0,20.0,7.0,17.0,25.0,9.0,17.0,26.0,8.0,17.0,27.0,7.0,14.0,20.0,6.0,9.0,9.0,6.0,8.0,9.0,4.0,14.0,21.0,24.0,39.0,3.0,10.0
2013,3,15,4,102,35,3,1,13,1,15000000,33.4,45.5,2.0,3.0,8.0,4.0,20.0,19.0,10.0,23.0,31.0,22.0,28.0,33.0,50.0,42.0,39.0,5.0,8.0,2.0,8.0,11.0,7.0,56.0,388.0,122.0,105.0,10.0,56.0,56.0,8.0,13.0,20.0,8.0,18.0,26.0,9.0,18.0,26.0,8.0,17.0,27.0,7.0,14.0,20.0,6.0,9.0,9.0,7.0,8.0,9.0,19.0,32.0,35.0,37.0,44.0,1.0,9.0
2013,3,19,1,167,25,2,4,10,0,21000000,48.4,37.0,4.0,2.0,3.0,14.0,4.0,20.0,21.0,10.0,23.0,24.0,22.0,28.0,39.0,50.0,42.0,3.0,5.0,8.0,10.0,8.0,11.0,214.0,154.0,147.0,46.0,28.0,46.0,28.0,8.0,14.0,21.0,9.0,18.0,26.0,9.0,19.0,26.0,8.0,17.0,26.0,6.0,14.0,20.0,6.0,9.0,9.0,7.0,8.0,9.0,12.0,27.0,32.0,34.0,49.0,8.0,9.0
2013,3,22,4,154,37,3,4,17,1,100000000,42.4,6.5,19.0,4.0,2.0,32.0,14.0,4.0,35.0,21.0,10.0,37.0,24.0,22.0,44.0,39.0,50.0,1.0,3.0,5.0,9.0,10.0,8.0,31.0,227.0,304.0,42.0,80.0,14.0,3.0,8.0,13.0,20.0,10.0,18.0,26.0,9.0,19.0,27.0,9.0,16.0,26.0,7.0,13.0,19.0,6.0,9.0,9.0,7.0,8.0,9.0,4.0,26.0,30.0,42.0,44.0,6.0,11.0
2013,3,26,1,146,40,5,4,17,1,111000000,24.0,23.0,12.0,19.0,4.0,27.0,32.0,14.0,32.0,35.0,21.0,34.0,37.0,24.0,49.0,44.0,39.0,8.0,1.0,3.0,9.0,9.0,10.0,11.0,67.0,200.0,70.0,7.0,49.0,18.0,8.0,12.0,20.0,10.0,17.0,26.0,10.0,20.0,28.0,9.0,16.0,26.0,7.0,13.0,19.0,7.0,9.0,9.0,7.0,8.0,9.0,13.0,30.0,43.0,44.0,46.0,5.0,9.0
2013,3,29,4,176,33,3,4,14,0,130000000,75.2,12.0,4.0,12.0,19.0,26.0,27.0,32.0,30.0,32.0,35.0,42.0,34.0,37.0,44.0,49.0,44.0,6.0,8.0,1.0,11.0,9.0,9.0,203.0,129.0,315.0,122.0,238.0,17.0,7.0,8.0,13.0,21.0,10.0,17.0,26.0,10.0,20.0,29.0,10.0,17.0,25.0,7.0,14.0,19.0,7.0,9.0,9.0,7.0,8.0,9.0,12.0,17.0,25.0,29.0,41.0,1.0,4.0
2013,4,2,1,124,29,1,2,5,1,15000000,41.6,23.0,13.0,4.0,12.0,30.0,26.0,27.0,43.0,30.0,32.0,44.0,42.0,34.0,46.0,44.0,49.0,5.0,6.0,8.0,9.0,11.0,9.0,11.0,210.0,147.0,119.0,81.0,14.0,67.0,8.0,13.0,21.0,10.0,18.0,26.0,10.0,21.0,29.0,10.0,17.0,25.0,7.0,14.0,18.0,7.0,9.0,9.0,7.0,8.0,9.0,1.0,11.0,17.0,32.0,39.0,2.0,7.0
2013,4,5,4,100,38,1,2,9,1,25000000,21.6,31.0,12.0,13.0,4.0,17.0,30.0,26.0,25.0,43.0,30.0,29.0,44.0,42.0,41.0,46.0,44.0,1.0,5.0,6.0,4.0,9.0,11.0,35.0,35.0,175.0,350.0,21.0,31.0,31.0,8.0,13.0,21.0,10.0,18.0,26.0,10.0,22.0,29.0,10.0,17.0,26.0,7.0,14.0,18.0,6.0,9.0,9.0,6.0,8.0,9.0,15.0,35.0,38.0,44.0,48.0,5.0,10.0
2013,4,9,1,180,33,3,4,15,1,15000000,44.4,18.0,1.0,12.0,13.0,11.0,17.0,30.0,17.0,25.0,43.0,32.0,29.0,44.0,39.0,41.0,46.0,2.0,1.0,5.0,7.0,4.0,9.0,46.0,1159.0,203.0,11.0,77.0,11.0,25.0,8.0,13.0,21.0,10.0,18.0,27.0,10.0,23.0,30.0,9.0,17.0,25.0,8.0,14.0,18.0,6.0,9.0,9.0,6.0,8.0,9.0,5.0,10.0,15.0,28.0,45.0,3.0,9.0
2013,4,12,4,103,40,2,2,12,0,26000000,38.8,21.0,15.0,1.0,12.0,35.0,11.0,17.0,38.0,17.0,25.0,44.0,32.0,29.0,48.0,39.0,41.0,5.0,2.0,1.0,10.0,7.0,4.0,59.0,77.0,346.0,35.0,66.0,28.0,14.0,8.0,12.0,20.0,10.0,17.0,26.0,10.0,23.0,30.0,9.0,17.0,25.0,8.0,13.0,18.0,6.0,9.0,9.0,6.0,8.0,9.0,1.0,11.0,22.0,33.0,50.0,4.0,6.0
2013,4,16,1,117,49,2,2,10,2,15000000,26.8,17.5,5.0,15.0,1.0,10.0,35.0,11.0,15.0,38.0,17.0,28.0,44.0,32.0,45.0,48.0,39.0,3.0,5.0,2.0,9.0,10.0,7.0,11.0,11.0,60.0,42.0,35.0,46.0,49.0,7.0,12.0,20.0,9.0,17.0,25.0,10.0,22.0,30.0,9.0,17.0,24.0,8.0,13.0,18.0,7.0,9.0,9.0,6.0,8.0,9.0,1.0,8.0,42.0,46.0,48.0,4.0,7.0
2013,4,19,4,145,47,4,3,11,1,15000000,20.6,8.5,1.0,5.0,15.0,11.0,10.0,35.0,22.0,15.0,38.0,33.0,28.0,44.0,50.0,45.0,48.0,4.0,3.0,5.0,6.0,9.0,10.0,3.0,192.0,150.0,255.0,10.0,3.0,14.0,7.0,12.0,20.0,9.0,18.0,26.0,10.0,22.0,30.0,9.0,17.0,25.0,8.0,13.0,18.0,7.0,9.0,9.0,6.0,8.0,9.0,1.0,4.0,7.0,10.0,50.0,4.0,11.0
2013,4,23,1,72,49,3,1,15,1,21000000,32.4,16.0,1.0,1.0,5.0,8.0,11.0,10.0,42.0,22.0,15.0,46.0,33.0,28.0,48.0,50.0,45.0,4.0,4.0,3.0,7.0,6.0,9.0,4.0,42.0,1831.0,2608.0,7.0,4.0,28.0,6.0,12.0,19.0,9.0,18.0,26.0,10.0,22.0,31.0,9.0,17.0,26.0,8.0,13.0,18.0,7.0,9.0,9.0,6.0,8.0,8.0,11.0,16.0,24.0,38.0,40.0,2.0,5.0
2013,4,26,4,129,29,4,2,7,1,32000000,42.4,19.0,1.0,1.0,1.0,4.0,8.0,11.0,7.0,42.0,22.0,10.0,46.0,33.0,50.0,48.0,50.0,4.0,4.0,4.0,11.0,7.0,6.0,164.0,63.0,283.0,185.0,147.0,21.0,56.0,7.0,13.0,19.0,9.0,18.0,25.0,10.0,22.0,32.0,9.0,18.0,26.0,8.0,14.0,18.0,6.0,9.0,9.0,7.0,8.0,8.0,13.0,36.0,40.0,43.0,50.0,5.0,9.0
2013,4,30,1,182,37,3,4,14,0,15000000,27.0,11.0,11.0,1.0,1.0,16.0,4.0,8.0,24.0,7.0,42.0,38.0,10.0,46.0,40.0,50.0,48.0,2.0,4.0,4.0,5.0,11.0,7.0,32.0,487.0,105.0,140.0,7.0,21.0,18.0,6.0,13.0,18.0,9.0,18.0,26.0,10.0,22.0,32.0,9.0,19.0,26.0,7.0,13.0,18.0,5.0,9.0,9.0,7.0,8.0,8.0,3.0,5.0,34.0,40.0,49.0,2.0,3.0
2013,5,3,4,131,46,2,3,5,1,25000000,32.8,14.0,13.0,11.0,1.0,36.0,16.0,4.0,40.0,24.0,7.0,43.0,38.0,10.0,50.0,40.0,50.0,5.0,2.0,4.0,9.0,5.0,11.0,56.0,133.0,91.0,87.0,42.0,7.0,185.0,7.0,12.0,18.0,9.0,18.0,26.0,10.0,23.0,32.0,10.0,19.0,26.0,7.0,13.0,18.0,5.0,9.0,9.0,8.0,9.0,9.0,13.0,27.0,28.0,42.0,43.0,4.0,6.0
2013,5,7,1,153,30,2,4,10,2,32000000,20.6,17.5,3.0,13.0,11.0,5.0,36.0,16.0,34.0,40.0,24.0,40.0,43.0,38.0,49.0,50.0,40.0,2.0,5.0,2.0,3.0,9.0,5.0,7.0,46.0,74.0,42.0,144.0,14.0,21.0,6.0,11.0,18.0,9.0,18.0,26.0,10.0,22.0,32.0,10.0,19.0,26.0,7.0,14.0,17.0,4.0,8.0,9.0,7.0,9.0,9.0,1.0,32.0,35.0,45.0,48.0,4.0,11.0
2013,5,10,4,161,47,2,4,15,1,42000000,26.4,10.0,13.0,3.0,13.0,27.0,5.0,36.0,28.0,34.0,40.0,42.0,40.0,43.0,43.0,49.0,50.0,4.0,2.0,5.0,6.0,3.0,9.0,17.0,52.0,52.0,108.0,21.0,3.0,17.0,6.0,11.0,18.0,10.0,18.0,26.0,10.0,21.0,31.0,10.0,19.0,26.0,6.0,13.0,17.0,4.0,7.0,9.0,7.0,9.0,9.0,7.0,8.0,24.0,27.0,36.0,5.0,11.0
2013,5,14,1,102,29,3,2,16,0,50000000,17.0,9.0,1.0,13.0,3.0,32.0,27.0,5.0,35.0,28.0,34.0,45.0,42.0,40.0,48.0,43.0,49.0,4.0,4.0,2.0,11.0,6.0,3.0,189.0,25.0,18.0,130.0,347.0,14.0,4.0,6.0,12.0,18.0,9.0,18.0,26.0,9.0,21.0,31.0,10.0,20.0,26.0,7.0,14.0,18.0,4.0,7.0,9.0,6.0,9.0,9.0,6.0,20.0,24.0,25.0,50.0,9.0,10.0
2013,5,17,4,125,44,4,1,19,1,62000000,47.2,27.5,7.0,1.0,13.0,8.0,32.0,27.0,24.0,35.0,28.0,27.0,45.0,42.0,36.0,48.0,43.0,5.0,4.0,4.0,11.0,11.0,6.0,101.0,70.0,3.0,94.0,17.0,276.0,38.0,6.0,13.0,18.0,9.0,17.0,25.0,8.0,21.0,30.0,10.0,20.0,25.0,6.0,14.0,18.0,4.0,8.0,10.0,7.0,9.0,9.0,7.0,8.0,19.0,28.0,29.0,5.0,9.0
2013,5,21,1,91,22,2,2,14,0,71000000,28.0,5.5,6.0,7.0,1.0,20.0,8.0,32.0,24.0,24.0,35.0,25.0,27.0,45.0,50.0,36.0,48.0,9.0,5.0,4.0,10.0,11.0,11.0,7.0,7.0,186.0,39.0,189.0,7.0,21.0,6.0,13.0,18.0,8.0,17.0,25.0,8.0,22.0,31.0,10.0,20.0,25.0,7.0,14.0,19.0,4.0,8.0,10.0,7.0,9.0,9.0,7.0,17.0,22.0,27.0,40.0,2.0,3.0
2013,5,24,4,113,33,2,2,5,1,85000000,24.2,21.0,7.0,6.0,7.0,8.0,20.0,8.0,19.0,24.0,24.0,28.0,25.0,27.0,29.0,50.0,36.0,5.0,9.0,5.0,9.0,10.0,11.0,3.0,52.0,38.0,10.0,28.0,21.0,21.0,6.0,13.0,18.0,9.0,16.0,25.0,8.0,21.0,31.0,9.0,19.0,25.0,7.0,13.0,19.0,4.0,8.0,10.0,6.0,9.0,9.0,8.0,13.0,26.0,34.0,38.0,3.0,11.0
2013,5,28,1,119,30,4,3,14,0,94000000,29.6,9.0,7.0,7.0,6.0,17.0,8.0,20.0,22.0,19.0,24.0,27.0,28.0,25.0,40.0,29.0,50.0,2.0,5.0,9.0,3.0,9.0,10.0,84.0,382.0,119.0,67.0,116.0,46.0,14.0,7.0,13.0,18.0,9.0,17.0,26.0,8.0,21.0,31.0,9.0,18.0,25.0,8.0,14.0,19.0,5.0,8.0,10.0,6.0,9.0,9.0,27.0,28.0,29.0,34.0,43.0,5.0,10.0
2013,5,31,4,161,16,2,5,15,1,15000000,10.8,12.0,8.0,7.0,7.0,13.0,17.0,8.0,26.0,22.0,19.0,34.0,27.0,28.0,38.0,40.0,29.0,3.0,2.0,5.0,11.0,3.0,9.0,2485.0,220.0,91.0,3.0,24.0,10.0,14.0,7.0,14.0,19.0,9.0,17.0,27.0,9.0,21.0,31.0,8.0,18.0,25.0,8.0,14.0,19.0,5.0,8.0,10.0,5.0,9.0,9.0,31.0,33.0,34.0,37.0,40.0,1.0,6.0
2013,6,4,1,175,9,2,5,7,1,21000000,46.4,45.5,27.0,8.0,7.0,28.0,13.0,17.0,29.0,26.0,22.0,34.0,34.0,27.0,43.0,38.0,40.0,5.0,3.0,2.0,10.0,11.0,3.0,333.0,1313.0,32.0,77.0,11.0,63.0,28.0,8.0,15.0,20.0,9.0,18.0,28.0,8.0,20.0,30.0,8.0,18.0,25.0,8.0,13.0,19.0,6.0,8.0,10.0,5.0,9.0,9.0,7.0,14.0,26.0,45.0,50.0,2.0,7.0
2013,6,7,4,142,43,3,3,9,1,100000000,31.4,31.5,31.0,27.0,8.0,33.0,28.0,13.0,34.0,29.0,26.0,37.0,34.0,34.0,40.0,43.0,38.0,1.0,5.0,3.0,6.0,10.0,11.0,14.0,84.0,10.0,28.0,21.0,14.0,49.0,7.0,14.0,19.0,9.0,18.0,28.0,8.0,19.0,30.0,7.0,17.0,25.0,7.0,13.0,19.0,6.0,8.0,10.0,6.0,8.0,9.0,5.0,7.0,9.0,25.0,41.0,1.0,5.0
2013,6,11,1,87,36,0,1,6,0,112000000,52.2,9.0,7.0,31.0,27.0,14.0,33.0,28.0,26.0,34.0,29.0,45.0,37.0,34.0,50.0,40.0,43.0,2.0,1.0,5.0,7.0,6.0,10.0,60.0,161.0,182.0,25.0,70.0,7.0,46.0,7.0,14.0,19.0,9.0,19.0,28.0,8.0,19.0,31.0,6.0,16.0,24.0,8.0,13.0,19.0,6.0,8.0,10.0,7.0,8.0,9.0,10.0,25.0,41.0,47.0,48.0,6.0,10.0
2013,6,14,4,171,38,2,3,16,2,129000000,48.6,12.0,5.0,7.0,31.0,7.0,14.0,33.0,9.0,26.0,34.0,25.0,45.0,37.0,41.0,50.0,40.0,1.0,2.0,1.0,5.0,7.0,6.0,182.0,129.0,563.0,374.0,35.0,80.0,14.0,7.0,14.0,20.0,9.0,20.0,28.0,8.0,20.0,32.0,7.0,17.0,25.0,8.0,13.0,19.0,6.0,8.0,10.0,7.0,8.0,9.0,17.0,24.0,33.0,41.0,44.0,1.0,11.0
2013,6,18,1,159,27,2,3,12,0,143000000,29.0,14.0,10.0,5.0,7.0,25.0,7.0,14.0,41.0,9.0,26.0,47.0,25.0,45.0,48.0,41.0,50.0,6.0,1.0,2.0,10.0,5.0,7.0,172.0,172.0,427.0,245.0,84.0,7.0,21.0,8.0,15.0,19.0,10.0,21.0,27.0,9.0,20.0,32.0,8.0,18.0,25.0,8.0,13.0,18.0,6.0,7.0,10.0,7.0,8.0,9.0,10.0,11.0,30.0,36.0,45.0,1.0,2.0
2013,6,21,4,132,35,3,3,3,1,166000000,39.8,8.5,17.0,10.0,5.0,24.0,25.0,7.0,33.0,41.0,9.0,41.0,47.0,25.0,44.0,48.0,41.0,1.0,6.0,1.0,11.0,10.0,5.0,7.0,66.0,87.0,112.0,70.0,3.0,413.0,7.0,14.0,19.0,10.0,20.0,27.0,9.0,20.0,32.0,9.0,19.0,25.0,9.0,13.0,18.0,5.0,7.0,10.0,8.0,9.0,10.0,4.0,5.0,13.0,27.0,35.0,1.0,2.0
2013,6,25,1,84,31,1,2,3,1,185000000,35.2,4.0,10.0,17.0,10.0,11.0,24.0,25.0,30.0,33.0,41.0,36.0,41.0,47.0,45.0,44.0,48.0,1.0,1.0,6.0,2.0,11.0,10.0,91.0,53.0,119.0,32.0,364.0,4.0,4.0,8.0,15.0,19.0,10.0,19.0,27.0,9.0,20.0,31.0,8.0,19.0,25.0,9.0,13.0,19.0,5.0,7.0,10.0,7.0,9.0,10.0,1.0,15.0,28.0,35.0,47.0,1.0,7.0
2013,6,28,4,126,46,1,3,8,0,15000000,34.2,12.0,4.0,10.0,17.0,5.0,11.0,24.0,13.0,30.0,33.0,27.0,36.0,41.0,35.0,45.0,44.0,1.0,1.0,1.0,2.0,2.0,11.0,49.0,129.0,52.0,192.0,164.0,3.0,21.0,9.0,14.0,19.0,10.0,20.0,27.0,9.0,19.0,31.0,9.0,19.0,26.0,10.0,14.0,19.0,5.0,7.0,10.0,6.0,8.0,10.0,11.0,13.0,14.0,28.0,30.0,4.0,5.0
2013,7,2,1,96,19,3,2,9,1,15000000,11.6,37.0,1.0,4.0,10.0,15.0,5.0,11.0,28.0,13.0,30.0,35.0,27.0,36.0,47.0,35.0,45.0,1.0,1.0,1.0,7.0,2.0,2.0,67.0,35.0,144.0,42.0,126.0,53.0,21.0,9.0,14.0,19.0,10.0,20.0,27.0,10.0,19.0,31.0,10.0,18.0,25.0,10.0,14.0,19.0,5.0,7.0,10.0,6.0,8.0,10.0,4.0,12.0,15.0,28.0,33.0,1.0,10.0
2013,7,5,4,92,29,3,2,11,1,26000000,26.2,14.0,11.0,1.0,4.0,13.0,15.0,5.0,14.0,28.0,13.0,28.0,35.0,27.0,30.0,47.0,35.0,4.0,1.0,1.0,5.0,7.0,2.0,10.0,129.0,84.0,3.0,280.0,7.0,21.0,8.0,13.0,19.0,10.0,20.0,26.0,10.0,18.0,31.0,9.0,17.0,25.0,10.0,15.0,20.0,4.0,7.0,10.0,6.0,8.0,10.0,16.0,18.0,31.0,38.0,49.0,4.0,10.0
2013,7,9,1,152,33,3,3,14,2,33000000,76.6,5.5,4.0,11.0,1.0,12.0,13.0,15.0,15.0,14.0,28.0,28.0,28.0,35.0,33.0,30.0,47.0,1.0,4.0,1.0,10.0,5.0,7.0,263.0,196.0,126.0,74.0,67.0,7.0,4.0,8.0,14.0,19.0,10.0,20.0,26.0,10.0,19.0,31.0,9.0,17.0,25.0,10.0,15.0,20.0,4.0,7.0,10.0,5.0,8.0,10.0,18.0,26.0,32.0,33.0,42.0,2.0,3.0
2013,7,12,4,151,24,4,4,5,1,15000000,34.8,31.0,16.0,4.0,11.0,18.0,12.0,13.0,31.0,15.0,14.0,38.0,28.0,28.0,49.0,33.0,30.0,4.0,1.0,4.0,10.0,10.0,5.0,633.0,108.0,112.0,87.0,126.0,35.0,49.0,8.0,15.0,20.0,10.0,21.0,26.0,10.0,20.0,30.0,9.0,17.0,25.0,10.0,16.0,20.0,4.0,7.0,10.0,6.0,8.0,10.0,19.0,23.0,34.0,47.0,50.0,4.0,6.0
2013,7,16,1,173,31,2,3,10,2,22000000,57.0,19.5,18.0,16.0,4.0,26.0,18.0,12.0,32.0,31.0,15.0,33.0,38.0,28.0,42.0,49.0,33.0,2.0,4.0,1.0,3.0,10.0,10.0,119.0,291.0,42.0,32.0,39.0,7.0,42.0,8.0,16.0,20.0,10.0,22.0,27.0,10.0,19.0,29.0,8.0,16.0,25.0,10.0,16.0,20.0,4.0,7.0,10.0,7.0,8.0,10.0,13.0,16.0,24.0,26.0,35.0,2.0,5.0
2013,7,19,4,114,22,3,2,7,1,15000000,17.2,12.0,19.0,18.0,16.0,23.0,26.0,18.0,34.0,32.0,31.0,47.0,33.0,38.0,50.0,42.0,49.0,4.0,2.0,4.0,6.0,3.0,10.0,73.0,84.0,63.0,192.0,24.0,7.0,17.0,9.0,16.0,20.0,10.0,21.0,27.0,10.0,18.0,28.0,9.0,16.0,25.0,9.0,16.0,20.0,3.0,7.0,10.0,7.0,8.0,10.0,14.0,15.0,16.0,19.0,44.0,4.0,5.0
2013,7,23,1,108,30,3,1,9,1,15000000,17.0,5.5,13.0,19.0,18.0,16.0,23.0,26.0,24.0,34.0,32.0,26.0,47.0,33.0,35.0,50.0,42.0,2.0,4.0,2.0,5.0,6.0,3.0,210.0,25.0,161.0,291.0,35.0,7.0,4.0,9.0,17.0,21.0,9.0,21.0,27.0,10.0,19.0,28.0,9.0,17.0,26.0,9.0,16.0,20.0,3.0,7.0,10.0,6.0,8.0,10.0,12.0,23.0,29.0,38.0,49.0,3.0,4.0
2013,7,26,4,151,37,2,3,7,1,15000000,24.2,8.5,14.0,13.0,19.0,15.0,16.0,23.0,16.0,24.0,34.0,19.0,26.0,47.0,44.0,35.0,50.0,4.0,2.0,4.0,5.0,5.0,6.0,115.0,10.0,56.0,17.0,17.0,59.0,115.0,9.0,18.0,21.0,8.0,20.0,26.0,10.0,18.0,28.0,8.0,16.0,26.0,8.0,16.0,20.0,4.0,7.0,10.0,7.0,9.0,10.0,3.0,4.0,11.0,14.0,43.0,1.0,6.0
2013,7,30,1,75,40,2,1,7,1,22000000,41.6,19.5,12.0,14.0,13.0,23.0,15.0,16.0,29.0,16.0,24.0,38.0,19.0,26.0,49.0,44.0,35.0,3.0,4.0,2.0,4.0,5.0,5.0,88.0,98.0,249.0,588.0,60.0,25.0,14.0,10.0,18.0,21.0,8.0,21.0,26.0,10.0,19.0,29.0,8.0,16.0,27.0,9.0,16.0,20.0,4.0,7.0,10.0,6.0,9.0,10.0,21.0,36.0,37.0,42.0,48.0,4.0,7.0
2013,8,2,4,184,27,3,4,11,1,32000000,62.2,21.0,3.0,12.0,14.0,4.0,23.0,15.0,11.0,29.0,16.0,14.0,38.0,19.0,43.0,49.0,44.0,1.0,3.0,4.0,6.0,4.0,5.0,847.0,94.0,287.0,87.0,49.0,10.0,35.0,10.0,19.0,21.0,9.0,21.0,26.0,10.0,20.0,30.0,8.0,16.0,27.0,9.0,16.0,20.0,4.0,7.0,9.0,6.0,9.0,10.0,16.0,17.0,31.0,47.0,49.0,3.0,11.0
2013,8,6,1,160,33,1,3,14,0,39000000,24.6,30.0,21.0,3.0,12.0,36.0,4.0,23.0,37.0,11.0,29.0,42.0,14.0,38.0,48.0,43.0,49.0,4.0,1.0,3.0,7.0,6.0,4.0,28.0,74.0,28.0,21.0,11.0,11.0,49.0,9.0,19.0,21.0,9.0,20.0,26.0,9.0,19.0,30.0,8.0,16.0,27.0,8.0,16.0,19.0,4.0,7.0,8.0,7.0,9.0,10.0,4.0,7.0,9.0,23.0,24.0,8.0,9.0
2013,8,9,4,67,20,2,0,17,1,51000000,32.6,110.0,16.0,21.0,3.0,17.0,36.0,4.0,31.0,37.0,11.0,47.0,42.0,14.0,49.0,48.0,43.0,3.0,4.0,1.0,11.0,7.0,6.0,35.0,59.0,59.0,227.0,2506.0,140.0,80.0,9.0,19.0,21.0,9.0,20.0,26.0,9.0,19.0,30.0,8.0,17.0,28.0,8.0,16.0,20.0,5.0,8.0,8.0,8.0,9.0,10.0,5.0,17.0,20.0,47.0,50.0,1.0,4.0
2013,8,13,1,139,45,2,2,5,1,59000000,35.8,12.5,4.0,16.0,21.0,7.0,17.0,36.0,9.0,31.0,37.0,23.0,47.0,42.0,24.0,49.0,48.0,8.0,3.0,4.0,9.0,11.0,7.0,63.0,7.0,231.0,7.0,28.0,14.0,18.0,10.0,18.0,21.0,8.0,19.0,26.0,10.0,20.0,31.0,8.0,17.0,27.0,8.0,16.0,20.0,5.0,7.0,8.0,7.0,9.0,10.0,20.0,24.0,27.0,37.0,39.0,5.0,10.0
2013,8,16,4,147,19,2,3,15,1,70000000,41.8,31.0,5.0,4.0,16.0,17.0,7.0,17.0,20.0,9.0,31.0,47.0,23.0,47.0,50.0,24.0,49.0,1.0,8.0,3.0,4.0,9.0,11.0,322.0,59.0,210.0,73.0,133.0,77.0,38.0,10.0,19.0,22.0,8.0,18.0,26.0,10.0,20.0,32.0,8.0,17.0,27.0,8.0,16.0,19.0,6.0,7.0,8.0,7.0,9.0,10.0,5.0,11.0,42.0,49.0,50.0,8.0,11.0
2013,8,20,1,157,45,2,3,19,1,79000000,13.4,12.5,20.0,5.0,4.0,24.0,17.0,7.0,27.0,20.0,9.0,37.0,47.0,23.0,39.0,50.0,24.0,5.0,1.0,8.0,10.0,4.0,9.0,7.0,60.0,123.0,760.0,7.0,11.0,14.0,9.0,19.0,22.0,9.0,18.0,26.0,10.0,20.0,32.0,9.0,18.0,27.0,8.0,16.0,19.0,6.0,7.0,8.0,7.0,9.0,10.0,1.0,6.0,26.0,30.0,37.0,5.0,8.0
2013,8,23,4,100,36,3,3,13,1,93000000,49.6,5.0,5.0,20.0,5.0,11.0,24.0,17.0,42.0,27.0,20.0,49.0,37.0,47.0,50.0,39.0,50.0,8.0,5.0,1.0,11.0,10.0,4.0,56.0,294.0,77.0,185.0,182.0,7.0,164.0,9.0,18.0,22.0,9.0,19.0,27.0,10.0,20.0,32.0,9.0,19.0,28.0,8.0,16.0,20.0,5.0,7.0,8.0,8.0,10.0,10.0,7.0,30.0,38.0,40.0,43.0,2.0,6.0
2013,8,27,1,158,36,3,4,8,2,15000000,33.2,33.5,1.0,5.0,20.0,6.0,11.0,24.0,26.0,42.0,27.0,30.0,49.0,37.0,37.0,50.0,39.0,5.0,8.0,5.0,8.0,11.0,10.0,81.0,151.0,140.0,116.0,28.0,39.0,28.0,9.0,17.0,22.0,9.0,19.0,26.0,10.0,21.0,32.0,9.0,19.0,28.0,7.0,16.0,20.0,6.0,7.0,8.0,7.0,10.0,10.0,2.0,17.0,25.0,36.0,45.0,5.0,9.0
2013,8,30,4,125,43,2,2,14,0,25000000,72.6,14.0,7.0,1.0,5.0,30.0,6.0,11.0,38.0,26.0,42.0,40.0,30.0,49.0,43.0,37.0,50.0,2.0,5.0,8.0,6.0,8.0,11.0,171.0,17.0,150.0,70.0,70.0,7.0,21.0,9.0,17.0,22.0,8.0,18.0,26.0,10.0,22.0,31.0,9.0,19.0,28.0,8.0,15.0,20.0,6.0,7.0,8.0,7.0,10.0,10.0,5.0,9.0,16.0,18.0,42.0,7.0,9.0
2013,9,3,1,90,37,3,1,16,0,15000000,26.8,18.0,2.0,7.0,1.0,17.0,30.0,6.0,25.0,38.0,26.0,36.0,40.0,30.0,45.0,43.0,37.0,5.0,2.0,5.0,9.0,6.0,8.0,14.0,284.0,42.0,749.0,53.0,203.0,4.0,8.0,17.0,22.0,8.0,18.0,27.0,10.0,22.0,30.0,9.0,19.0,28.0,9.0,15.0,20.0,7.0,8.0,9.0,7.0,10.0,10.0,11.0,23.0,25.0,32.0,37.0,4.0,7.0
2013,9,6,4,128,26,1,2,11,1,25000000,24.4,13.5,5.0,2.0,7.0,9.0,17.0,30.0,16.0,25.0,38.0,18.0,36.0,40.0,42.0,45.0,43.0,7.0,5.0,2.0,9.0,9.0,6.0,66.0,42.0,7.0,154.0,14.0,35.0,35.0,8.0,17.0,22.0,8.0,18.0,27.0,9.0,22.0,29.0,9.0,19.0,27.0,8.0,14.0,20.0,7.0,8.0,9.0,7.0,10.0,10.0,7.0,11.0,14.0,28.0,30.0,2.0,10.0
2013,9,10,1,90,23,3,2,12,2,15000000,28.2,19.5,11.0,5.0,2.0,23.0,9.0,17.0,25.0,16.0,25.0,32.0,18.0,36.0,37.0,42.0,45.0,4.0,7.0,5.0,7.0,9.0,9.0,14.0,21.0,70.0,67.0,70.0,14.0,25.0,7.0,17.0,22.0,8.0,17.0,27.0,9.0,21.0,29.0,10.0,19.0,27.0,8.0,14.0,20.0,6.0,7.0,9.0,7.0,10.0,10.0,4.0,6.0,14.0,27.0,33.0,5.0,10.0
2013,9,13,4,84,29,3,2,15,1,27000000,30.0,8.5,7.0,11.0,5.0,11.0,23.0,9.0,14.0,25.0,16.0,28.0,32.0,18.0,30.0,37.0,42.0,2.0,4.0,7.0,10.0,7.0,9.0,35.0,21.0,3.0,80.0,70.0,14.0,3.0,7.0,16.0,22.0,7.0,17.0,27.0,8.0,20.0,29.0,10.0,18.0,27.0,8.0,14.0,20.0,6.0,7.0,9.0,7.0,10.0,10.0,13.0,17.0,21.0,42.0,44.0,9.0,11.0
2013,9,17,1,137,31,2,2,20,0,34000000,38.8,21.0,4.0,7.0,11.0,6.0,11.0,23.0,14.0,14.0,25.0,27.0,28.0,32.0,33.0,30.0,37.0,5.0,2.0,4.0,10.0,10.0,7.0,60.0,18.0,186.0,46.0,56.0,123.0,28.0,8.0,15.0,22.0,7.0,17.0,27.0,8.0,20.0,30.0,10.0,18.0,27.0,9.0,14.0,20.0,6.0,8.0,9.0,6.0,10.0,10.0,5.0,11.0,35.0,38.0,45.0,2.0,3.0
2013,9,20,4,134,40,1,3,5,1,45000000,27.0,27.5,13.0,4.0,7.0,17.0,6.0,11.0,21.0,14.0,14.0,42.0,27.0,28.0,44.0,33.0,30.0,9.0,5.0,2.0,11.0,10.0,10.0,17.0,10.0,133.0,56.0,21.0,10.0,70.0,7.0,15.0,22.0,6.0,16.0,27.0,8.0,20.0,29.0,10.0,18.0,27.0,8.0,14.0,19.0,6.0,8.0,9.0,7.0,9.0,10.0,10.0,20.0,26.0,28.0,43.0,9.0,11.0
2013,9,24,1,127,33,4,3,20,0,53000000,41.6,7.0,5.0,13.0,4.0,11.0,17.0,6.0,35.0,21.0,14.0,38.0,42.0,27.0,45.0,44.0,33.0,2.0,9.0,5.0,3.0,11.0,10.0,95.0,130.0,32.0,14.0,28.0,7.0,7.0,8.0,16.0,22.0,7.0,17.0,27.0,7.0,19.0,29.0,9.0,17.0,26.0,7.0,13.0,19.0,5.0,8.0,9.0,7.0,9.0,10.0,11.0,15.0,38.0,41.0,43.0,2.0,6.0
2013,9,27,4,148,32,1,3,8,2,65000000,36.8,19.0,10.0,5.0,13.0,20.0,11.0,17.0,26.0,35.0,21.0,28.0,38.0,42.0,43.0,45.0,44.0,9.0,2.0,9.0,11.0,3.0,11.0,21.0,66.0,31.0,101.0,3.0,7.0,31.0,7.0,16.0,22.0,8.0,16.0,27.0,7.0,19.0,28.0,9.0,18.0,26.0,7.0,13.0,19.0,5.0,8.0,9.0,6.0,9.0,10.0,19.0,23.0,25.0,44.0,48.0,8.0,9.0
2013,10,1,1,159,29,2,2,17,1,15000000,38.8,23.0,11.0,10.0,5.0,15.0,20.0,11.0,38.0,26.0,35.0,41.0,28.0,38.0,43.0,43.0,45.0,2.0,9.0,2.0,6.0,11.0,3.0,77.0,25.0,25.0,175.0,60.0,42.0,28.0,8.0,16.0,21.0,7.0,15.0,26.0,7.0,18.0,28.0,9.0,19.0,26.0,8.0,13.0,19.0,6.0,8.0,9.0,6.0,9.0,10.0,6.0,20.0,24.0,35.0,50.0,5.0,10.0
2013,10,4,4,135,44,4,2,15,1,25000000,27.8,21.0,19.0,11.0,10.0,23.0,15.0,20.0,25.0,38.0,26.0,44.0,41.0,28.0,48.0,43.0,43.0,8.0,2.0,9.0,9.0,6.0,11.0,140.0,10.0,77.0,98.0,45.0,21.0,21.0,8.0,17.0,21.0,7.0,14.0,25.0,8.0,18.0,28.0,9.0,20.0,26.0,9.0,13.0,19.0,6.0,8.0,9.0,6.0,9.0,10.0,23.0,24.0,26.0,33.0,42.0,3.0,5.0
2013,10,8,1,148,19,3,3,8,0,32000000,14.2,11.0,6.0,19.0,11.0,20.0,23.0,15.0,24.0,25.0,38.0,35.0,44.0,41.0,50.0,48.0,43.0,5.0,8.0,2.0,10.0,9.0,6.0,343.0,53.0,14.0,88.0,35.0,63.0,77.0,9.0,17.0,22.0,7.0,13.0,25.0,7.0,17.0,28.0,9.0,20.0,26.0,9.0,13.0,19.0,6.0,8.0,9.0,7.0,9.0,10.0,6.0,12.0,17.0,23.0,43.0,5.0,9.0
2013,10,11,4,101,37,2,1,14,0,43000000,25.0,6.5,23.0,6.0,19.0,24.0,20.0,23.0,26.0,24.0,25.0,33.0,35.0,44.0,42.0,50.0,48.0,3.0,5.0,8.0,5.0,10.0,9.0,7.0,98.0,189.0,63.0,14.0,7.0,10.0,9.0,17.0,22.0,8.0,14.0,25.0,8.0,17.0,29.0,9.0,20.0,25.0,8.0,13.0,19.0,5.0,8.0,9.0,6.0,9.0,10.0,18.0,27.0,39.0,43.0,47.0,4.0,7.0
2013,10,15,1,174,29,1,4,11,1,50000000,40.2,39.0,6.0,23.0,6.0,12.0,24.0,20.0,17.0,26.0,24.0,23.0,33.0,35.0,43.0,42.0,50.0,5.0,3.0,5.0,9.0,5.0,10.0,95.0,161.0,529.0,168.0,109.0,39.0,39.0,9.0,18.0,22.0,9.0,14.0,25.0,9.0,18.0,29.0,10.0,20.0,24.0,8.0,13.0,19.0,6.0,8.0,9.0,7.0,9.0,10.0,5.0,25.0,36.0,46.0,47.0,2.0,6.0
2013,10,18,4,159,42,2,3,8,2,15000000,55.8,21.0,18.0,6.0,23.0,27.0,12.0,24.0,39.0,17.0,26.0,43.0,23.0,33.0,47.0,43.0,42.0,4.0,5.0,3.0,7.0,9.0,5.0,28.0,126.0,588.0,182.0,3.0,21.0,21.0,8.0,17.0,22.0,9.0,15.0,25.0,9.0,19.0,30.0,10.0,20.0,25.0,7.0,13.0,19.0,6.0,8.0,9.0,7.0,9.0,10.0,29.0,33.0,39.0,41.0,44.0,9.0,11.0
2013,10,22,1,186,15,1,5,20,0,21000000,31.0,19.5,5.0,18.0,6.0,25.0,27.0,12.0,36.0,39.0,17.0,46.0,43.0,23.0,47.0,47.0,43.0,2.0,4.0,5.0,6.0,7.0,9.0,1754.0,140.0,7.0,25.0,35.0,28.0,28.0,8.0,17.0,23.0,9.0,16.0,25.0,8.0,18.0,29.0,9.0,20.0,25.0,7.0,13.0,19.0,6.0,8.0,9.0,7.0,9.0,10.0,2.0,3.0,10.0,31.0,38.0,6.0,10.0
2013,10,25,4,84,36,3,2,16,2,31000000,56.4,14.0,29.0,5.0,18.0,33.0,25.0,27.0,39.0,36.0,39.0,41.0,46.0,43.0,44.0,47.0,47.0,9.0,2.0,4.0,11.0,6.0,7.0,56.0,472.0,227.0,273.0,150.0,133.0,21.0,9.0,16.0,23.0,9.0,16.0,26.0,8.0,18.0,30.0,9.0,20.0,26.0,7.0,14.0,19.0,7.0,9.0,9.0,6.0,9.0,10.0,9.0,10.0,30.0,32.0,37.0,2.0,6.0
2013,10,29,1,118,28,3,3,8,2,15000000,43.0,7.5,2.0,29.0,5.0,3.0,33.0,25.0,10.0,39.0,36.0,31.0,41.0,46.0,38.0,44.0,47.0,6.0,9.0,2.0,10.0,11.0,6.0,263.0,200.0,130.0,53.0,53.0,11.0,11.0,9.0,16.0,24.0,10.0,16.0,27.0,9.0,18.0,30.0,9.0,20.0,26.0,8.0,14.0,19.0,7.0,9.0,9.0,6.0,9.0,10.0,7.0,19.0,29.0,30.0,33.0,3.0,8.0
2013,11,1,4,118,26,1,3,11,1,15000000,21.2,27.5,9.0,2.0,29.0,10.0,3.0,33.0,30.0,10.0,39.0,32.0,31.0,41.0,37.0,38.0,44.0,2.0,6.0,9.0,6.0,10.0,11.0,52.0,241.0,98.0,70.0,49.0,24.0,70.0,9.0,15.0,24.0,10.0,17.0,27.0,9.0,18.0,30.0,10.0,20.0,26.0,9.0,13.0,19.0,7.0,9.0,9.0,7.0,9.0,10.0,6.0,12.0,13.0,35.0,38.0,2.0,3.0
2013,11,5,1,104,32,3,2,5,1,21000000,28.4,5.5,7.0,9.0,2.0,19.0,10.0,3.0,29.0,30.0,10.0,30.0,32.0,31.0,33.0,37.0,38.0,3.0,2.0,6.0,8.0,6.0,10.0,25.0,25.0,133.0,32.0,11.0,7.0,46.0,8.0,15.0,24.0,9.0,16.0,27.0,9.0,18.0,30.0,9.0,20.0,26.0,8.0,12.0,18.0,6.0,9.0,9.0,8.0,9.0,10.0,20.0,28.0,35.0,42.0,43.0,8.0,10.0
2013,11,8,4,168,23,3,4,18,2,15000000,27.6,10.5,6.0,7.0,9.0,12.0,19.0,10.0,13.0,29.0,30.0,35.0,30.0,32.0,38.0,33.0,37.0,2.0,3.0,2.0,3.0,8.0,6.0,84.0,161.0,49.0,52.0,28.0,38.0,14.0,9.0,15.0,24.0,9.0,17.0,27.0,9.0,17.0,30.0,10.0,19.0,26.0,7.0,12.0,18.0,7.0,8.0,9.0,8.0,8.0,10.0,14.0,29.0,37.0,40.0,48.0,2.0,11.0
2013,11,12,1,168,34,3,4,13,1,15000000,40.8,14.0,20.0,6.0,7.0,28.0,12.0,19.0,35.0,13.0,29.0,42.0,35.0,30.0,43.0,38.0,33.0,8.0,2.0,3.0,10.0,3.0,8.0,112.0,389.0,102.0,77.0,42.0,7.0,21.0,9.0,16.0,24.0,9.0,18.0,27.0,9.0,17.0,29.0,10.0,18.0,26.0,7.0,11.0,17.0,7.0,8.0,9.0,7.0,8.0,10.0,3.0,13.0,15.0,29.0,42.0,1.0,4.0
2013,11,15,4,102,39,1,2,5,1,100000000,18.0,62.5,14.0,20.0,6.0,29.0,28.0,12.0,37.0,35.0,13.0,40.0,42.0,35.0,48.0,43.0,38.0,2.0,8.0,2.0,11.0,10.0,3.0,108.0,136.0,133.0,227.0,38.0,94.0,94.0,10.0,17.0,24.0,10.0,19.0,27.0,9.0,17.0,28.0,10.0,18.0,27.0,8.0,11.0,17.0,7.0,9.0,9.0,7.0,9.0,10.0,14.0,15.0,19.0,36.0,45.0,1.0,10.0
2013,11,19,1,129,31,2,2,11,1,15000000,24.2,7.5,3.0,14.0,20.0,13.0,29.0,28.0,15.0,37.0,35.0,29.0,40.0,42.0,42.0,48.0,43.0,1.0,2.0,8.0,4.0,11.0,10.0,7.0,53.0,182.0,81.0,60.0,4.0,11.0,9.0,16.0,23.0,10.0,19.0,27.0,10.0,18.0,29.0,10.0,18.0,27.0,9.0,11.0,17.0,6.0,9.0,9.0,6.0,9.0,10.0,13.0,25.0,26.0,40.0,50.0,8.0,9.0
2013,11,22,4,154,37,3,3,17,1,24000000,29.2,22.5,14.0,3.0,14.0,15.0,13.0,29.0,19.0,15.0,37.0,36.0,29.0,40.0,45.0,42.0,48.0,1.0,1.0,2.0,10.0,4.0,11.0,66.0,35.0,45.0,10.0,49.0,14.0,42.0,9.0,16.0,22.0,10.0,18.0,27.0,10.0,18.0,29.0,9.0,18.0,26.0,9.0,11.0,17.0,6.0,9.0,9.0,7.0,9.0,10.0,19.0,23.0,27.0,42.0,44.0,3.0,5.0
2013,11,26,1,155,25,2,3,8,0,31000000,28.2,33.5,13.0,14.0,3.0,25.0,15.0,13.0,26.0,19.0,15.0,40.0,36.0,29.0,50.0,45.0,42.0,8.0,1.0,1.0,9.0,10.0,4.0,56.0,56.0,102.0,18.0,35.0,25.0,49.0,9.0,16.0,21.0,10.0,18.0,27.0,10.0,19.0,29.0,8.0,18.0,26.0,9.0,11.0,16.0,5.0,9.0,9.0,8.0,9.0,10.0,2.0,7.0,10.0,23.0,43.0,4.0,7.0
2013,11,29,4,85,41,2,1,11,1,15000000,23.6,29.5,19.0,13.0,14.0,23.0,25.0,15.0,27.0,26.0,19.0,42.0,40.0,36.0,44.0,50.0,45.0,3.0,8.0,1.0,5.0,9.0,10.0,35.0,112.0,35.0,49.0,21.0,45.0,45.0,9.0,16.0,21.0,10.0,18.0,26.0,10.0,18.0,29.0,8.0,17.0,25.0,9.0,11.0,16.0,5.0,8.0,9.0,9.0,9.0,10.0,6.0,13.0,15.0,29.0,32.0,2.0,9.0
2013,12,3,1,95,26,2,2,11,1,15000000,21.2,16.0,2.0,19.0,13.0,7.0,23.0,25.0,10.0,27.0,26.0,23.0,42.0,40.0,43.0,44.0,50.0,4.0,3.0,8.0,7.0,5.0,9.0,28.0,18.0,18.0,18.0,343.0,21.0,11.0,8.0,16.0,21.0,9.0,18.0,26.0,9.0,18.0,29.0,7.0,17.0,24.0,9.0,12.0,16.0,5.0,8.0,9.0,8.0,9.0,10.0,1.0,2.0,18.0,31.0,36.0,7.0,10.0
2013,12,6,4,88,35,3,2,17,1,24000000,44.6,12.0,6.0,2.0,19.0,13.0,7.0,23.0,15.0,10.0,27.0,29.0,23.0,42.0,32.0,43.0,44.0,2.0,4.0,3.0,9.0,7.0,5.0,105.0,682.0,315.0,42.0,206.0,94.0,17.0,8.0,17.0,21.0,9.0,19.0,27.0,9.0,19.0,29.0,7.0,17.0,24.0,9.0,12.0,17.0,6.0,9.0,9.0,7.0,9.0,10.0,6.0,24.0,35.0,49.0,50.0,1.0,7.0
2013,12,10,1,164,44,3,3,8,0,31000000,46.4,12.5,1.0,6.0,2.0,2.0,13.0,7.0,18.0,15.0,10.0,31.0,29.0,23.0,36.0,32.0,43.0,7.0,2.0,4.0,10.0,9.0,7.0,7.0,63.0,32.0,112.0,18.0,21.0,11.0,8.0,16.0,20.0,9.0,18.0,27.0,8.0,18.0,28.0,7.0,17.0,24.0,8.0,12.0,17.0,6.0,9.0,9.0,6.0,9.0,10.0,1.0,22.0,23.0,24.0,31.0,6.0,11.0
2013,12,13,4,101,30,2,1,17,1,43000000,46.8,38.0,6.0,1.0,6.0,24.0,2.0,13.0,35.0,18.0,15.0,49.0,31.0,29.0,50.0,36.0,32.0,1.0,7.0,2.0,7.0,10.0,9.0,7.0,336.0,280.0,273.0,707.0,49.0,31.0,7.0,16.0,20.0,9.0,18.0,28.0,9.0,18.0,29.0,8.0,18.0,25.0,9.0,13.0,18.0,7.0,9.0,9.0,6.0,9.0,10.0,6.0,8.0,27.0,37.0,41.0,7.0,10.0
2013,12,17,1,119,35,2,3,17,1,51000000,64.4,9.0,1.0,6.0,1.0,22.0,24.0,2.0,23.0,35.0,18.0,24.0,49.0,31.0,31.0,50.0,36.0,6.0,1.0,7.0,11.0,7.0,10.0,7.0,210.0,21.0,123.0,189.0,11.0,11.0,7.0,16.0,20.0,9.0,18.0,28.0,8.0,18.0,29.0,9.0,18.0,25.0,9.0,14.0,19.0,7.0,9.0,9.0,6.0,9.0,9.0,12.0,13.0,17.0,22.0,43.0,3.0,10.0
2013,12,20,4,107,31,2,1,13,1,63000000,32.0,13.5,6.0,1.0,6.0,8.0,22.0,24.0,27.0,23.0,35.0,37.0,24.0,49.0,41.0,31.0,50.0,7.0,6.0,1.0,10.0,11.0,7.0,147.0,17.0,70.0,283.0,21.0,24.0,3.0,7.0,16.0,20.0,9.0,18.0,28.0,9.0,18.0,28.0,10.0,18.0,26.0,8.0,14.0,19.0,7.0,9.0,9.0,5.0,9.0,9.0,5.0,19.0,31.0,43.0,50.0,2.0,6.0
2013,12,24,1,148,45,1,3,8,2,72000000,24.8,16.0,12.0,6.0,1.0,13.0,8.0,22.0,17.0,27.0,23.0,22.0,37.0,24.0,43.0,41.0,31.0,3.0,7.0,6.0,10.0,10.0,11.0,67.0,53.0,140.0,70.0,14.0,21.0,56.0,7.0,15.0,20.0,9.0,18.0,28.0,9.0,18.0,28.0,10.0,18.0,26.0,7.0,14.0,19.0,7.0,9.0,9.0,6.0,9.0,9.0,1.0,6.0,13.0,22.0,28.0,5.0,10.0
2013,12,27,4,70,27,3,1,15,1,85000000,17.4,19.0,5.0,12.0,6.0,19.0,13.0,8.0,31.0,17.0,27.0,43.0,22.0,37.0,50.0,43.0,41.0,2.0,3.0,7.0,6.0,10.0,10.0,14.0,105.0,52.0,7.0,318.0,77.0,7.0,6.0,15.0,20.0,9.0,19.0,28.0,9.0,17.0,28.0,9.0,17.0,26.0,8.0,15.0,20.0,7.0,9.0,9.0,6.0,9.0,9.0,13.0,20.0,24.0,29.0,45.0,3.0,7.0
2013,12,31,1,131,32,2,2,10,0,97000000,29.0,12.5,1.0,5.0,12.0,6.0,19.0,13.0,13.0,31.0,17.0,22.0,43.0,22.0,28.0,50.0,43.0,5.0,2.0,3.0,10.0,6.0,10.0,39.0,88.0,88.0,28.0,42.0,11.0,21.0,6.0,15.0,20.0,9.0,19.0,27.0,10.0,17.0,28.0,8.0,17.0,26.0,8.0,15.0,20.0,7.0,9.0,9.0,5.0,9.0,9.0,3.0,27.0,31.0,38.0,44.0,3.0,8.0
2014,1,3,4,143,41,2,4,11,1,112000000,34.6,22.5,13.0,1.0,5.0,20.0,6.0,19.0,24.0,13.0,31.0,29.0,22.0,43.0,45.0,28.0,50.0,3.0,5.0,2.0,7.0,10.0,6.0,49.0,80.0,10.0,105.0,38.0,3.0,63.0,6.0,14.0,20.0,9.0,19.0,26.0,9.0,17.0,27.0,8.0,17.0,26.0,9.0,15.0,20.0,6.0,9.0,9.0,6.0,9.0,9.0,2.0,20.0,27.0,33.0,45.0,6.0,10.0
2014,1,7,1,127,43,2,3,16,2,127000000,23.4,12.5,3.0,13.0,1.0,27.0,20.0,6.0,31.0,24.0,13.0,38.0,29.0,22.0,44.0,45.0,28.0,3.0,3.0,5.0,8.0,7.0,10.0,39.0,7.0,21.0,91.0,7.0,25.0,11.0,7.0,14.0,20.0,9.0,19.0,26.0,8.0,17.0,26.0,9.0,18.0,26.0,8.0,15.0,20.0,6.0,9.0,9.0,5.0,9.0,9.0,1.0,2.0,11.0,27.0,29.0,1.0,10.0
2014,1,10,4,70,28,1,2,11,1,15000000,27.0,17.0,2.0,3.0,13.0,20.0,27.0,20.0,27.0,31.0,24.0,33.0,38.0,29.0,45.0,44.0,45.0,6.0,3.0,3.0,10.0,8.0,7.0,14.0,35.0,164.0,119.0,234.0,31.0,3.0,7.0,13.0,20.0,9.0,19.0,25.0,8.0,18.0,26.0,9.0,19.0,25.0,8.0,16.0,20.0,6.0,9.0,9.0,5.0,9.0,9.0,18.0,20.0,25.0,26.0,37.0,10.0,11.0
2014,1,14,1,126,19,3,2,21,1,21000000,36.0,18.0,1.0,2.0,3.0,2.0,20.0,27.0,11.0,27.0,31.0,27.0,33.0,38.0,29.0,45.0,44.0,1.0,6.0,3.0,10.0,10.0,8.0,91.0,7.0,105.0,179.0,77.0,340.0,32.0,8.0,14.0,20.0,8.0,19.0,25.0,8.0,18.0,26.0,9.0,19.0,25.0,9.0,15.0,20.0,7.0,10.0,10.0,5.0,9.0,9.0,19.0,26.0,32.0,33.0,42.0,4.0,10.0
2014,1,17,4,152,23,3,4,14,2,32000000,26.8,26.0,18.0,1.0,2.0,20.0,2.0,20.0,25.0,11.0,27.0,26.0,27.0,33.0,37.0,29.0,45.0,10.0,1.0,6.0,11.0,10.0,10.0,52.0,189.0,189.0,10.0,63.0,49.0,7.0,9.0,13.0,20.0,8.0,19.0,26.0,8.0,18.0,27.0,8.0,18.0,25.0,9.0,15.0,20.0,8.0,9.0,10.0,5.0,9.0,9.0,4.0,12.0,35.0,42.0,48.0,5.0,8.0
2014,1,21,1,141,44,4,3,13,1,40000000,55.6,21.5,19.0,18.0,1.0,26.0,20.0,2.0,32.0,25.0,11.0,33.0,26.0,27.0,42.0,37.0,29.0,4.0,10.0,1.0,10.0,11.0,10.0,130.0,77.0,42.0,56.0,70.0,25.0,18.0,9.0,14.0,20.0,8.0,18.0,25.0,9.0,18.0,27.0,8.0,18.0,24.0,9.0,15.0,20.0,7.0,9.0,10.0,5.0,9.0,9.0,5.0,19.0,34.0,35.0,41.0,1.0,5.0
2014,1,24,4,134,36,1,3,6,0,51000000,54.2,8.5,4.0,19.0,18.0,12.0,26.0,20.0,35.0,32.0,25.0,42.0,33.0,26.0,48.0,42.0,37.0,5.0,4.0,10.0,8.0,10.0,11.0,31.0,31.0,192.0,80.0,38.0,14.0,59.0,8.0,13.0,19.0,7.0,17.0,24.0,9.0,18.0,28.0,9.0,17.0,24.0,9.0,15.0,20.0,7.0,9.0,10.0,6.0,9.0,9.0,18.0,20.0,23.0,42.0,48.0,2.0,9.0
2014,1,28,1,151,30,4,2,11,1,59000000,17.6,45.5,5.0,4.0,19.0,19.0,12.0,26.0,34.0,35.0,32.0,35.0,42.0,33.0,41.0,48.0,42.0,1.0,5.0,4.0,5.0,8.0,10.0,14.0,14.0,46.0,7.0,7.0,35.0,56.0,8.0,12.0,18.0,7.0,17.0,24.0,10.0,17.0,28.0,8.0,16.0,24.0,8.0,14.0,19.0,7.0,9.0,10.0,6.0,9.0,9.0,8.0,10.0,15.0,16.0,31.0,8.0,9.0
2014,1,31,4,80,23,3,1,17,1,71000000,69.0,6.5,18.0,5.0,4.0,20.0,19.0,12.0,23.0,34.0,35.0,42.0,35.0,42.0,48.0,41.0,48.0,2.0,1.0,5.0,9.0,5.0,8.0,248.0,94.0,59.0,843.0,49.0,70.0,3.0,9.0,13.0,19.0,7.0,18.0,24.0,10.0,17.0,27.0,8.0,17.0,25.0,8.0,13.0,18.0,8.0,9.0,10.0,6.0,8.0,9.0,1.0,21.0,33.0,37.0,38.0,4.0,8.0
2014,2,4,1,130,37,1,3,12,2,15000000,47.2,11.0,8.0,18.0,5.0,10.0,20.0,19.0,15.0,23.0,34.0,16.0,42.0,35.0,31.0,48.0,41.0,8.0,2.0,1.0,9.0,9.0,5.0,25.0,368.0,231.0,49.0,91.0,18.0,14.0,8.0,12.0,19.0,8.0,18.0,25.0,10.0,18.0,27.0,8.0,17.0,24.0,9.0,14.0,18.0,8.0,9.0,10.0,5.0,8.0,9.0,3.0,17.0,19.0,46.0,47.0,9.0,10.0
2014,2,7,4,132,44,1,2,19,1,26000000,64.4,14.0,1.0,8.0,18.0,21.0,10.0,20.0,33.0,15.0,23.0,37.0,16.0,42.0,38.0,31.0,48.0,4.0,8.0,2.0,8.0,9.0,9.0,35.0,143.0,80.0,112.0,112.0,108.0,21.0,8.0,12.0,19.0,8.0,18.0,25.0,10.0,17.0,27.0,8.0,18.0,24.0,9.0,15.0,17.0,8.0,10.0,10.0,5.0,8.0,9.0,8.0,17.0,25.0,41.0,47.0,1.0,2.0
2014,2,11,1,138,39,1,2,3,1,15000000,13.0,16.0,3.0,1.0,8.0,17.0,21.0,10.0,19.0,33.0,15.0,46.0,37.0,16.0,47.0,38.0,31.0,9.0,4.0,8.0,10.0,8.0,9.0,11.0,4.0,28.0,112.0,4.0,18.0,231.0,7.0,12.0,19.0,8.0,18.0,25.0,9.0,17.0,26.0,9.0,19.0,24.0,8.0,15.0,17.0,7.0,10.0,10.0,6.0,8.0,10.0,2.0,4.0,6.0,19.0,39.0,2.0,7.0
2014,2,14,4,70,37,3,1,9,1,25000000,46.0,24.0,8.0,3.0,1.0,17.0,17.0,21.0,25.0,19.0,33.0,41.0,46.0,37.0,47.0,47.0,38.0,1.0,9.0,4.0,2.0,10.0,8.0,38.0,199.0,752.0,206.0,182.0,17.0,45.0,8.0,11.0,19.0,8.0,18.0,26.0,9.0,18.0,27.0,9.0,19.0,25.0,8.0,16.0,18.0,7.0,10.0,10.0,7.0,8.0,10.0,23.0,26.0,36.0,37.0,49.0,6.0,7.0
2014,2,18,1,171,26,2,4,13,1,15000000,42.2,23.0,2.0,8.0,3.0,4.0,17.0,17.0,6.0,25.0,19.0,19.0,41.0,46.0,39.0,47.0,47.0,2.0,1.0,9.0,7.0,2.0,10.0,133.0,32.0,123.0,14.0,196.0,42.0,4.0,9.0,12.0,19.0,8.0,17.0,25.0,10.0,18.0,27.0,8.0,18.0,25.0,8.0,17.0,19.0,7.0,10.0,10.0,6.0,8.0,10.0,13.0,17.0,28.0,30.0,32.0,5.0,7.0
2014,2,21,4,120,19,3,3,12,0,25000000,53.0,15.5,23.0,2.0,8.0,26.0,4.0,17.0,36.0,6.0,25.0,37.0,19.0,41.0,49.0,39.0,47.0,6.0,2.0,1.0,7.0,7.0,2.0,52.0,10.0,238.0,112.0,80.0,31.0,3.0,9.0,12.0,19.0,8.0,16.0,25.0,10.0,19.0,28.0,8.0,19.0,25.0,8.0,17.0,19.0,7.0,10.0,10.0,6.0,8.0,10.0,21.0,25.0,28.0,35.0,42.0,4.0,6.0
2014,2,25,1,151,21,2,3,10,2,31000000,19.8,14.0,13.0,23.0,2.0,17.0,26.0,4.0,28.0,36.0,6.0,30.0,37.0,19.0,32.0,49.0,39.0,5.0,6.0,2.0,7.0,7.0,7.0,207.0,95.0,4.0,32.0,39.0,21.0,63.0,9.0,13.0,20.0,8.0,16.0,24.0,9.0,18.0,27.0,8.0,18.0,24.0,9.0,17.0,19.0,7.0,10.0,10.0,7.0,8.0,10.0,12.0,32.0,38.0,43.0,44.0,2.0,7.0
2014,2,28,4,169,32,4,4,9,1,42000000,38.2,10.5,21.0,13.0,23.0,25.0,17.0,26.0,28.0,28.0,36.0,35.0,30.0,37.0,42.0,32.0,49.0,4.0,5.0,6.0,6.0,7.0,7.0,70.0,294.0,154.0,66.0,56.0,14.0,7.0,9.0,13.0,20.0,8.0,17.0,25.0,9.0,19.0,27.0,9.0,18.0,24.0,9.0,17.0,19.0,7.0,10.0,10.0,6.0,8.0,10.0,3.0,5.0,22.0,27.0,44.0,1.0,6.0
2014,3,4,1,101,41,2,2,7,1,15000000,37.6,14.0,12.0,21.0,13.0,32.0,25.0,17.0,38.0,28.0,28.0,43.0,35.0,30.0,44.0,42.0,32.0,2.0,4.0,5.0,7.0,6.0,7.0,25.0,252.0,284.0,53.0,4.0,21.0,7.0,8.0,13.0,20.0,8.0,18.0,26.0,9.0,19.0,28.0,9.0,17.0,24.0,8.0,16.0,18.0,7.0,10.0,10.0,6.0,8.0,10.0,5.0,10.0,38.0,40.0,41.0,1.0,8.0
2014,3,7,4,134,36,3,3,9,1,100000000,34.8,17.0,3.0,12.0,21.0,5.0,32.0,25.0,22.0,38.0,28.0,27.0,43.0,35.0,44.0,44.0,42.0,1.0,2.0,4.0,6.0,7.0,6.0,42.0,35.0,7.0,105.0,42.0,3.0,31.0,9.0,13.0,20.0,8.0,17.0,26.0,8.0,19.0,27.0,9.0,17.0,24.0,8.0,16.0,18.0,6.0,10.0,10.0,5.0,8.0,10.0,1.0,4.0,23.0,33.0,44.0,7.0,8.0
2014,3,11,1,105,43,2,2,15,1,112000000,24.6,7.5,5.0,3.0,12.0,10.0,5.0,32.0,38.0,22.0,38.0,40.0,27.0,43.0,41.0,44.0,44.0,1.0,1.0,2.0,8.0,6.0,7.0,35.0,25.0,42.0,53.0,7.0,84.0,4.0,9.0,13.0,20.0,7.0,16.0,26.0,8.0,19.0,26.0,10.0,16.0,24.0,7.0,16.0,18.0,7.0,10.0,10.0,5.0,8.0,10.0,6.0,24.0,25.0,27.0,30.0,5.0,9.0
2014,3,14,4,112,24,3,2,14,0,129000000,29.8,28.0,1.0,5.0,3.0,4.0,10.0,5.0,23.0,38.0,22.0,33.0,40.0,27.0,44.0,41.0,44.0,7.0,1.0,1.0,8.0,8.0,6.0,87.0,94.0,31.0,10.0,185.0,21.0,42.0,10.0,13.0,20.0,8.0,16.0,25.0,7.0,19.0,26.0,9.0,16.0,24.0,8.0,17.0,19.0,6.0,10.0,10.0,5.0,8.0,10.0,8.0,27.0,34.0,36.0,39.0,5.0,10.0
2014,3,18,1,144,31,3,4,15,1,15000000,30.4,21.5,6.0,1.0,5.0,24.0,4.0,10.0,25.0,23.0,38.0,27.0,33.0,40.0,30.0,44.0,41.0,5.0,7.0,1.0,9.0,8.0,8.0,35.0,74.0,53.0,119.0,32.0,4.0,39.0,10.0,13.0,19.0,9.0,15.0,25.0,8.0,18.0,26.0,9.0,17.0,23.0,7.0,16.0,19.0,6.0,10.0,10.0,5.0,8.0,10.0,7.0,30.0,37.0,39.0,42.0,5.0,7.0
2014,3,21,4,155,35,2,4,12,0,24000000,35.4,6.5,8.0,6.0,1.0,27.0,24.0,4.0,34.0,25.0,23.0,36.0,27.0,33.0,39.0,30.0,44.0,5.0,5.0,7.0,10.0,9.0,8.0,140.0,206.0,129.0,549.0,24.0,3.0,21.0,10.0,14.0,18.0,10.0,16.0,26.0,8.0,19.0,26.0,9.0,18.0,24.0,7.0,15.0,19.0,6.0,10.0,10.0,5.0,8.0,10.0,7.0,20.0,26.0,28.0,50.0,2.0,8.0
2014,3,25,1,131,43,4,3,10,2,15000000,42.8,19.5,7.0,8.0,6.0,30.0,27.0,24.0,37.0,34.0,25.0,39.0,36.0,27.0,42.0,39.0,30.0,5.0,5.0,5.0,7.0,10.0,9.0,4.0,56.0,123.0,182.0,91.0,25.0,14.0,9.0,14.0,18.0,10.0,15.0,26.0,8.0,19.0,26.0,9.0,18.0,24.0,7.0,15.0,19.0,5.0,10.0,10.0,5.0,8.0,10.0,3.0,4.0,19.0,28.0,43.0,3.0,7.0
2014,3,28,4,97,40,2,2,10,0,25000000,22.8,45.5,7.0,7.0,8.0,20.0,30.0,27.0,26.0,37.0,34.0,28.0,39.0,36.0,50.0,42.0,39.0,2.0,5.0,5.0,8.0,7.0,10.0,24.0,17.0,49.0,3.0,98.0,84.0,7.0,8.0,14.0,18.0,9.0,15.0,26.0,9.0,18.0,26.0,8.0,17.0,24.0,7.0,16.0,19.0,6.0,10.0,10.0,5.0,8.0,10.0,16.0,18.0,26.0,38.0,44.0,8.0,10.0
2014,4,1,1,142,28,5,3,18,2,15000000,35.2,10.5,3.0,7.0,7.0,4.0,20.0,30.0,19.0,26.0,37.0,28.0,28.0,39.0,43.0,50.0,42.0,3.0,2.0,5.0,7.0,8.0,7.0,238.0,266.0,7.0,88.0,21.0,60.0,14.0,8.0,15.0,19.0,9.0,16.0,27.0,8.0,17.0,26.0,8.0,17.0,24.0,7.0,16.0,19.0,6.0,10.0,10.0,5.0,8.0,10.0,6.0,10.0,28.0,45.0,50.0,10.0,11.0
2014,4,4,4,139,44,4,3,21,1,15000000,30.6,41.5,16.0,3.0,7.0,18.0,4.0,20.0,26.0,19.0,26.0,38.0,28.0,28.0,44.0,43.0,50.0,8.0,3.0,2.0,10.0,7.0,8.0,21.0,28.0,38.0,301.0,10.0,80.0,80.0,7.0,15.0,19.0,8.0,16.0,27.0,9.0,16.0,26.0,8.0,18.0,25.0,7.0,15.0,19.0,7.0,10.0,10.0,6.0,8.0,10.0,11.0,18.0,29.0,42.0,49.0,4.0,11.0
2014,4,8,1,149,38,2,3,15,1,21000000,50.0,23.0,6.0,16.0,3.0,10.0,18.0,4.0,28.0,26.0,19.0,45.0,38.0,28.0,50.0,44.0,43.0,10.0,8.0,3.0,11.0,10.0,7.0,193.0,7.0,158.0,70.0,49.0,42.0,4.0,8.0,16.0,20.0,7.0,15.0,27.0,9.0,16.0,26.0,9.0,18.0,25.0,8.0,14.0,19.0,8.0,10.0,10.0,5.0,8.0,10.0,8.0,12.0,19.0,30.0,33.0,4.0,11.0
2014,4,11,4,102,25,3,2,15,1,33000000,26.4,3.0,11.0,6.0,16.0,18.0,10.0,18.0,29.0,28.0,26.0,42.0,45.0,38.0,49.0,50.0,44.0,4.0,10.0,8.0,11.0,11.0,10.0,24.0,80.0,14.0,49.0,161.0,3.0,3.0,7.0,16.0,20.0,8.0,15.0,27.0,8.0,16.0,26.0,9.0,17.0,25.0,8.0,14.0,19.0,7.0,10.0,10.0,5.0,8.0,10.0,3.0,14.0,26.0,47.0,50.0,7.0,11.0
2014,4,15,1,140,47,3,3,18,0,39000000,50.6,11.0,8.0,11.0,6.0,12.0,18.0,10.0,19.0,29.0,28.0,30.0,42.0,45.0,33.0,49.0,50.0,4.0,4.0,10.0,11.0,11.0,11.0,18.0,312.0,14.0,245.0,11.0,35.0,4.0,6.0,15.0,19.0,9.0,16.0,27.0,7.0,15.0,25.0,9.0,18.0,26.0,8.0,14.0,19.0,7.0,10.0,10.0,5.0,8.0,10.0,21.0,24.0,31.0,39.0,47.0,3.0,7.0
2014,4,18,4,162,26,1,3,10,0,50000000,39.0,12.0,3.0,8.0,11.0,14.0,12.0,18.0,26.0,19.0,29.0,47.0,30.0,42.0,50.0,33.0,49.0,7.0,4.0,4.0,11.0,11.0,11.0,52.0,35.0,105.0,28.0,66.0,21.0,21.0,7.0,14.0,19.0,9.0,16.0,26.0,7.0,15.0,25.0,8.0,18.0,26.0,8.0,14.0,19.0,7.0,10.0,10.0,4.0,8.0,10.0,13.0,15.0,20.0,24.0,46.0,1.0,8.0
2014,4,22,1,118,33,3,1,9,1,57000000,49.4,33.5,21.0,3.0,8.0,24.0,14.0,12.0,31.0,26.0,19.0,39.0,47.0,30.0,47.0,50.0,33.0,3.0,7.0,4.0,7.0,11.0,11.0,60.0,154.0,252.0,130.0,389.0,46.0,28.0,8.0,14.0,18.0,9.0,16.0,26.0,7.0,16.0,25.0,8.0,19.0,25.0,8.0,15.0,20.0,8.0,10.0,10.0,4.0,7.0,10.0,13.0,21.0,24.0,44.0,49.0,1.0,9.0
2014,4,25,4,151,36,2,2,10,0,68000000,10.8,22.5,13.0,21.0,3.0,15.0,24.0,14.0,20.0,31.0,26.0,24.0,39.0,47.0,46.0,47.0,50.0,1.0,3.0,7.0,8.0,7.0,11.0,3.0,80.0,115.0,206.0,17.0,3.0,42.0,8.0,13.0,18.0,9.0,16.0,26.0,7.0,17.0,25.0,9.0,20.0,26.0,7.0,14.0,20.0,7.0,10.0,10.0,5.0,7.0,10.0,18.0,23.0,26.0,35.0,44.0,3.0,11.0
2014,4,29,1,146,26,3,3,14,0,75000000,30.2,12.5,13.0,13.0,21.0,21.0,15.0,24.0,24.0,20.0,31.0,44.0,24.0,39.0,49.0,46.0,47.0,1.0,1.0,3.0,9.0,8.0,7.0,91.0,154.0,14.0,63.0,28.0,11.0,14.0,8.0,14.0,18.0,9.0,17.0,26.0,7.0,16.0,25.0,10.0,19.0,26.0,7.0,13.0,20.0,6.0,10.0,10.0,5.0,7.0,9.0,4.0,30.0,31.0,38.0,42.0,2.0,11.0
2014,5,2,4,145,38,4,4,13,1,88000000,25.0,20.5,18.0,13.0,13.0,23.0,21.0,15.0,26.0,24.0,20.0,35.0,44.0,24.0,44.0,49.0,46.0,3.0,1.0,1.0,11.0,9.0,8.0,101.0,42.0,14.0,31.0,42.0,38.0,3.0,9.0,15.0,17.0,9.0,17.0,25.0,7.0,15.0,25.0,9.0,19.0,26.0,7.0,12.0,20.0,7.0,10.0,10.0,5.0,7.0,9.0,5.0,19.0,24.0,31.0,37.0,1.0,9.0
2014,5,6,1,116,32,1,2,10,0,15000000,29.2,11.0,4.0,18.0,13.0,30.0,23.0,21.0,31.0,26.0,24.0,38.0,35.0,44.0,42.0,44.0,49.0,2.0,3.0,1.0,11.0,11.0,9.0,60.0,102.0,11.0,151.0,112.0,11.0,11.0,9.0,15.0,17.0,10.0,18.0,24.0,7.0,15.0,25.0,10.0,19.0,26.0,8.0,13.0,20.0,6.0,9.0,10.0,4.0,7.0,9.0,3.0,21.0,26.0,28.0,45.0,7.0,10.0
2014,5,9,4,123,42,2,3,17,1,24000000,23.6,28.0,5.0,4.0,18.0,19.0,30.0,23.0,24.0,31.0,26.0,31.0,38.0,35.0,37.0,42.0,44.0,1.0,2.0,3.0,9.0,11.0,11.0,24.0,14.0,10.0,42.0,122.0,24.0,38.0,8.0,15.0,17.0,9.0,18.0,24.0,6.0,15.0,25.0,10.0,18.0,26.0,9.0,14.0,20.0,5.0,9.0,10.0,5.0,6.0,8.0,4.0,13.0,30.0,34.0,47.0,2.0,6.0
2014,5,13,1,128,43,3,3,8,2,31000000,24.2,40.5,3.0,5.0,4.0,21.0,19.0,30.0,26.0,24.0,31.0,28.0,31.0,38.0,45.0,37.0,42.0,7.0,1.0,2.0,10.0,9.0,11.0,11.0,144.0,196.0,347.0,25.0,11.0,70.0,7.0,14.0,16.0,9.0,19.0,24.0,6.0,15.0,26.0,10.0,18.0,27.0,9.0,14.0,20.0,5.0,9.0,10.0,6.0,6.0,8.0,23.0,26.0,29.0,37.0,40.0,3.0,4.0
2014,5,16,4,155,17,2,4,7,1,42000000,28.4,26.0,4.0,3.0,5.0,13.0,21.0,19.0,30.0,26.0,24.0,34.0,28.0,31.0,47.0,45.0,37.0,2.0,7.0,1.0,6.0,10.0,9.0,87.0,87.0,38.0,87.0,346.0,17.0,182.0,7.0,14.0,16.0,9.0,19.0,24.0,6.0,14.0,26.0,10.0,18.0,27.0,9.0,15.0,21.0,4.0,8.0,10.0,7.0,7.0,9.0,5.0,33.0,36.0,38.0,47.0,4.0,9.0
2014,5,20,1,159,42,2,4,13,1,48000000,28.2,9.0,23.0,4.0,3.0,26.0,13.0,21.0,29.0,30.0,26.0,37.0,34.0,28.0,40.0,47.0,45.0,3.0,2.0,7.0,4.0,6.0,10.0,14.0,210.0,91.0,18.0,7.0,39.0,14.0,7.0,14.0,16.0,9.0,19.0,25.0,7.0,15.0,26.0,9.0,18.0,27.0,8.0,14.0,21.0,5.0,8.0,10.0,7.0,7.0,9.0,3.0,8.0,31.0,34.0,47.0,9.0,11.0
2014,5,23,4,123,44,2,3,20,0,59000000,17.2,12.0,5.0,23.0,4.0,33.0,26.0,13.0,36.0,29.0,30.0,38.0,37.0,34.0,47.0,40.0,47.0,4.0,3.0,2.0,9.0,4.0,6.0,14.0,157.0,21.0,10.0,3.0,105.0,21.0,6.0,14.0,16.0,9.0,19.0,24.0,7.0,15.0,25.0,8.0,18.0,26.0,8.0,14.0,21.0,6.0,9.0,10.0,6.0,7.0,9.0,7.0,13.0,16.0,25.0,26.0,1.0,6.0
2014,5,27,1,87,19,2,1,7,1,66000000,43.6,17.5,3.0,5.0,23.0,8.0,33.0,26.0,31.0,36.0,29.0,34.0,38.0,37.0,47.0,47.0,40.0,9.0,4.0,3.0,11.0,9.0,4.0,63.0,14.0,266.0,350.0,1761.0,21.0,14.0,7.0,13.0,16.0,8.0,18.0,24.0,7.0,16.0,26.0,8.0,18.0,27.0,8.0,15.0,22.0,6.0,9.0,10.0,5.0,7.0,9.0,5.0,24.0,27.0,41.0,45.0,6.0,7.0
2014,5,30,4,142,40,1,3,13,1,78000000,42.4,12.0,7.0,3.0,5.0,13.0,8.0,33.0,16.0,31.0,36.0,25.0,34.0,38.0,26.0,47.0,47.0,1.0,9.0,4.0,6.0,11.0,9.0,10.0,42.0,143.0,108.0,21.0,101.0,42.0,6.0,13.0,16.0,9.0,17.0,24.0,8.0,16.0,25.0,8.0,19.0,27.0,7.0,15.0,21.0,7.0,10.0,10.0,6.0,7.0,9.0,2.0,15.0,32.0,39.0,44.0,5.0,10.0
2014,6,3,1,132,42,3,3,15,1,87000000,65.4,49.5,5.0,7.0,3.0,24.0,13.0,8.0,27.0,16.0,31.0,41.0,25.0,34.0,45.0,26.0,47.0,6.0,1.0,9.0,7.0,6.0,11.0,109.0,42.0,137.0,46.0,35.0,74.0,25.0,6.0,14.0,16.0,9.0,17.0,24.0,9.0,16.0,25.0,8.0,18.0,26.0,7.0,14.0,21.0,8.0,10.0,10.0,6.0,7.0,9.0,7.0,25.0,34.0,40.0,49.0,9.0,11.0
2014,6,6,4,155,42,2,3,20,0,105000000,19.4,14.0,2.0,5.0,7.0,15.0,24.0,13.0,32.0,27.0,16.0,39.0,41.0,25.0,44.0,45.0,26.0,5.0,6.0,1.0,10.0,7.0,6.0,10.0,101.0,80.0,91.0,42.0,14.0,14.0,6.0,13.0,16.0,9.0,18.0,23.0,10.0,15.0,25.0,9.0,18.0,26.0,7.0,14.0,21.0,8.0,10.0,10.0,6.0,7.0,9.0,12.0,18.0,21.0,32.0,33.0,1.0,11.0
2014,6,10,1,116,21,3,2,12,0,118000000,32.4,9.0,7.0,2.0,5.0,25.0,15.0,24.0,34.0,32.0,27.0,40.0,39.0,41.0,49.0,44.0,45.0,9.0,5.0,6.0,11.0,10.0,7.0,102.0,63.0,266.0,224.0,60.0,14.0,4.0,7.0,14.0,16.0,9.0,18.0,23.0,10.0,15.0,26.0,9.0,18.0,27.0,7.0,13.0,21.0,8.0,10.0,10.0,6.0,7.0,9.0,16.0,18.0,22.0,28.0,46.0,9.0,11.0
2014,6,13,4,130,30,5,2,20,0,135000000,41.6,5.0,12.0,7.0,2.0,18.0,25.0,15.0,21.0,34.0,32.0,32.0,40.0,39.0,33.0,49.0,44.0,1.0,9.0,5.0,11.0,11.0,10.0,73.0,3.0,101.0,35.0,52.0,7.0,3.0,8.0,14.0,16.0,8.0,17.0,23.0,10.0,16.0,25.0,9.0,17.0,27.0,8.0,12.0,21.0,7.0,10.0,10.0,6.0,7.0,9.0,11.0,13.0,37.0,40.0,48.0,8.0,9.0
2014,6,17,1,149,37,2,3,17,1,15000000,54.8,30.0,16.0,12.0,7.0,18.0,18.0,25.0,22.0,21.0,34.0,28.0,32.0,40.0,46.0,33.0,49.0,9.0,1.0,9.0,11.0,11.0,11.0,70.0,21.0,88.0,11.0,140.0,77.0,28.0,8.0,14.0,16.0,8.0,17.0,23.0,10.0,16.0,25.0,9.0,17.0,27.0,9.0,13.0,21.0,7.0,10.0,10.0,6.0,7.0,9.0,5.0,15.0,25.0,38.0,49.0,1.0,2.0
2014,6,20,4,132,44,1,2,3,1,25000000,19.4,24.0,11.0,16.0,12.0,13.0,18.0,18.0,37.0,22.0,21.0,40.0,28.0,32.0,48.0,46.0,33.0,8.0,9.0,1.0,9.0,11.0,11.0,21.0,17.0,98.0,31.0,14.0,10.0,129.0,7.0,14.0,16.0,7.0,16.0,22.0,10.0,17.0,24.0,8.0,17.0,26.0,8.0,13.0,20.0,6.0,10.0,10.0,6.0,8.0,9.0,1.0,7.0,20.0,21.0,48.0,4.0,7.0
2014,6,24,1,97,47,2,1,11,1,15000000,41.4,30.0,5.0,11.0,16.0,15.0,13.0,18.0,25.0,37.0,22.0,38.0,40.0,28.0,49.0,48.0,46.0,1.0,8.0,9.0,2.0,9.0,11.0,105.0,207.0,63.0,1411.0,7.0,35.0,25.0,8.0,15.0,16.0,7.0,16.0,23.0,10.0,17.0,24.0,9.0,18.0,26.0,8.0,12.0,20.0,6.0,10.0,10.0,6.0,8.0,9.0,31.0,33.0,34.0,39.0,45.0,2.0,10.0
2014,6,27,4,182,14,1,5,12,2,24000000,25.0,15.5,1.0,5.0,11.0,7.0,15.0,13.0,20.0,25.0,37.0,21.0,38.0,40.0,48.0,49.0,48.0,4.0,1.0,8.0,7.0,2.0,9.0,388.0,38.0,21.0,24.0,28.0,45.0,24.0,8.0,16.0,17.0,7.0,16.0,23.0,9.0,17.0,24.0,8.0,18.0,26.0,7.0,12.0,20.0,7.0,10.0,10.0,6.0,8.0,9.0,18.0,22.0,25.0,27.0,39.0,5.0,10.0
2014,7,1,1,131,21,2,2,15,1,31000000,16.6,16.0,31.0,1.0,5.0,33.0,7.0,15.0,34.0,20.0,25.0,39.0,21.0,38.0,45.0,48.0,49.0,2.0,4.0,1.0,10.0,7.0,2.0,63.0,200.0,11.0,109.0,105.0,28.0,4.0,9.0,15.0,17.0,8.0,16.0,24.0,8.0,16.0,24.0,8.0,18.0,26.0,7.0,13.0,20.0,7.0,9.0,10.0,5.0,8.0,9.0,4.0,18.0,39.0,43.0,47.0,2.0,6.0
2014,7,4,4,151,43,2,3,8,2,41000000,39.6,21.0,18.0,31.0,1.0,22.0,33.0,7.0,25.0,34.0,20.0,27.0,39.0,21.0,39.0,45.0,48.0,5.0,2.0,4.0,10.0,10.0,7.0,52.0,21.0,255.0,126.0,42.0,7.0,38.0,10.0,15.0,17.0,7.0,16.0,23.0,8.0,17.0,24.0,8.0,18.0,26.0,8.0,13.0,19.0,6.0,9.0,10.0,6.0,8.0,9.0,8.0,18.0,22.0,24.0,27.0,4.0,11.0
2014,7,8,1,99,19,4,1,15,1,49000000,20.6,19.5,4.0,18.0,31.0,18.0,22.0,33.0,39.0,25.0,34.0,43.0,27.0,39.0,47.0,39.0,45.0,2.0,5.0,2.0,6.0,10.0,10.0,88.0,4.0,25.0,77.0,3721.0,14.0,25.0,10.0,15.0,17.0,7.0,15.0,23.0,7.0,16.0,24.0,9.0,17.0,25.0,8.0,14.0,20.0,6.0,9.0,10.0,6.0,8.0,9.0,5.0,22.0,35.0,38.0,49.0,4.0,7.0
2014,7,11,4,149,44,2,3,11,1,60000000,27.8,10.0,8.0,4.0,18.0,18.0,18.0,22.0,22.0,39.0,25.0,24.0,43.0,27.0,27.0,47.0,39.0,4.0,2.0,5.0,11.0,6.0,10.0,21.0,10.0,171.0,21.0,21.0,3.0,17.0,9.0,15.0,16.0,6.0,14.0,23.0,8.0,17.0,24.0,9.0,16.0,25.0,8.0,13.0,20.0,6.0,9.0,10.0,6.0,8.0,9.0,15.0,18.0,20.0,27.0,34.0,1.0,3.0
2014,7,15,1,114,19,3,2,4,0,67000000,15.6,42.5,5.0,8.0,4.0,22.0,18.0,18.0,35.0,22.0,39.0,38.0,24.0,43.0,49.0,27.0,47.0,4.0,4.0,2.0,7.0,11.0,6.0,462.0,7.0,21.0,14.0,872.0,25.0,252.0,9.0,15.0,17.0,6.0,14.0,23.0,7.0,17.0,24.0,8.0,16.0,25.0,8.0,14.0,21.0,6.0,9.0,10.0,7.0,9.0,10.0,1.0,11.0,29.0,41.0,43.0,3.0,11.0
2014,7,18,4,125,42,0,3,14,0,15000000,36.2,6.5,15.0,5.0,8.0,18.0,22.0,18.0,20.0,35.0,22.0,27.0,38.0,24.0,34.0,49.0,27.0,1.0,4.0,4.0,3.0,7.0,11.0,24.0,301.0,63.0,49.0,112.0,63.0,10.0,8.0,15.0,17.0,7.0,15.0,24.0,8.0,17.0,24.0,8.0,16.0,25.0,8.0,15.0,21.0,6.0,9.0,10.0,7.0,8.0,9.0,1.0,24.0,43.0,45.0,50.0,5.0,8.0
2014,7,22,1,163,49,2,3,13,1,21000000,29.0,28.0,1.0,15.0,5.0,11.0,18.0,22.0,29.0,20.0,35.0,41.0,27.0,38.0,43.0,34.0,49.0,3.0,1.0,4.0,11.0,3.0,7.0,4.0,53.0,480.0,109.0,98.0,21.0,91.0,7.0,14.0,17.0,7.0,15.0,24.0,8.0,18.0,25.0,8.0,16.0,25.0,9.0,16.0,21.0,5.0,9.0,10.0,7.0,9.0,9.0,9.0,10.0,12.0,24.0,43.0,5.0,9.0
2014,7,25,4,98,34,3,1,14,0,31000000,86.4,20.5,1.0,1.0,15.0,24.0,11.0,18.0,43.0,29.0,20.0,45.0,41.0,27.0,50.0,43.0,34.0,5.0,3.0,1.0,8.0,11.0,3.0,269.0,112.0,700.0,17.0,7.0,3.0,38.0,8.0,15.0,18.0,7.0,15.0,24.0,9.0,19.0,25.0,8.0,15.0,24.0,9.0,16.0,20.0,5.0,9.0,10.0,7.0,9.0,9.0,10.0,23.0,35.0,40.0,43.0,3.0,9.0
2014,7,29,1,151,33,2,3,12,0,37000000,28.4,7.5,9.0,1.0,1.0,10.0,24.0,11.0,12.0,43.0,29.0,24.0,45.0,41.0,43.0,50.0,43.0,5.0,5.0,3.0,9.0,8.0,11.0,308.0,91.0,18.0,42.0,4.0,11.0,4.0,9.0,16.0,19.0,7.0,15.0,24.0,9.0,19.0,24.0,8.0,15.0,24.0,8.0,15.0,19.0,5.0,9.0,10.0,7.0,9.0,9.0,24.0,44.0,46.0,48.0,50.0,5.0,10.0
2014,8,5,1,94,37,1,1,16,0,21000000,59.0,11.0,24.0,10.0,9.0,44.0,23.0,10.0,46.0,35.0,12.0,48.0,40.0,24.0,50.0,43.0,43.0,5.0,3.0,5.0,10.0,9.0,9.0,25.0,42.0,116.0,42.0,95.0,4.0,18.0,8.0,17.0,20.0,8.0,14.0,25.0,9.0,19.0,25.0,9.0,15.0,24.0,7.0,15.0,19.0,5.0,8.0,10.0,7.0,9.0,9.0,21.0,29.0,35.0,43.0,46.0,1.0,9.0
2014,8,8,4,174,25,1,4,10,0,31000000,10.2,17.0,5.0,24.0,10.0,7.0,44.0,23.0,19.0,46.0,35.0,21.0,48.0,40.0,42.0,50.0,43.0,5.0,5.0,3.0,11.0,10.0,9.0,112.0,269.0,10.0,35.0,56.0,24.0,10.0,8.0,18.0,20.0,9.0,15.0,26.0,8.0,18.0,24.0,9.0,15.0,23.0,7.0,15.0,19.0,4.0,8.0,10.0,6.0,9.0,9.0,7.0,16.0,19.0,22.0,33.0,2.0,5.0
2014,8,12,1,97,26,2,1,7,1,37000000,30.4,23.0,21.0,5.0,24.0,29.0,7.0,44.0,35.0,19.0,46.0,43.0,21.0,48.0,46.0,42.0,50.0,1.0,5.0,5.0,9.0,11.0,10.0,67.0,389.0,7.0,228.0,63.0,39.0,200.0,8.0,17.0,20.0,10.0,15.0,27.0,7.0,18.0,24.0,10.0,15.0,24.0,7.0,14.0,19.0,5.0,8.0,10.0,7.0,9.0,10.0,4.0,5.0,21.0,23.0,30.0,8.0,10.0
2014,8,15,4,83,26,2,1,18,2,47000000,34.0,19.0,7.0,21.0,5.0,16.0,29.0,7.0,19.0,35.0,19.0,22.0,43.0,21.0,33.0,46.0,42.0,2.0,1.0,5.0,5.0,9.0,11.0,42.0,164.0,66.0,259.0,154.0,59.0,14.0,9.0,17.0,20.0,10.0,16.0,26.0,8.0,17.0,24.0,10.0,16.0,25.0,7.0,15.0,18.0,5.0,8.0,10.0,6.0,9.0,10.0,4.0,7.0,11.0,34.0,47.0,7.0,8.0
2014,8,19,1,103,43,2,2,15,1,54000000,24.8,21.5,4.0,7.0,21.0,5.0,16.0,29.0,21.0,19.0,35.0,23.0,22.0,43.0,30.0,33.0,46.0,8.0,2.0,1.0,10.0,5.0,9.0,4.0,14.0,221.0,88.0,46.0,102.0,28.0,8.0,16.0,20.0,9.0,15.0,26.0,8.0,17.0,25.0,10.0,16.0,25.0,7.0,15.0,18.0,6.0,9.0,10.0,5.0,9.0,10.0,4.0,17.0,29.0,35.0,49.0,1.0,2.0
2014,8,22,4,134,45,1,3,3,1,15000000,51.0,12.0,4.0,4.0,7.0,7.0,5.0,16.0,11.0,21.0,19.0,34.0,23.0,22.0,47.0,30.0,33.0,7.0,8.0,2.0,8.0,10.0,5.0,3.0,182.0,35.0,115.0,42.0,14.0,63.0,8.0,16.0,20.0,9.0,16.0,26.0,8.0,16.0,25.0,10.0,16.0,25.0,8.0,14.0,18.0,6.0,9.0,10.0,6.0,9.0,10.0,10.0,22.0,36.0,45.0,48.0,4.0,11.0
2014,8,26,1,161,38,4,3,15,1,21000000,40.0,33.5,4.0,4.0,4.0,17.0,7.0,5.0,29.0,11.0,21.0,35.0,34.0,23.0,49.0,47.0,30.0,1.0,7.0,8.0,2.0,8.0,10.0,28.0,46.0,98.0,35.0,63.0,46.0,21.0,7.0,16.0,20.0,9.0,16.0,26.0,8.0,16.0,25.0,10.0,16.0,25.0,9.0,14.0,18.0,7.0,8.0,10.0,6.0,9.0,10.0,2.0,9.0,26.0,32.0,38.0,3.0,6.0
2014,8,29,4,107,36,4,3,9,1,30000000,69.0,43.5,10.0,4.0,4.0,22.0,17.0,7.0,36.0,29.0,11.0,45.0,35.0,34.0,48.0,49.0,47.0,4.0,1.0,7.0,11.0,2.0,8.0,87.0,360.0,112.0,80.0,206.0,31.0,56.0,7.0,16.0,20.0,9.0,17.0,27.0,8.0,16.0,24.0,10.0,16.0,25.0,10.0,14.0,18.0,7.0,8.0,10.0,7.0,9.0,10.0,5.0,25.0,31.0,39.0,45.0,1.0,8.0
2014,9,2,1,145,40,0,3,9,1,37000000,43.0,12.5,2.0,10.0,4.0,9.0,22.0,17.0,26.0,36.0,29.0,32.0,45.0,35.0,38.0,48.0,49.0,3.0,4.0,1.0,6.0,11.0,2.0,28.0,88.0,102.0,67.0,67.0,11.0,14.0,7.0,16.0,20.0,9.0,17.0,27.0,9.0,17.0,23.0,10.0,16.0,24.0,10.0,14.0,18.0,7.0,8.0,10.0,7.0,9.0,10.0,1.0,18.0,23.0,46.0,50.0,3.0,9.0
2014,9,5,4,138,49,3,2,12,0,47000000,36.2,17.5,5.0,2.0,10.0,25.0,9.0,22.0,31.0,26.0,36.0,39.0,32.0,45.0,45.0,38.0,48.0,1.0,3.0,4.0,8.0,6.0,11.0,45.0,52.0,178.0,210.0,35.0,7.0,28.0,7.0,15.0,20.0,9.0,17.0,27.0,9.0,18.0,24.0,10.0,17.0,25.0,10.0,14.0,18.0,7.0,8.0,10.0,7.0,9.0,10.0,8.0,15.0,19.0,24.0,35.0,8.0,10.0
2014,9,9,1,101,27,2,1,18,2,54000000,40.8,16.0,1.0,5.0,2.0,18.0,25.0,9.0,23.0,31.0,26.0,46.0,39.0,32.0,50.0,45.0,38.0,3.0,1.0,3.0,9.0,8.0,6.0,63.0,81.0,28.0,46.0,417.0,25.0,25.0,8.0,14.0,20.0,10.0,17.0,26.0,9.0,18.0,24.0,10.0,16.0,24.0,10.0,15.0,19.0,6.0,7.0,10.0,7.0,9.0,10.0,9.0,13.0,26.0,31.0,33.0,7.0,11.0
2014,9,12,4,112,24,1,3,18,0,65000000,31.2,20.5,8.0,1.0,5.0,15.0,18.0,25.0,19.0,23.0,31.0,24.0,46.0,39.0,35.0,50.0,45.0,8.0,3.0,1.0,10.0,9.0,8.0,49.0,87.0,14.0,129.0,31.0,24.0,17.0,8.0,13.0,20.0,10.0,17.0,26.0,8.0,17.0,24.0,10.0,17.0,24.0,9.0,15.0,19.0,6.0,7.0,10.0,7.0,9.0,10.0,4.0,29.0,30.0,35.0,50.0,2.0,4.0
2014,9,16,1,148,46,3,4,6,2,73000000,20.0,23.0,9.0,8.0,1.0,13.0,15.0,18.0,26.0,19.0,23.0,31.0,24.0,46.0,33.0,35.0,50.0,7.0,8.0,3.0,11.0,10.0,9.0,25.0,39.0,126.0,25.0,11.0,35.0,123.0,7.0,13.0,20.0,10.0,17.0,25.0,9.0,18.0,24.0,9.0,17.0,24.0,9.0,15.0,19.0,6.0,7.0,10.0,7.0,10.0,10.0,6.0,8.0,34.0,38.0,48.0,3.0,9.0
2014,9,19,4,134,42,5,3,12,0,87000000,50.8,14.0,4.0,9.0,8.0,29.0,13.0,15.0,30.0,26.0,19.0,35.0,31.0,24.0,50.0,33.0,35.0,2.0,7.0,8.0,4.0,11.0,10.0,168.0,119.0,84.0,70.0,24.0,14.0,14.0,8.0,14.0,20.0,10.0,18.0,24.0,9.0,18.0,24.0,9.0,17.0,24.0,8.0,15.0,19.0,6.0,7.0,10.0,7.0,10.0,10.0,12.0,13.0,14.0,29.0,35.0,1.0,7.0
2014,9,23,1,103,23,2,2,8,0,15000000,49.2,16.0,6.0,4.0,9.0,8.0,29.0,13.0,34.0,30.0,26.0,38.0,35.0,31.0,48.0,50.0,33.0,3.0,2.0,7.0,9.0,4.0,11.0,105.0,11.0,375.0,266.0,14.0,21.0,74.0,9.0,14.0,20.0,9.0,17.0,24.0,9.0,19.0,25.0,9.0,18.0,25.0,7.0,15.0,19.0,6.0,7.0,10.0,8.0,10.0,10.0,13.0,27.0,35.0,46.0,47.0,1.0,2.0
2014,9,26,4,168,34,1,4,3,1,25000000,27.6,6.5,12.0,6.0,4.0,13.0,8.0,29.0,14.0,34.0,30.0,29.0,38.0,35.0,35.0,48.0,50.0,1.0,3.0,2.0,7.0,9.0,4.0,154.0,192.0,49.0,21.0,38.0,3.0,35.0,10.0,14.0,20.0,9.0,18.0,25.0,9.0,18.0,24.0,9.0,18.0,25.0,7.0,14.0,19.0,6.0,7.0,9.0,8.0,10.0,10.0,3.0,13.0,15.0,33.0,42.0,5.0,7.0
2014,9,30,1,106,39,1,2,12,0,32000000,45.8,28.0,13.0,12.0,6.0,27.0,13.0,8.0,35.0,14.0,34.0,46.0,29.0,38.0,47.0,35.0,48.0,1.0,1.0,3.0,2.0,7.0,9.0,130.0,7.0,242.0,203.0,56.0,56.0,7.0,10.0,15.0,20.0,8.0,18.0,25.0,9.0,18.0,25.0,9.0,19.0,25.0,8.0,14.0,19.0,6.0,7.0,9.0,8.0,10.0,10.0,4.0,13.0,23.0,48.0,50.0,5.0,10.0
2014,10,3,4,138,46,3,2,15,1,100000000,15.8,13.5,3.0,13.0,12.0,13.0,27.0,13.0,15.0,35.0,14.0,33.0,46.0,29.0,42.0,47.0,35.0,5.0,1.0,1.0,7.0,2.0,7.0,17.0,3.0,28.0,63.0,17.0,3.0,24.0,9.0,15.0,20.0,7.0,18.0,24.0,9.0,17.0,25.0,9.0,19.0,24.0,7.0,13.0,19.0,6.0,7.0,9.0,7.0,10.0,10.0,9.0,21.0,28.0,30.0,38.0,1.0,8.0
2014,10,7,1,126,29,3,3,9,1,111000000,46.6,19.5,4.0,3.0,13.0,13.0,13.0,27.0,23.0,15.0,35.0,48.0,33.0,46.0,50.0,42.0,47.0,5.0,5.0,1.0,10.0,7.0,2.0,25.0,151.0,186.0,179.0,39.0,11.0,35.0,8.0,15.0,20.0,7.0,19.0,23.0,9.0,18.0,26.0,9.0,20.0,24.0,7.0,13.0,19.0,6.0,7.0,9.0,7.0,10.0,10.0,6.0,29.0,42.0,45.0,47.0,9.0,10.0
2014,10,10,4,169,41,2,4,19,1,128000000,20.0,14.0,9.0,4.0,3.0,21.0,13.0,13.0,28.0,23.0,15.0,30.0,48.0,33.0,38.0,50.0,42.0,1.0,5.0,5.0,8.0,10.0,7.0,21.0,24.0,416.0,45.0,14.0,119.0,7.0,7.0,14.0,20.0,6.0,19.0,23.0,10.0,18.0,27.0,10.0,19.0,24.0,7.0,12.0,19.0,7.0,8.0,9.0,7.0,9.0,10.0,4.0,5.0,15.0,23.0,32.0,3.0,7.0
2014,10,14,1,79,28,2,1,10,0,142000000,24.8,19.5,6.0,9.0,4.0,29.0,21.0,13.0,42.0,28.0,23.0,45.0,30.0,48.0,47.0,38.0,50.0,9.0,1.0,5.0,10.0,8.0,10.0,11.0,60.0,14.0,60.0,235.0,25.0,14.0,6.0,14.0,20.0,6.0,18.0,23.0,9.0,18.0,27.0,10.0,18.0,24.0,8.0,13.0,20.0,6.0,8.0,9.0,7.0,9.0,10.0,1.0,13.0,40.0,48.0,49.0,8.0,10.0
2014,10,17,4,151,48,2,3,18,2,162000000,41.2,8.5,4.0,6.0,9.0,5.0,29.0,21.0,15.0,42.0,28.0,23.0,45.0,30.0,32.0,47.0,38.0,3.0,9.0,1.0,7.0,10.0,8.0,42.0,14.0,535.0,14.0,56.0,38.0,7.0,7.0,14.0,20.0,6.0,17.0,23.0,9.0,18.0,28.0,9.0,18.0,23.0,8.0,13.0,20.0,6.0,8.0,9.0,6.0,9.0,10.0,20.0,21.0,27.0,33.0,40.0,3.0,10.0
2014,10,21,1,141,20,2,3,13,1,180000000,32.4,5.5,1.0,4.0,6.0,13.0,5.0,29.0,40.0,15.0,42.0,48.0,23.0,45.0,49.0,32.0,47.0,8.0,3.0,9.0,10.0,7.0,10.0,347.0,14.0,144.0,21.0,158.0,7.0,4.0,8.0,15.0,21.0,6.0,16.0,23.0,9.0,18.0,28.0,8.0,18.0,23.0,9.0,14.0,20.0,5.0,8.0,9.0,5.0,9.0,10.0,3.0,9.0,20.0,30.0,42.0,1.0,6.0
2014,10,24,4,104,39,3,2,7,1,190000000,15.0,36.5,20.0,1.0,4.0,21.0,13.0,5.0,27.0,40.0,15.0,33.0,48.0,23.0,40.0,49.0,32.0,3.0,8.0,3.0,10.0,10.0,7.0,24.0,56.0,101.0,17.0,24.0,17.0,56.0,8.0,15.0,21.0,6.0,15.0,22.0,9.0,19.0,28.0,7.0,17.0,23.0,8.0,13.0,20.0,5.0,8.0,9.0,5.0,9.0,10.0,10.0,15.0,17.0,40.0,45.0,1.0,2.0
2014,10,28,1,127,35,2,2,3,1,15000000,33.8,18.0,3.0,20.0,1.0,9.0,21.0,13.0,20.0,27.0,40.0,30.0,33.0,48.0,42.0,40.0,49.0,1.0,3.0,8.0,6.0,10.0,10.0,63.0,49.0,312.0,91.0,56.0,4.0,32.0,8.0,14.0,21.0,7.0,14.0,21.0,9.0,19.0,28.0,7.0,18.0,23.0,8.0,13.0,19.0,5.0,8.0,9.0,5.0,9.0,10.0,10.0,13.0,20.0,33.0,41.0,3.0,9.0
2014,10,31,4,117,31,2,2,12,0,15000000,27.8,15.5,10.0,3.0,20.0,15.0,9.0,21.0,17.0,20.0,27.0,40.0,30.0,33.0,45.0,42.0,40.0,1.0,1.0,3.0,2.0,6.0,10.0,3.0,14.0,7.0,10.0,238.0,10.0,42.0,7.0,14.0,21.0,6.0,14.0,21.0,8.0,19.0,28.0,6.0,17.0,23.0,9.0,14.0,20.0,5.0,8.0,9.0,6.0,9.0,10.0,1.0,6.0,13.0,17.0,26.0,3.0,5.0
2014,11,4,1,63,25,2,1,8,0,21000000,21.4,18.0,10.0,10.0,3.0,13.0,15.0,9.0,20.0,17.0,20.0,33.0,40.0,30.0,41.0,45.0,42.0,3.0,1.0,1.0,9.0,2.0,6.0,18.0,312.0,312.0,616.0,161.0,4.0,84.0,7.0,13.0,21.0,7.0,15.0,22.0,9.0,20.0,29.0,7.0,17.0,24.0,10.0,14.0,20.0,5.0,8.0,9.0,7.0,9.0,10.0,13.0,25.0,32.0,38.0,46.0,1.0,10.0
2014,11,7,4,154,33,3,3,11,1,32000000,33.2,13.5,1.0,10.0,10.0,6.0,13.0,15.0,13.0,20.0,17.0,17.0,33.0,40.0,26.0,41.0,45.0,3.0,3.0,1.0,5.0,9.0,2.0,42.0,66.0,157.0,49.0,91.0,10.0,17.0,8.0,12.0,20.0,8.0,14.0,21.0,9.0,21.0,29.0,8.0,16.0,23.0,10.0,15.0,20.0,4.0,8.0,9.0,7.0,9.0,10.0,2.0,14.0,21.0,36.0,46.0,7.0,11.0
2014,11,11,1,119,44,4,2,18,0,15000000,45.0,44.0,13.0,1.0,10.0,25.0,6.0,13.0,32.0,13.0,20.0,38.0,17.0,33.0,46.0,26.0,41.0,1.0,3.0,3.0,10.0,5.0,9.0,74.0,210.0,88.0,238.0,4.0,60.0,60.0,8.0,12.0,20.0,9.0,15.0,22.0,9.0,21.0,29.0,9.0,17.0,24.0,9.0,14.0,20.0,5.0,8.0,9.0,7.0,9.0,10.0,17.0,32.0,36.0,38.0,48.0,5.0,8.0
2014,11,14,4,171,31,4,4,13,1,24000000,11.0,19.0,2.0,13.0,1.0,14.0,25.0,6.0,21.0,32.0,13.0,36.0,38.0,17.0,46.0,46.0,26.0,7.0,1.0,3.0,11.0,10.0,5.0,514.0,259.0,80.0,7.0,56.0,42.0,38.0,8.0,13.0,21.0,9.0,15.0,23.0,9.0,20.0,29.0,8.0,16.0,24.0,9.0,14.0,20.0,5.0,8.0,9.0,8.0,9.0,10.0,2.0,3.0,17.0,36.0,38.0,4.0,11.0
2014,11,18,1,96,36,3,2,15,1,32000000,8.8,35.0,17.0,2.0,13.0,32.0,14.0,25.0,36.0,21.0,32.0,38.0,36.0,38.0,48.0,46.0,46.0,5.0,7.0,1.0,8.0,11.0,10.0,7.0,389.0,21.0,7.0,42.0,84.0,7.0,7.0,13.0,21.0,9.0,15.0,24.0,8.0,19.0,28.0,7.0,16.0,23.0,9.0,14.0,20.0,6.0,8.0,9.0,7.0,9.0,10.0,4.0,7.0,28.0,32.0,37.0,5.0,10.0
2014,11,21,4,108,33,3,3,15,1,42000000,68.2,10.5,2.0,17.0,2.0,3.0,32.0,14.0,17.0,36.0,21.0,36.0,38.0,36.0,38.0,48.0,46.0,4.0,5.0,7.0,11.0,8.0,11.0,38.0,94.0,45.0,84.0,199.0,7.0,14.0,8.0,13.0,21.0,10.0,15.0,24.0,8.0,19.0,28.0,7.0,16.0,23.0,9.0,15.0,21.0,5.0,8.0,8.0,7.0,9.0,10.0,3.0,7.0,25.0,32.0,36.0,1.0,6.0
2014,11,25,1,103,33,2,2,7,1,50000000,8.0,25.0,4.0,2.0,17.0,7.0,3.0,32.0,28.0,17.0,36.0,32.0,36.0,38.0,37.0,38.0,48.0,5.0,4.0,5.0,10.0,11.0,8.0,32.0,4.0,147.0,4.0,354.0,18.0,32.0,7.0,13.0,21.0,9.0,15.0,24.0,8.0,20.0,28.0,7.0,16.0,23.0,9.0,16.0,21.0,5.0,8.0,8.0,7.0,9.0,10.0,6.0,10.0,15.0,23.0,41.0,4.0,10.0
2014,11,28,4,95,35,2,1,14,2,63000000,31.2,8.5,3.0,4.0,2.0,7.0,7.0,3.0,25.0,28.0,17.0,32.0,32.0,36.0,36.0,37.0,38.0,1.0,5.0,4.0,6.0,10.0,11.0,49.0,126.0,45.0,45.0,28.0,10.0,7.0,8.0,12.0,21.0,9.0,16.0,24.0,9.0,19.0,28.0,7.0,15.0,23.0,8.0,16.0,21.0,5.0,8.0,8.0,7.0,9.0,10.0,3.0,15.0,25.0,44.0,49.0,1.0,9.0
2014,12,2,1,136,46,1,2,10,0,72000000,37.4,19.5,6.0,3.0,4.0,10.0,7.0,7.0,15.0,25.0,28.0,23.0,32.0,32.0,41.0,36.0,37.0,4.0,1.0,5.0,10.0,6.0,10.0,7.0,35.0,7.0,221.0,46.0,7.0,32.0,8.0,12.0,21.0,9.0,15.0,24.0,9.0,19.0,28.0,7.0,16.0,24.0,8.0,16.0,21.0,5.0,8.0,8.0,6.0,9.0,10.0,5.0,8.0,37.0,47.0,48.0,2.0,3.0
2014,12,5,4,145,43,2,3,5,1,15000000,44.0,34.5,3.0,6.0,3.0,15.0,10.0,7.0,25.0,15.0,25.0,44.0,23.0,32.0,49.0,41.0,36.0,1.0,4.0,1.0,9.0,10.0,6.0,94.0,77.0,171.0,234.0,21.0,80.0,143.0,8.0,12.0,20.0,9.0,15.0,24.0,9.0,19.0,28.0,7.0,16.0,24.0,8.0,16.0,21.0,6.0,8.0,8.0,7.0,10.0,10.0,1.0,3.0,31.0,42.0,46.0,4.0,11.0
2014,12,9,1,123,45,2,3,15,1,21000000,40.8,16.0,5.0,3.0,6.0,8.0,15.0,10.0,37.0,25.0,15.0,47.0,44.0,23.0,48.0,49.0,41.0,2.0,1.0,4.0,3.0,9.0,10.0,35.0,21.0,98.0,245.0,28.0,11.0,21.0,8.0,12.0,19.0,8.0,15.0,24.0,9.0,19.0,28.0,7.0,16.0,25.0,7.0,15.0,21.0,5.0,8.0,8.0,6.0,10.0,10.0,2.0,15.0,28.0,31.0,37.0,4.0,6.0
2014,12,12,4,113,35,2,3,10,2,31000000,13.0,10.0,1.0,5.0,3.0,3.0,8.0,15.0,31.0,37.0,25.0,42.0,47.0,44.0,46.0,48.0,49.0,4.0,2.0,1.0,11.0,3.0,9.0,24.0,10.0,21.0,91.0,21.0,3.0,17.0,7.0,12.0,19.0,7.0,15.0,24.0,8.0,18.0,28.0,8.0,16.0,25.0,7.0,15.0,21.0,5.0,8.0,8.0,6.0,9.0,10.0,3.0,7.0,12.0,13.0,25.0,5.0,8.0
2014,12,16,1,60,22,1,0,13,1,39000000,33.0,28.5,2.0,1.0,5.0,15.0,3.0,8.0,28.0,31.0,37.0,31.0,42.0,47.0,37.0,46.0,48.0,4.0,4.0,2.0,6.0,11.0,3.0,14.0,21.0,144.0,3686.0,798.0,25.0,32.0,7.0,12.0,19.0,6.0,15.0,24.0,8.0,18.0,28.0,9.0,17.0,26.0,8.0,16.0,22.0,4.0,8.0,8.0,6.0,9.0,10.0,23.0,29.0,31.0,39.0,44.0,5.0,8.0
2014,12,19,4,166,21,1,4,13,1,15000000,44.6,3.0,3.0,2.0,1.0,7.0,15.0,3.0,12.0,28.0,31.0,13.0,31.0,42.0,25.0,37.0,46.0,5.0,4.0,4.0,8.0,6.0,11.0,217.0,70.0,10.0,108.0,199.0,3.0,3.0,7.0,12.0,19.0,6.0,15.0,23.0,7.0,17.0,28.0,9.0,17.0,26.0,9.0,16.0,23.0,4.0,8.0,8.0,6.0,9.0,10.0,8.0,9.0,19.0,25.0,49.0,2.0,10.0
2014,12,23,1,110,41,1,1,12,2,15000000,42.2,21.5,23.0,3.0,2.0,29.0,7.0,15.0,31.0,12.0,28.0,39.0,13.0,31.0,44.0,25.0,37.0,5.0,5.0,4.0,8.0,8.0,6.0,105.0,60.0,105.0,210.0,21.0,18.0,25.0,8.0,13.0,18.0,7.0,14.0,23.0,7.0,17.0,28.0,9.0,17.0,27.0,8.0,16.0,22.0,4.0,8.0,8.0,6.0,9.0,10.0,17.0,26.0,27.0,45.0,49.0,2.0,3.0
2014,12,26,4,164,32,1,4,5,1,25000000,43.6,12.0,8.0,23.0,3.0,9.0,29.0,7.0,19.0,31.0,12.0,25.0,39.0,13.0,49.0,44.0,25.0,2.0,5.0,5.0,10.0,8.0,8.0,42.0,224.0,66.0,77.0,3.0,3.0,21.0,8.0,13.0,18.0,8.0,15.0,24.0,8.0,17.0,27.0,10.0,17.0,27.0,8.0,16.0,22.0,4.0,8.0,8.0,6.0,9.0,10.0,6.0,18.0,39.0,44.0,50.0,8.0,11.0
2014,12,30,1,157,44,4,3,19,1,15000000,51.6,16.0,17.0,8.0,23.0,26.0,9.0,29.0,27.0,19.0,31.0,45.0,25.0,39.0,49.0,49.0,44.0,2.0,2.0,5.0,3.0,10.0,8.0,32.0,116.0,179.0,28.0,88.0,74.0,21.0,8.0,13.0,18.0,9.0,16.0,24.0,9.0,17.0,27.0,9.0,17.0,27.0,8.0,16.0,21.0,5.0,8.0,8.0,6.0,9.0,10.0,22.0,24.0,25.0,28.0,49.0,3.0,6.0
2015,1,2,4,148,27,3,2,9,1,15000000,56.4,14.0,6.0,17.0,8.0,18.0,26.0,9.0,39.0,27.0,19.0,44.0,45.0,25.0,50.0,49.0,49.0,8.0,2.0,2.0,11.0,3.0,10.0,717.0,164.0,31.0,203.0,7.0,59.0,21.0,9.0,13.0,19.0,9.0,17.0,24.0,8.0,17.0,27.0,9.0,18.0,28.0,7.0,16.0,21.0,6.0,8.0,8.0,6.0,9.0,10.0,14.0,20.0,30.0,38.0,49.0,3.0,4.0
2015,1,6,1,151,35,4,3,7,1,22000000,50.0,14.5,22.0,6.0,17.0,24.0,18.0,26.0,25.0,39.0,27.0,28.0,44.0,45.0,49.0,50.0,49.0,3.0,8.0,2.0,6.0,11.0,3.0,413.0,287.0,112.0,53.0,4.0,4.0,112.0,10.0,14.0,19.0,10.0,18.0,25.0,9.0,17.0,27.0,10.0,18.0,27.0,7.0,15.0,20.0,5.0,7.0,8.0,6.0,10.0,10.0,6.0,21.0,24.0,32.0,45.0,1.0,11.0
2015,1,9,4,128,39,3,2,12,0,31000000,27.0,24.0,14.0,22.0,6.0,20.0,24.0,18.0,30.0,25.0,39.0,38.0,28.0,44.0,49.0,49.0,50.0,3.0,3.0,8.0,4.0,6.0,11.0,10.0,80.0,248.0,45.0,73.0,38.0,10.0,9.0,14.0,19.0,10.0,17.0,24.0,9.0,18.0,28.0,10.0,18.0,26.0,7.0,14.0,20.0,6.0,7.0,8.0,6.0,9.0,10.0,8.0,17.0,21.0,31.0,34.0,9.0,10.0
2015,1,13,1,111,26,2,2,19,1,15000000,36.8,31.5,6.0,14.0,22.0,21.0,20.0,24.0,24.0,30.0,25.0,32.0,38.0,28.0,45.0,49.0,49.0,1.0,3.0,3.0,11.0,4.0,6.0,21.0,144.0,63.0,32.0,182.0,95.0,21.0,8.0,14.0,19.0,10.0,18.0,24.0,10.0,17.0,27.0,9.0,17.0,26.0,7.0,15.0,21.0,7.0,8.0,8.0,6.0,9.0,10.0,29.0,30.0,32.0,34.0,46.0,3.0,6.0
2015,1,16,4,171,17,4,5,9,1,25000000,17.2,12.0,8.0,6.0,14.0,17.0,21.0,20.0,21.0,24.0,30.0,31.0,32.0,38.0,34.0,45.0,49.0,9.0,1.0,3.0,10.0,11.0,4.0,451.0,259.0,70.0,150.0,38.0,10.0,14.0,8.0,14.0,20.0,10.0,19.0,25.0,10.0,17.0,27.0,10.0,18.0,26.0,7.0,14.0,21.0,6.0,8.0,8.0,6.0,9.0,10.0,15.0,33.0,41.0,44.0,47.0,8.0,10.0
2015,1,20,1,180,32,1,4,18,2,32000000,48.0,14.0,29.0,8.0,6.0,30.0,17.0,21.0,32.0,21.0,24.0,34.0,31.0,32.0,46.0,34.0,45.0,3.0,9.0,1.0,6.0,10.0,11.0,189.0,207.0,585.0,21.0,102.0,21.0,7.0,8.0,15.0,21.0,10.0,20.0,25.0,10.0,18.0,28.0,9.0,17.0,26.0,7.0,14.0,20.0,6.0,8.0,8.0,6.0,9.0,10.0,6.0,29.0,30.0,38.0,45.0,1.0,8.0
2015,1,23,4,148,39,3,4,9,1,15000000,11.8,8.5,15.0,29.0,8.0,33.0,30.0,17.0,41.0,32.0,21.0,44.0,34.0,31.0,47.0,46.0,34.0,8.0,3.0,9.0,10.0,6.0,10.0,14.0,35.0,17.0,17.0,14.0,14.0,35.0,7.0,15.0,20.0,10.0,20.0,24.0,9.0,18.0,27.0,8.0,16.0,26.0,6.0,14.0,20.0,5.0,8.0,8.0,6.0,8.0,10.0,5.0,10.0,31.0,33.0,40.0,8.0,10.0
2015,1,27,1,119,35,2,3,18,2,21000000,45.0,5.5,6.0,15.0,29.0,29.0,33.0,30.0,30.0,41.0,32.0,38.0,44.0,34.0,45.0,47.0,46.0,1.0,8.0,3.0,8.0,10.0,6.0,53.0,60.0,39.0,88.0,98.0,7.0,7.0,8.0,14.0,20.0,10.0,19.0,24.0,9.0,17.0,27.0,8.0,16.0,25.0,7.0,15.0,20.0,5.0,8.0,8.0,6.0,8.0,10.0,9.0,13.0,15.0,19.0,24.0,3.0,8.0
2015,1,30,4,80,15,1,0,11,1,15000000,30.4,8.5,5.0,6.0,15.0,10.0,29.0,33.0,31.0,30.0,41.0,33.0,38.0,44.0,40.0,45.0,47.0,8.0,1.0,8.0,10.0,8.0,10.0,115.0,91.0,63.0,350.0,539.0,14.0,7.0,8.0,15.0,19.0,10.0,19.0,24.0,9.0,16.0,27.0,8.0,16.0,25.0,8.0,15.0,21.0,4.0,8.0,8.0,5.0,7.0,10.0,17.0,31.0,33.0,44.0,50.0,7.0,11.0
2015,2,3,1,175,33,2,4,18,0,15000000,16.8,54.5,9.0,5.0,6.0,13.0,10.0,29.0,15.0,31.0,30.0,19.0,33.0,38.0,24.0,40.0,45.0,3.0,8.0,1.0,8.0,10.0,8.0,39.0,987.0,364.0,14.0,35.0,84.0,25.0,9.0,14.0,18.0,10.0,19.0,24.0,9.0,17.0,28.0,8.0,16.0,24.0,8.0,15.0,21.0,5.0,8.0,8.0,5.0,7.0,10.0,10.0,26.0,30.0,39.0,50.0,7.0,8.0
2015,2,6,4,155,40,4,4,15,1,15000000,21.4,5.0,17.0,9.0,5.0,31.0,13.0,10.0,33.0,15.0,31.0,44.0,19.0,33.0,50.0,24.0,40.0,7.0,3.0,8.0,11.0,8.0,10.0,98.0,42.0,14.0,49.0,3.0,3.0,7.0,9.0,15.0,18.0,10.0,18.0,24.0,8.0,17.0,28.0,8.0,16.0,24.0,8.0,15.0,20.0,5.0,8.0,8.0,5.0,7.0,10.0,13.0,17.0,20.0,30.0,45.0,9.0,10.0
2015,2,10,1,125,32,2,2,19,1,21000000,15.0,21.0,10.0,17.0,9.0,26.0,31.0,13.0,30.0,33.0,15.0,39.0,44.0,19.0,50.0,50.0,24.0,7.0,7.0,3.0,8.0,11.0,8.0,95.0,28.0,102.0,109.0,18.0,28.0,14.0,9.0,16.0,18.0,9.0,17.0,24.0,9.0,17.0,27.0,9.0,17.0,24.0,7.0,15.0,20.0,5.0,8.0,8.0,4.0,7.0,10.0,12.0,24.0,39.0,42.0,44.0,3.0,11.0
2015,2,13,4,161,32,4,3,14,0,31000000,31.2,12.0,13.0,10.0,17.0,17.0,26.0,31.0,20.0,30.0,33.0,30.0,39.0,44.0,45.0,50.0,50.0,9.0,7.0,7.0,10.0,8.0,11.0,143.0,42.0,45.0,66.0,56.0,14.0,10.0,10.0,17.0,18.0,9.0,17.0,24.0,9.0,16.0,26.0,9.0,16.0,24.0,8.0,14.0,20.0,5.0,8.0,8.0,4.0,7.0,10.0,2.0,5.0,18.0,30.0,43.0,1.0,10.0
2015,2,17,1,98,41,3,2,11,1,40000000,67.4,16.0,12.0,13.0,10.0,24.0,17.0,26.0,39.0,20.0,30.0,42.0,30.0,39.0,44.0,45.0,50.0,3.0,9.0,7.0,11.0,10.0,8.0,67.0,126.0,438.0,7.0,203.0,25.0,7.0,10.0,16.0,18.0,10.0,18.0,23.0,9.0,17.0,27.0,8.0,16.0,24.0,8.0,15.0,21.0,5.0,8.0,8.0,4.0,7.0,10.0,4.0,10.0,14.0,37.0,46.0,4.0,7.0
2015,2,20,4,111,42,4,2,11,1,50000000,51.0,29.5,2.0,12.0,13.0,5.0,24.0,17.0,18.0,39.0,20.0,30.0,42.0,30.0,43.0,44.0,45.0,1.0,3.0,9.0,10.0,11.0,10.0,91.0,24.0,150.0,280.0,35.0,70.0,129.0,10.0,17.0,18.0,9.0,18.0,23.0,9.0,18.0,27.0,8.0,17.0,25.0,8.0,14.0,21.0,6.0,8.0,8.0,4.0,8.0,10.0,3.0,25.0,28.0,34.0,50.0,1.0,11.0
2015,2,24,1,140,47,3,3,12,0,58000000,46.6,9.0,4.0,2.0,12.0,10.0,5.0,24.0,14.0,18.0,39.0,37.0,30.0,42.0,46.0,43.0,44.0,4.0,1.0,3.0,7.0,10.0,11.0,70.0,109.0,74.0,39.0,18.0,7.0,11.0,10.0,17.0,18.0,9.0,19.0,23.0,9.0,18.0,27.0,9.0,16.0,25.0,7.0,13.0,21.0,6.0,8.0,8.0,4.0,8.0,10.0,5.0,14.0,17.0,25.0,47.0,9.0,10.0
2015,2,27,4,108,42,1,1,19,1,70000000,15.0,13.5,3.0,4.0,2.0,25.0,10.0,5.0,28.0,14.0,18.0,34.0,37.0,30.0,50.0,46.0,43.0,1.0,4.0,1.0,11.0,7.0,10.0,31.0,108.0,101.0,66.0,38.0,17.0,10.0,9.0,17.0,18.0,9.0,20.0,23.0,10.0,19.0,27.0,9.0,16.0,25.0,8.0,13.0,21.0,6.0,8.0,8.0,4.0,7.0,10.0,6.0,8.0,11.0,13.0,21.0,7.0,8.0
2015,3,3,1,59,15,2,0,15,1,79000000,70.8,18.0,5.0,3.0,4.0,14.0,25.0,10.0,17.0,28.0,14.0,25.0,34.0,37.0,47.0,50.0,46.0,9.0,1.0,4.0,10.0,11.0,7.0,39.0,88.0,196.0,77.0,879.0,25.0,25.0,10.0,17.0,18.0,10.0,20.0,23.0,10.0,19.0,28.0,9.0,15.0,24.0,8.0,13.0,22.0,5.0,8.0,8.0,4.0,7.0,10.0,23.0,30.0,47.0,49.0,50.0,2.0,7.0
2015,3,6,4,199,27,2,4,9,1,100000000,34.0,36.5,6.0,5.0,3.0,8.0,14.0,25.0,11.0,17.0,28.0,13.0,25.0,34.0,21.0,47.0,50.0,7.0,9.0,1.0,8.0,10.0,11.0,77.0,49.0,1277.0,451.0,10.0,70.0,14.0,10.0,16.0,18.0,10.0,19.0,23.0,10.0,20.0,28.0,9.0,16.0,25.0,7.0,13.0,21.0,6.0,8.0,8.0,4.0,7.0,10.0,2.0,6.0,23.0,30.0,31.0,2.0,10.0
2015,3,10,1,92,29,3,2,12,2,15000000,14.2,7.5,23.0,6.0,5.0,30.0,8.0,14.0,47.0,11.0,17.0,49.0,13.0,25.0,50.0,21.0,47.0,2.0,7.0,9.0,7.0,8.0,10.0,21.0,126.0,158.0,21.0,403.0,4.0,11.0,9.0,16.0,18.0,10.0,19.0,23.0,10.0,21.0,28.0,8.0,16.0,24.0,8.0,13.0,22.0,6.0,8.0,8.0,4.0,7.0,10.0,4.0,5.0,18.0,22.0,23.0,1.0,3.0
2015,3,13,4,72,19,3,0,4,0,26000000,26.4,22.5,2.0,23.0,6.0,6.0,30.0,8.0,23.0,47.0,11.0,30.0,49.0,13.0,31.0,50.0,21.0,2.0,2.0,7.0,10.0,7.0,8.0,21.0,24.0,24.0,213.0,1491.0,17.0,77.0,8.0,16.0,18.0,9.0,18.0,23.0,9.0,20.0,27.0,8.0,17.0,25.0,9.0,13.0,23.0,6.0,8.0,8.0,5.0,7.0,10.0,11.0,23.0,26.0,38.0,44.0,1.0,8.0
2015,3,17,1,142,33,3,3,9,1,33000000,28.4,9.0,4.0,2.0,23.0,5.0,6.0,30.0,18.0,23.0,47.0,22.0,30.0,49.0,23.0,31.0,50.0,1.0,2.0,2.0,3.0,10.0,7.0,273.0,231.0,186.0,53.0,32.0,4.0,14.0,8.0,17.0,19.0,9.0,19.0,24.0,9.0,21.0,28.0,9.0,17.0,24.0,8.0,13.0,22.0,6.0,7.0,8.0,5.0,7.0,10.0,3.0,14.0,37.0,42.0,48.0,1.0,10.0
2015,3,20,4,144,45,3,3,11,1,45000000,42.6,6.5,11.0,4.0,2.0,23.0,5.0,6.0,26.0,18.0,23.0,38.0,22.0,30.0,44.0,23.0,31.0,1.0,1.0,2.0,8.0,3.0,10.0,24.0,21.0,105.0,35.0,105.0,3.0,10.0,7.0,17.0,19.0,8.0,18.0,23.0,9.0,21.0,27.0,9.0,17.0,23.0,9.0,14.0,22.0,5.0,7.0,8.0,5.0,7.0,10.0,10.0,24.0,26.0,39.0,40.0,3.0,10.0
2015,3,24,1,139,30,4,3,13,1,52000000,34.6,7.5,3.0,11.0,4.0,14.0,23.0,5.0,37.0,26.0,18.0,42.0,38.0,22.0,48.0,44.0,23.0,1.0,1.0,1.0,10.0,8.0,3.0,46.0,39.0,7.0,46.0,56.0,39.0,4.0,8.0,17.0,19.0,9.0,18.0,23.0,9.0,20.0,27.0,10.0,16.0,23.0,9.0,14.0,22.0,6.0,7.0,8.0,5.0,7.0,10.0,2.0,30.0,32.0,39.0,44.0,6.0,10.0
2015,3,27,4,147,42,4,4,16,2,64000000,23.4,36.5,10.0,3.0,11.0,24.0,14.0,23.0,26.0,37.0,26.0,39.0,42.0,38.0,40.0,48.0,44.0,3.0,1.0,1.0,10.0,10.0,8.0,17.0,21.0,70.0,3.0,10.0,301.0,3.0,8.0,17.0,19.0,8.0,17.0,23.0,9.0,20.0,27.0,9.0,16.0,23.0,8.0,14.0,22.0,6.0,8.0,9.0,5.0,7.0,10.0,8.0,20.0,24.0,28.0,49.0,8.0,9.0
2015,3,31,1,129,41,4,2,17,1,73000000,28.8,23.0,2.0,10.0,3.0,30.0,24.0,14.0,32.0,26.0,37.0,39.0,39.0,42.0,44.0,40.0,48.0,6.0,3.0,1.0,10.0,10.0,10.0,77.0,84.0,81.0,88.0,84.0,63.0,119.0,9.0,16.0,19.0,8.0,17.0,23.0,9.0,19.0,27.0,9.0,16.0,23.0,9.0,14.0,22.0,7.0,8.0,9.0,5.0,8.0,10.0,27.0,29.0,37.0,39.0,49.0,2.0,4.0
2015,4,3,4,181,22,0,5,6,2,15000000,38.4,33.0,8.0,2.0,10.0,20.0,30.0,24.0,24.0,32.0,26.0,28.0,39.0,39.0,49.0,44.0,40.0,8.0,6.0,3.0,9.0,10.0,10.0,672.0,70.0,14.0,7.0,3.0,24.0,87.0,9.0,16.0,20.0,9.0,17.0,23.0,8.0,19.0,26.0,8.0,16.0,23.0,8.0,14.0,22.0,6.0,8.0,9.0,6.0,8.0,10.0,18.0,25.0,39.0,44.0,50.0,5.0,8.0
2015,4,7,1,176,32,3,3,13,1,21000000,22.2,58.0,27.0,8.0,2.0,29.0,20.0,30.0,37.0,24.0,32.0,39.0,28.0,39.0,49.0,49.0,44.0,2.0,8.0,6.0,4.0,9.0,10.0,280.0,42.0,53.0,63.0,32.0,109.0,21.0,9.0,17.0,21.0,9.0,16.0,23.0,8.0,19.0,26.0,8.0,15.0,23.0,7.0,14.0,21.0,6.0,9.0,9.0,6.0,8.0,10.0,22.0,23.0,25.0,30.0,43.0,5.0,9.0
2015,4,10,4,143,21,2,2,14,0,15000000,24.2,6.5,18.0,27.0,8.0,25.0,29.0,20.0,39.0,37.0,24.0,44.0,39.0,28.0,50.0,49.0,49.0,5.0,2.0,8.0,8.0,4.0,9.0,98.0,24.0,98.0,31.0,52.0,3.0,10.0,9.0,18.0,21.0,9.0,16.0,23.0,8.0,19.0,25.0,7.0,14.0,22.0,8.0,13.0,21.0,6.0,9.0,9.0,5.0,8.0,10.0,24.0,32.0,34.0,35.0,49.0,1.0,2.0
2015,4,14,1,174,25,3,4,3,1,21000000,58.4,18.0,22.0,18.0,27.0,23.0,25.0,29.0,25.0,39.0,37.0,30.0,44.0,39.0,43.0,50.0,49.0,5.0,5.0,2.0,9.0,8.0,4.0,256.0,151.0,207.0,210.0,11.0,25.0,168.0,10.0,18.0,21.0,9.0,17.0,23.0,8.0,20.0,26.0,8.0,15.0,23.0,7.0,13.0,21.0,6.0,9.0,9.0,6.0,8.0,10.0,2.0,24.0,30.0,34.0,39.0,8.0,11.0
2015,4,17,4,129,37,4,3,19,1,31000000,8.8,31.0,24.0,22.0,18.0,32.0,23.0,25.0,34.0,25.0,39.0,35.0,30.0,44.0,49.0,43.0,50.0,1.0,5.0,5.0,2.0,9.0,8.0,21.0,24.0,70.0,52.0,290.0,17.0,52.0,9.0,17.0,21.0,8.0,16.0,23.0,8.0,19.0,26.0,8.0,15.0,23.0,7.0,14.0,21.0,6.0,9.0,9.0,6.0,8.0,10.0,6.0,14.0,17.0,42.0,45.0,1.0,8.0
2015,4,21,1,124,39,3,2,9,1,39000000,45.8,5.5,2.0,24.0,22.0,24.0,32.0,23.0,30.0,34.0,25.0,34.0,35.0,30.0,39.0,49.0,43.0,8.0,1.0,5.0,11.0,2.0,9.0,49.0,32.0,53.0,32.0,70.0,7.0,14.0,9.0,17.0,21.0,8.0,16.0,23.0,9.0,19.0,26.0,7.0,15.0,22.0,8.0,14.0,21.0,6.0,9.0,9.0,6.0,8.0,10.0,5.0,19.0,29.0,31.0,40.0,3.0,10.0
2015,4,24,4,124,35,1,3,13,1,51000000,44.6,29.5,6.0,2.0,24.0,14.0,24.0,32.0,17.0,30.0,34.0,42.0,34.0,35.0,45.0,39.0,49.0,1.0,8.0,1.0,8.0,11.0,2.0,56.0,353.0,245.0,101.0,31.0,31.0,28.0,9.0,17.0,21.0,9.0,17.0,24.0,10.0,19.0,27.0,8.0,15.0,22.0,7.0,14.0,21.0,6.0,9.0,9.0,6.0,8.0,10.0,24.0,26.0,28.0,36.0,45.0,7.0,10.0
2015,4,28,1,159,21,4,4,17,1,15000000,47.0,28.5,5.0,6.0,2.0,19.0,14.0,24.0,29.0,17.0,30.0,31.0,42.0,34.0,40.0,45.0,39.0,3.0,1.0,8.0,10.0,8.0,11.0,14.0,81.0,63.0,161.0,7.0,56.0,4.0,8.0,16.0,21.0,10.0,16.0,24.0,10.0,18.0,26.0,9.0,15.0,21.0,7.0,13.0,20.0,7.0,9.0,9.0,6.0,8.0,9.0,3.0,19.0,20.0,25.0,26.0,6.0,10.0
2015,5,1,4,93,23,2,1,16,2,24000000,20.8,19.0,24.0,5.0,6.0,26.0,19.0,14.0,28.0,29.0,17.0,36.0,31.0,42.0,45.0,40.0,45.0,7.0,3.0,1.0,10.0,10.0,8.0,42.0,7.0,80.0,63.0,178.0,35.0,3.0,9.0,15.0,21.0,9.0,15.0,24.0,10.0,17.0,26.0,10.0,15.0,21.0,7.0,14.0,21.0,7.0,9.0,9.0,6.0,8.0,9.0,1.0,10.0,17.0,20.0,42.0,8.0,9.0
2015,5,5,1,90,41,3,1,17,1,30000000,44.2,19.5,3.0,24.0,5.0,19.0,26.0,19.0,20.0,28.0,29.0,25.0,36.0,31.0,26.0,45.0,40.0,6.0,7.0,3.0,10.0,10.0,10.0,147.0,74.0,14.0,893.0,193.0,18.0,25.0,9.0,16.0,21.0,9.0,15.0,24.0,9.0,17.0,26.0,10.0,16.0,22.0,8.0,15.0,22.0,7.0,9.0,9.0,6.0,8.0,9.0,7.0,14.0,19.0,47.0,49.0,3.0,10.0
2015,5,8,4,136,42,1,2,13,1,40000000,50.8,10.5,1.0,3.0,24.0,10.0,19.0,26.0,17.0,20.0,28.0,20.0,25.0,36.0,42.0,26.0,45.0,8.0,6.0,7.0,9.0,10.0,10.0,269.0,17.0,136.0,154.0,24.0,14.0,7.0,9.0,16.0,22.0,8.0,14.0,24.0,9.0,18.0,25.0,10.0,17.0,22.0,8.0,15.0,22.0,6.0,9.0,9.0,5.0,8.0,9.0,14.0,29.0,30.0,40.0,46.0,3.0,6.0
2015,5,12,1,159,32,4,4,9,1,47000000,29.2,7.5,7.0,1.0,3.0,14.0,10.0,19.0,19.0,17.0,20.0,47.0,20.0,25.0,49.0,42.0,26.0,3.0,8.0,6.0,10.0,9.0,10.0,126.0,39.0,25.0,196.0,81.0,4.0,116.0,9.0,16.0,22.0,8.0,14.0,24.0,8.0,18.0,25.0,10.0,18.0,23.0,8.0,15.0,21.0,6.0,9.0,9.0,6.0,9.0,9.0,5.0,35.0,42.0,44.0,47.0,8.0,9.0
2015,5,15,4,173,42,2,4,17,1,15000000,21.4,10.0,14.0,7.0,1.0,29.0,14.0,10.0,30.0,19.0,17.0,40.0,47.0,20.0,46.0,49.0,42.0,3.0,3.0,8.0,6.0,10.0,9.0,21.0,766.0,217.0,38.0,77.0,10.0,10.0,8.0,16.0,22.0,8.0,15.0,25.0,8.0,19.0,26.0,10.0,18.0,23.0,8.0,15.0,21.0,5.0,9.0,9.0,6.0,9.0,9.0,26.0,30.0,31.0,35.0,37.0,8.0,11.0
2015,5,19,1,159,11,2,5,19,1,21000000,20.0,18.0,5.0,14.0,7.0,35.0,29.0,14.0,42.0,30.0,19.0,44.0,40.0,47.0,47.0,46.0,49.0,8.0,3.0,3.0,9.0,6.0,10.0,2923.0,53.0,112.0,35.0,158.0,4.0,32.0,9.0,17.0,23.0,8.0,15.0,25.0,8.0,19.0,26.0,10.0,17.0,23.0,9.0,16.0,20.0,5.0,8.0,9.0,5.0,9.0,9.0,18.0,24.0,35.0,44.0,45.0,5.0,11.0
2015,5,22,4,166,27,3,3,16,0,31000000,20.6,22.5,26.0,5.0,14.0,30.0,35.0,29.0,31.0,42.0,30.0,35.0,44.0,40.0,37.0,47.0,46.0,8.0,8.0,3.0,11.0,9.0,6.0,45.0,35.0,238.0,7.0,24.0,42.0,3.0,9.0,17.0,23.0,8.0,15.0,25.0,9.0,20.0,27.0,9.0,17.0,22.0,8.0,16.0,19.0,6.0,8.0,9.0,5.0,9.0,9.0,5.0,6.0,7.0,21.0,24.0,5.0,6.0
2015,5,26,1,63,19,2,0,11,1,37000000,30.4,9.0,18.0,26.0,5.0,24.0,30.0,35.0,35.0,31.0,42.0,44.0,35.0,44.0,45.0,37.0,47.0,5.0,8.0,8.0,11.0,11.0,9.0,11.0,77.0,763.0,294.0,116.0,4.0,14.0,8.0,17.0,23.0,9.0,15.0,25.0,10.0,21.0,28.0,9.0,18.0,23.0,9.0,17.0,19.0,5.0,7.0,9.0,4.0,9.0,9.0,3.0,4.0,20.0,45.0,48.0,6.0,8.0
2015,5,29,4,120,45,3,2,14,2,15000000,41.2,6.5,5.0,18.0,26.0,6.0,24.0,30.0,7.0,35.0,31.0,21.0,44.0,35.0,24.0,45.0,37.0,5.0,5.0,8.0,6.0,11.0,11.0,28.0,427.0,28.0,154.0,70.0,28.0,38.0,8.0,17.0,23.0,10.0,15.0,26.0,9.0,20.0,28.0,9.0,18.0,23.0,9.0,16.0,19.0,5.0,7.0,9.0,5.0,9.0,9.0,7.0,23.0,29.0,37.0,41.0,1.0,8.0
2015,6,2,1,137,34,0,3,9,1,21000000,45.6,23.0,3.0,5.0,18.0,4.0,6.0,24.0,20.0,7.0,35.0,45.0,21.0,44.0,48.0,24.0,45.0,6.0,5.0,5.0,8.0,6.0,11.0,25.0,53.0,39.0,102.0,186.0,42.0,4.0,7.0,16.0,23.0,10.0,15.0,25.0,9.0,19.0,28.0,9.0,18.0,23.0,10.0,17.0,20.0,5.0,7.0,9.0,5.0,8.0,9.0,2.0,7.0,8.0,45.0,48.0,1.0,9.0
2015,6,5,4,110,46,3,2,10,0,100000000,26.4,12.0,7.0,3.0,5.0,23.0,4.0,6.0,29.0,20.0,7.0,37.0,45.0,21.0,41.0,48.0,24.0,1.0,6.0,5.0,8.0,8.0,6.0,49.0,171.0,885.0,7.0,7.0,3.0,21.0,8.0,16.0,23.0,10.0,16.0,24.0,10.0,19.0,29.0,8.0,18.0,23.0,9.0,16.0,20.0,5.0,7.0,9.0,5.0,8.0,9.0,5.0,9.0,17.0,32.0,34.0,6.0,8.0
2015,6,9,1,97,29,2,2,14,2,110000000,57.6,9.0,2.0,7.0,3.0,7.0,23.0,4.0,8.0,29.0,20.0,45.0,37.0,45.0,48.0,41.0,48.0,1.0,1.0,6.0,9.0,8.0,8.0,14.0,168.0,35.0,151.0,147.0,11.0,7.0,7.0,15.0,23.0,10.0,16.0,24.0,10.0,18.0,28.0,8.0,18.0,23.0,9.0,16.0,19.0,5.0,7.0,9.0,5.0,7.0,9.0,5.0,8.0,10.0,11.0,37.0,7.0,9.0
2015,6,12,4,71,32,2,1,16,0,129000000,29.0,26.0,5.0,2.0,7.0,9.0,7.0,23.0,17.0,8.0,29.0,32.0,45.0,37.0,34.0,48.0,41.0,6.0,1.0,1.0,8.0,9.0,8.0,3.0,101.0,560.0,952.0,24.0,45.0,7.0,7.0,14.0,23.0,10.0,17.0,24.0,10.0,19.0,29.0,8.0,18.0,24.0,8.0,16.0,19.0,6.0,7.0,9.0,4.0,7.0,9.0,10.0,15.0,16.0,36.0,37.0,3.0,9.0
2015,6,16,1,114,27,3,2,12,0,15000000,100.4,19.5,5.0,5.0,2.0,8.0,9.0,7.0,10.0,17.0,8.0,11.0,32.0,45.0,37.0,34.0,48.0,7.0,6.0,1.0,9.0,8.0,9.0,84.0,186.0,385.0,49.0,4.0,35.0,4.0,7.0,14.0,23.0,10.0,18.0,25.0,10.0,20.0,30.0,8.0,18.0,24.0,7.0,16.0,19.0,6.0,7.0,9.0,4.0,7.0,9.0,7.0,14.0,20.0,31.0,42.0,3.0,9.0
2015,6,19,4,114,35,3,2,12,0,24000000,27.8,3.0,10.0,5.0,5.0,15.0,8.0,9.0,16.0,10.0,17.0,36.0,11.0,32.0,37.0,37.0,34.0,3.0,7.0,6.0,9.0,9.0,8.0,17.0,42.0,21.0,56.0,45.0,3.0,3.0,7.0,14.0,23.0,10.0,18.0,25.0,9.0,19.0,29.0,9.0,18.0,24.0,7.0,16.0,19.0,6.0,7.0,9.0,4.0,7.0,9.0,4.0,16.0,22.0,38.0,49.0,6.0,9.0
2015,6,23,1,129,45,4,2,15,1,15000000,50.0,9.0,7.0,10.0,5.0,14.0,15.0,8.0,20.0,16.0,10.0,31.0,36.0,11.0,42.0,37.0,37.0,3.0,3.0,7.0,9.0,9.0,9.0,102.0,315.0,350.0,98.0,46.0,14.0,4.0,7.0,15.0,23.0,10.0,19.0,25.0,9.0,19.0,30.0,9.0,19.0,24.0,8.0,15.0,19.0,5.0,7.0,9.0,4.0,7.0,9.0,3.0,6.0,10.0,19.0,24.0,5.0,7.0
2015,6,26,4,62,21,3,0,12,0,25000000,29.8,22.5,4.0,7.0,10.0,16.0,14.0,15.0,22.0,20.0,16.0,38.0,31.0,36.0,49.0,42.0,37.0,6.0,3.0,3.0,9.0,9.0,9.0,28.0,31.0,14.0,147.0,31.0,31.0,112.0,6.0,14.0,23.0,9.0,18.0,25.0,8.0,18.0,30.0,9.0,19.0,24.0,7.0,15.0,19.0,5.0,7.0,9.0,4.0,8.0,9.0,11.0,15.0,28.0,34.0,37.0,1.0,8.0
2015,6,30,1,125,26,2,3,9,1,15000000,26.0,23.0,3.0,4.0,7.0,6.0,16.0,14.0,10.0,22.0,20.0,19.0,38.0,31.0,24.0,49.0,42.0,5.0,6.0,3.0,7.0,9.0,9.0,105.0,14.0,63.0,74.0,14.0,25.0,21.0,7.0,14.0,23.0,9.0,18.0,25.0,8.0,17.0,30.0,9.0,18.0,24.0,7.0,15.0,19.0,5.0,6.0,9.0,3.0,7.0,9.0,11.0,12.0,15.0,18.0,44.0,3.0,9.0
2015,7,3,4,100,33,3,1,12,0,24000000,46.0,12.0,11.0,3.0,4.0,15.0,6.0,16.0,28.0,10.0,22.0,34.0,19.0,38.0,37.0,24.0,49.0,1.0,5.0,6.0,8.0,7.0,9.0,3.0,448.0,154.0,668.0,98.0,14.0,10.0,7.0,14.0,23.0,9.0,18.0,25.0,9.0,17.0,30.0,10.0,19.0,25.0,8.0,15.0,19.0,5.0,6.0,9.0,3.0,7.0,9.0,6.0,7.0,18.0,33.0,41.0,3.0,10.0
2015,7,7,1,105,35,2,2,13,1,31000000,44.4,32.0,11.0,11.0,3.0,12.0,15.0,6.0,15.0,28.0,10.0,18.0,34.0,19.0,44.0,37.0,24.0,3.0,1.0,5.0,9.0,8.0,7.0,77.0,32.0,116.0,161.0,35.0,4.0,60.0,8.0,13.0,23.0,8.0,18.0,25.0,9.0,17.0,29.0,10.0,19.0,25.0,8.0,14.0,19.0,5.0,6.0,9.0,4.0,7.0,9.0,5.0,8.0,15.0,35.0,41.0,4.0,5.0
2015,7,10,4,104,36,1,2,9,1,40000000,23.0,56.0,6.0,11.0,11.0,7.0,12.0,15.0,18.0,15.0,28.0,33.0,18.0,34.0,41.0,44.0,37.0,3.0,3.0,1.0,10.0,9.0,8.0,28.0,28.0,7.0,52.0,3.0,140.0,248.0,7.0,13.0,22.0,8.0,17.0,25.0,8.0,16.0,29.0,10.0,19.0,25.0,7.0,14.0,19.0,6.0,7.0,9.0,5.0,7.0,10.0,6.0,18.0,19.0,34.0,36.0,1.0,8.0
2015,7,14,1,113,30,4,2,9,1,15000000,14.8,14.0,5.0,6.0,11.0,8.0,7.0,12.0,15.0,18.0,15.0,35.0,33.0,18.0,41.0,41.0,44.0,4.0,3.0,3.0,5.0,10.0,9.0,7.0,196.0,67.0,14.0,231.0,14.0,14.0,7.0,13.0,21.0,8.0,18.0,25.0,8.0,16.0,28.0,9.0,19.0,25.0,7.0,14.0,20.0,6.0,7.0,9.0,5.0,7.0,10.0,1.0,21.0,22.0,43.0,48.0,7.0,9.0
2015,7,17,4,135,47,2,2,16,0,24000000,57.8,17.5,6.0,5.0,6.0,18.0,8.0,7.0,19.0,15.0,18.0,34.0,35.0,33.0,36.0,41.0,41.0,1.0,4.0,3.0,8.0,5.0,10.0,73.0,189.0,24.0,343.0,42.0,35.0,14.0,8.0,13.0,21.0,9.0,19.0,26.0,8.0,16.0,28.0,9.0,19.0,26.0,8.0,14.0,20.0,6.0,7.0,9.0,5.0,7.0,10.0,14.0,20.0,27.0,29.0,44.0,7.0,10.0
2015,7,21,1,134,30,3,3,17,1,30000000,48.0,9.0,1.0,6.0,5.0,21.0,18.0,8.0,22.0,19.0,15.0,43.0,34.0,35.0,48.0,36.0,41.0,7.0,1.0,4.0,9.0,8.0,5.0,70.0,112.0,207.0,301.0,18.0,4.0,14.0,8.0,13.0,21.0,10.0,20.0,26.0,8.0,17.0,29.0,9.0,20.0,27.0,8.0,13.0,20.0,6.0,7.0,9.0,5.0,7.0,10.0,2.0,9.0,21.0,35.0,46.0,2.0,11.0
2015,7,24,4,113,44,2,2,13,1,40000000,37.6,82.0,14.0,1.0,6.0,20.0,21.0,18.0,27.0,22.0,19.0,29.0,43.0,34.0,44.0,48.0,36.0,7.0,7.0,1.0,10.0,9.0,8.0,49.0,45.0,192.0,14.0,73.0,112.0,63.0,8.0,12.0,20.0,10.0,19.0,25.0,8.0,18.0,30.0,8.0,20.0,27.0,8.0,13.0,20.0,7.0,8.0,9.0,6.0,7.0,10.0,23.0,32.0,36.0,43.0,49.0,7.0,8.0
2015,7,28,1,183,26,2,4,15,1,15000000,33.0,10.5,2.0,14.0,1.0,9.0,20.0,21.0,21.0,27.0,22.0,35.0,29.0,43.0,46.0,44.0,48.0,2.0,7.0,7.0,11.0,10.0,9.0,144.0,105.0,256.0,11.0,35.0,7.0,14.0,8.0,13.0,19.0,10.0,19.0,24.0,9.0,19.0,30.0,7.0,19.0,27.0,8.0,12.0,20.0,6.0,8.0,9.0,6.0,7.0,10.0,16.0,21.0,34.0,40.0,50.0,6.0,9.0
2015,7,31,4,161,34,4,3,15,1,25000000,51.4,26.0,23.0,2.0,14.0,32.0,9.0,20.0,36.0,21.0,27.0,43.0,35.0,29.0,49.0,46.0,44.0,7.0,2.0,7.0,8.0,11.0,10.0,413.0,14.0,108.0,80.0,115.0,38.0,14.0,8.0,14.0,20.0,9.0,18.0,24.0,9.0,20.0,30.0,7.0,18.0,27.0,8.0,13.0,20.0,6.0,8.0,9.0,5.0,7.0,10.0,10.0,15.0,39.0,45.0,50.0,9.0,10.0
2015,8,4,1,159,40,2,3,19,1,15000000,47.4,9.0,16.0,23.0,2.0,21.0,32.0,9.0,34.0,36.0,21.0,40.0,43.0,35.0,50.0,49.0,46.0,6.0,7.0,2.0,9.0,8.0,11.0,49.0,35.0,119.0,60.0,4.0,158.0,14.0,9.0,14.0,19.0,9.0,18.0,23.0,9.0,21.0,30.0,8.0,17.0,27.0,7.0,13.0,20.0,7.0,9.0,9.0,5.0,7.0,10.0,1.0,5.0,21.0,39.0,44.0,4.0,11.0
2015,8,7,4,110,43,1,2,15,1,24000000,15.2,21.0,10.0,16.0,23.0,15.0,21.0,32.0,39.0,34.0,36.0,45.0,40.0,43.0,50.0,50.0,49.0,9.0,6.0,7.0,10.0,9.0,8.0,21.0,147.0,14.0,126.0,17.0,28.0,14.0,8.0,14.0,18.0,9.0,18.0,23.0,9.0,20.0,30.0,8.0,18.0,27.0,7.0,13.0,20.0,7.0,9.0,9.0,5.0,7.0,10.0,2.0,3.0,8.0,15.0,16.0,4.0,11.0
2015,8,14,4,139,41,2,3,8,0,40000000,22.8,36.5,2.0,1.0,10.0,3.0,5.0,15.0,8.0,21.0,39.0,15.0,39.0,45.0,16.0,44.0,50.0,4.0,4.0,9.0,11.0,11.0,10.0,52.0,38.0,10.0,84.0,84.0,38.0,35.0,8.0,13.0,18.0,9.0,17.0,24.0,8.0,18.0,29.0,9.0,19.0,28.0,8.0,13.0,21.0,7.0,8.0,9.0,5.0,7.0,10.0,7.0,10.0,11.0,12.0,19.0,2.0,9.0
2015,8,21,4,128,43,3,2,16,2,24000000,35.4,19.0,7.0,4.0,2.0,10.0,7.0,3.0,11.0,39.0,8.0,12.0,44.0,15.0,19.0,45.0,16.0,2.0,3.0,4.0,9.0,5.0,11.0,7.0,59.0,45.0,24.0,98.0,21.0,17.0,8.0,12.0,18.0,10.0,17.0,24.0,8.0,17.0,29.0,9.0,19.0,29.0,8.0,15.0,22.0,6.0,8.0,9.0,5.0,6.0,10.0,27.0,31.0,33.0,42.0,50.0,2.0,5.0
2015,8,25,1,183,23,2,5,7,1,30000000,47.8,9.0,4.0,7.0,4.0,16.0,10.0,7.0,18.0,11.0,39.0,43.0,12.0,44.0,47.0,19.0,45.0,6.0,2.0,3.0,10.0,9.0,5.0,144.0,203.0,203.0,126.0,21.0,7.0,11.0,8.0,13.0,18.0,10.0,17.0,25.0,8.0,18.0,30.0,9.0,20.0,28.0,8.0,15.0,21.0,6.0,8.0,9.0,5.0,6.0,10.0,11.0,29.0,30.0,31.0,34.0,4.0,7.0
2015,8,28,4,135,23,2,4,11,1,15000000,36.0,24.0,27.0,4.0,7.0,31.0,16.0,10.0,33.0,18.0,11.0,42.0,43.0,12.0,50.0,47.0,19.0,2.0,6.0,2.0,5.0,10.0,9.0,56.0,108.0,108.0,70.0,80.0,17.0,63.0,9.0,13.0,18.0,10.0,17.0,25.0,9.0,18.0,29.0,9.0,19.0,27.0,8.0,15.0,21.0,6.0,8.0,9.0,6.0,6.0,10.0,6.0,19.0,21.0,27.0,45.0,1.0,8.0
2015,9,1,1,118,39,1,2,9,1,15000000,22.6,42.0,11.0,27.0,4.0,29.0,31.0,16.0,30.0,33.0,18.0,31.0,42.0,43.0,34.0,50.0,47.0,4.0,2.0,6.0,7.0,5.0,10.0,49.0,123.0,25.0,413.0,18.0,49.0,35.0,9.0,13.0,18.0,10.0,18.0,25.0,8.0,18.0,28.0,10.0,20.0,28.0,7.0,15.0,20.0,6.0,8.0,9.0,6.0,6.0,10.0,8.0,9.0,27.0,45.0,50.0,8.0,10.0
2015,9,4,4,139,42,2,3,18,2,24000000,16.4,8.5,6.0,11.0,27.0,19.0,29.0,31.0,21.0,30.0,33.0,27.0,31.0,42.0,45.0,34.0,50.0,1.0,4.0,2.0,8.0,7.0,5.0,157.0,42.0,45.0,31.0,10.0,108.0,14.0,9.0,14.0,18.0,10.0,18.0,25.0,8.0,17.0,28.0,9.0,19.0,27.0,7.0,15.0,19.0,7.0,9.0,9.0,6.0,6.0,9.0,14.0,16.0,39.0,40.0,42.0,1.0,4.0
2015,9,8,1,151,28,4,3,5,1,30000000,29.0,9.0,8.0,6.0,11.0,9.0,19.0,29.0,27.0,21.0,30.0,45.0,27.0,31.0,50.0,45.0,34.0,8.0,1.0,4.0,10.0,8.0,7.0,49.0,18.0,25.0,39.0,81.0,7.0,158.0,9.0,14.0,18.0,9.0,18.0,25.0,8.0,17.0,28.0,10.0,18.0,27.0,8.0,15.0,19.0,6.0,9.0,9.0,7.0,7.0,9.0,10.0,18.0,19.0,29.0,50.0,1.0,9.0
2015,9,11,4,126,40,3,2,10,0,15000000,15.2,13.5,14.0,8.0,6.0,16.0,9.0,19.0,39.0,27.0,21.0,40.0,45.0,27.0,42.0,50.0,45.0,1.0,8.0,1.0,4.0,10.0,8.0,38.0,59.0,59.0,52.0,7.0,3.0,24.0,9.0,14.0,18.0,9.0,18.0,25.0,9.0,16.0,28.0,10.0,17.0,27.0,7.0,15.0,19.0,6.0,9.0,9.0,7.0,7.0,9.0,8.0,15.0,17.0,44.0,49.0,5.0,8.0
2015,9,15,1,133,41,2,2,13,1,21000000,45.0,16.0,10.0,14.0,8.0,18.0,16.0,9.0,19.0,39.0,27.0,29.0,40.0,45.0,50.0,42.0,50.0,1.0,1.0,8.0,9.0,4.0,10.0,11.0,42.0,98.0,32.0,49.0,81.0,14.0,8.0,14.0,18.0,9.0,17.0,25.0,9.0,16.0,27.0,9.0,17.0,27.0,7.0,15.0,19.0,7.0,9.0,9.0,6.0,7.0,9.0,7.0,29.0,33.0,34.0,39.0,7.0,8.0
2015,9,18,4,142,32,1,4,15,1,30000000,18.6,12.0,8.0,10.0,14.0,15.0,18.0,16.0,17.0,19.0,39.0,44.0,29.0,40.0,49.0,50.0,42.0,5.0,1.0,1.0,8.0,9.0,4.0,31.0,21.0,24.0,66.0,154.0,52.0,3.0,8.0,14.0,18.0,8.0,17.0,25.0,9.0,16.0,26.0,10.0,16.0,27.0,8.0,16.0,19.0,7.0,9.0,9.0,6.0,7.0,9.0,14.0,23.0,26.0,27.0,29.0,7.0,10.0
2015,9,22,1,119,15,2,3,17,1,37000000,43.6,11.0,7.0,8.0,10.0,29.0,15.0,18.0,33.0,17.0,19.0,34.0,44.0,29.0,39.0,49.0,50.0,7.0,5.0,1.0,8.0,8.0,9.0,14.0,112.0,182.0,21.0,620.0,4.0,18.0,8.0,13.0,18.0,8.0,17.0,25.0,9.0,16.0,26.0,9.0,15.0,26.0,8.0,16.0,20.0,7.0,9.0,9.0,6.0,7.0,9.0,13.0,14.0,23.0,30.0,37.0,2.0,8.0
2015,9,25,4,117,24,2,2,10,2,47000000,65.4,19.0,14.0,7.0,8.0,23.0,29.0,15.0,26.0,33.0,17.0,27.0,34.0,44.0,29.0,39.0,49.0,7.0,7.0,5.0,10.0,8.0,8.0,227.0,98.0,199.0,168.0,87.0,31.0,7.0,8.0,14.0,19.0,9.0,18.0,25.0,9.0,16.0,26.0,9.0,16.0,26.0,8.0,16.0,20.0,6.0,9.0,9.0,6.0,7.0,9.0,11.0,14.0,26.0,29.0,49.0,3.0,9.0
2015,9,29,1,129,38,2,3,12,0,15000000,12.8,32.0,13.0,14.0,7.0,14.0,23.0,29.0,23.0,26.0,33.0,30.0,27.0,34.0,37.0,29.0,39.0,2.0,7.0,7.0,8.0,10.0,8.0,32.0,4.0,7.0,18.0,14.0,46.0,18.0,7.0,14.0,19.0,8.0,17.0,24.0,9.0,16.0,26.0,8.0,15.0,26.0,8.0,16.0,20.0,7.0,9.0,9.0,5.0,7.0,9.0,7.0,18.0,21.0,32.0,35.0,2.0,11.0
2015,10,2,4,113,28,2,2,13,1,15000000,40.4,29.5,11.0,13.0,14.0,14.0,14.0,23.0,26.0,23.0,26.0,29.0,30.0,27.0,49.0,37.0,29.0,3.0,2.0,7.0,9.0,8.0,10.0,14.0,21.0,31.0,115.0,374.0,7.0,52.0,7.0,14.0,18.0,8.0,17.0,24.0,8.0,16.0,25.0,8.0,15.0,26.0,8.0,17.0,20.0,6.0,9.0,9.0,5.0,7.0,9.0,11.0,20.0,22.0,29.0,32.0,1.0,8.0
2015,10,6,1,114,21,3,2,9,1,15000000,35.2,18.0,7.0,11.0,13.0,18.0,14.0,14.0,21.0,26.0,23.0,32.0,29.0,30.0,35.0,49.0,37.0,2.0,3.0,2.0,11.0,9.0,8.0,7.0,77.0,81.0,7.0,357.0,25.0,11.0,6.0,13.0,18.0,8.0,16.0,24.0,9.0,15.0,25.0,8.0,15.0,26.0,8.0,17.0,21.0,6.0,9.0,9.0,5.0,7.0,8.0,1.0,40.0,42.0,43.0,47.0,9.0,11.0
2015,10,9,4,173,46,2,4,20,0,24000000,44.6,8.5,11.0,7.0,11.0,20.0,18.0,14.0,22.0,21.0,26.0,29.0,32.0,29.0,32.0,35.0,49.0,1.0,2.0,3.0,8.0,11.0,9.0,63.0,2982.0,147.0,49.0,49.0,66.0,7.0,7.0,13.0,18.0,8.0,17.0,25.0,9.0,16.0,25.0,8.0,15.0,26.0,9.0,16.0,21.0,6.0,9.0,9.0,5.0,7.0,8.0,12.0,15.0,26.0,29.0,47.0,3.0,11.0
2015,10,13,1,129,35,2,3,14,0,30000000,21.8,9.0,1.0,11.0,7.0,40.0,20.0,18.0,42.0,22.0,21.0,43.0,29.0,32.0,47.0,32.0,35.0,9.0,1.0,2.0,11.0,8.0,11.0,242.0,28.0,14.0,7.0,4.0,14.0,4.0,8.0,14.0,19.0,7.0,17.0,25.0,8.0,16.0,25.0,7.0,15.0,26.0,8.0,15.0,21.0,6.0,9.0,9.0,4.0,7.0,8.0,7.0,28.0,29.0,43.0,48.0,3.0,10.0
2015,10,16,4,155,41,2,4,13,1,15000000,44.6,13.5,12.0,1.0,11.0,15.0,40.0,20.0,26.0,42.0,22.0,29.0,43.0,29.0,47.0,47.0,32.0,3.0,9.0,1.0,11.0,11.0,8.0,14.0,707.0,136.0,7.0,91.0,3.0,24.0,7.0,14.0,19.0,8.0,18.0,26.0,8.0,17.0,25.0,7.0,15.0,26.0,8.0,16.0,20.0,6.0,9.0,9.0,4.0,7.0,8.0,17.0,19.0,21.0,30.0,45.0,8.0,10.0
2015,10,20,1,132,28,1,2,18,2,21000000,32.6,9.0,7.0,12.0,1.0,28.0,15.0,40.0,29.0,26.0,42.0,43.0,29.0,43.0,48.0,47.0,47.0,3.0,3.0,9.0,10.0,11.0,11.0,259.0,49.0,18.0,25.0,49.0,46.0,4.0,7.0,15.0,19.0,9.0,18.0,25.0,7.0,17.0,25.0,6.0,14.0,26.0,9.0,15.0,20.0,6.0,9.0,9.0,4.0,7.0,8.0,7.0,25.0,30.0,32.0,39.0,2.0,8.0
2015,10,23,4,133,32,2,3,10,2,30000000,47.4,12.0,17.0,7.0,12.0,19.0,28.0,15.0,21.0,29.0,26.0,30.0,43.0,29.0,45.0,48.0,47.0,8.0,3.0,3.0,10.0,10.0,11.0,7.0,199.0,56.0,21.0,35.0,21.0,17.0,7.0,14.0,19.0,9.0,18.0,26.0,7.0,16.0,25.0,5.0,14.0,25.0,9.0,15.0,19.0,6.0,9.0,9.0,4.0,7.0,8.0,11.0,12.0,20.0,25.0,36.0,6.0,9.0
2015,10,27,1,104,25,3,1,15,1,37000000,30.2,42.5,7.0,17.0,7.0,25.0,19.0,28.0,30.0,21.0,29.0,32.0,30.0,43.0,39.0,45.0,48.0,2.0,8.0,3.0,8.0,10.0,10.0,21.0,116.0,130.0,179.0,105.0,67.0,28.0,6.0,13.0,19.0,9.0,18.0,26.0,8.0,16.0,25.0,5.0,15.0,25.0,9.0,16.0,19.0,6.0,9.0,9.0,4.0,7.0,8.0,8.0,13.0,17.0,21.0,34.0,6.0,7.0
2015,10,30,4,93,26,2,1,13,1,47000000,28.4,20.5,11.0,7.0,17.0,12.0,25.0,19.0,20.0,30.0,21.0,25.0,32.0,30.0,36.0,39.0,45.0,6.0,2.0,8.0,9.0,8.0,10.0,45.0,273.0,45.0,157.0,63.0,3.0,63.0,6.0,13.0,19.0,10.0,19.0,27.0,8.0,16.0,25.0,6.0,16.0,24.0,9.0,16.0,19.0,6.0,9.0,9.0,5.0,7.0,8.0,8.0,27.0,39.0,46.0,49.0,2.0,6.0
2015,11,3,1,169,41,2,4,8,2,54000000,38.8,7.5,8.0,11.0,7.0,13.0,12.0,25.0,17.0,20.0,30.0,21.0,25.0,32.0,34.0,36.0,39.0,6.0,6.0,2.0,7.0,9.0,8.0,4.0,403.0,56.0,403.0,35.0,11.0,161.0,6.0,13.0,19.0,10.0,19.0,28.0,9.0,16.0,25.0,7.0,16.0,25.0,9.0,15.0,19.0,6.0,9.0,9.0,6.0,8.0,8.0,3.0,17.0,26.0,38.0,40.0,4.0,10.0
2015,11,6,4,124,37,3,3,14,2,100000000,56.4,38.0,8.0,8.0,11.0,27.0,13.0,12.0,39.0,17.0,20.0,46.0,21.0,25.0,49.0,34.0,36.0,2.0,6.0,6.0,6.0,7.0,9.0,133.0,269.0,24.0,136.0,196.0,70.0,17.0,7.0,13.0,19.0,10.0,19.0,28.0,9.0,15.0,25.0,8.0,16.0,25.0,9.0,15.0,20.0,7.0,9.0,9.0,6.0,8.0,8.0,6.0,13.0,18.0,39.0,43.0,2.0,8.0
2015,11,10,1,119,37,2,2,10,2,111000000,30.4,12.5,3.0,8.0,8.0,17.0,27.0,13.0,26.0,39.0,17.0,38.0,46.0,21.0,40.0,49.0,34.0,4.0,2.0,6.0,10.0,6.0,7.0,70.0,11.0,81.0,95.0,214.0,7.0,18.0,8.0,13.0,18.0,9.0,18.0,27.0,9.0,15.0,24.0,9.0,17.0,25.0,9.0,16.0,21.0,6.0,9.0,9.0,6.0,8.0,8.0,10.0,17.0,18.0,33.0,40.0,2.0,8.0
2015,11,13,4,118,30,3,2,10,2,129000000,27.2,3.0,6.0,3.0,8.0,13.0,17.0,27.0,18.0,26.0,39.0,39.0,38.0,46.0,43.0,40.0,49.0,2.0,4.0,2.0,8.0,10.0,6.0,63.0,7.0,3.0,129.0,7.0,3.0,3.0,8.0,13.0,17.0,8.0,17.0,26.0,8.0,14.0,23.0,10.0,17.0,25.0,9.0,15.0,21.0,5.0,9.0,9.0,6.0,8.0,8.0,6.0,7.0,23.0,37.0,38.0,10.0,11.0
2015,11,17,1,111,32,2,2,21,1,144000000,29.8,23.0,10.0,6.0,3.0,17.0,13.0,17.0,18.0,18.0,26.0,33.0,39.0,38.0,40.0,43.0,40.0,2.0,2.0,4.0,8.0,8.0,10.0,7.0,95.0,53.0,168.0,364.0,592.0,35.0,7.0,12.0,17.0,8.0,18.0,26.0,9.0,14.0,22.0,10.0,18.0,25.0,9.0,16.0,22.0,6.0,10.0,10.0,6.0,8.0,8.0,4.0,30.0,34.0,46.0,49.0,7.0,8.0
2015,11,20,4,163,45,4,4,15,1,162000000,34.8,14.0,6.0,10.0,6.0,7.0,17.0,13.0,23.0,18.0,18.0,37.0,33.0,39.0,38.0,40.0,43.0,10.0,2.0,2.0,11.0,8.0,8.0,91.0,185.0,112.0,17.0,17.0,59.0,7.0,8.0,12.0,17.0,8.0,18.0,26.0,9.0,15.0,22.0,9.0,17.0,25.0,8.0,16.0,22.0,6.0,10.0,10.0,6.0,7.0,8.0,9.0,14.0,16.0,17.0,26.0,10.0,11.0
2015,11,24,1,82,17,3,1,21,1,15000000,48.6,7.0,4.0,6.0,10.0,30.0,7.0,17.0,34.0,23.0,18.0,46.0,37.0,33.0,49.0,38.0,40.0,7.0,10.0,2.0,8.0,11.0,8.0,298.0,56.0,161.0,385.0,207.0,7.0,7.0,8.0,13.0,18.0,8.0,18.0,26.0,9.0,16.0,22.0,9.0,17.0,26.0,8.0,17.0,23.0,5.0,10.0,10.0,6.0,7.0,8.0,16.0,29.0,30.0,37.0,50.0,6.0,8.0
2015,11,27,4,162,34,3,4,14,2,25000000,27.8,15.5,9.0,4.0,6.0,14.0,30.0,7.0,16.0,34.0,23.0,17.0,46.0,37.0,26.0,49.0,38.0,10.0,7.0,10.0,11.0,8.0,11.0,119.0,70.0,35.0,10.0,77.0,28.0,7.0,8.0,14.0,18.0,8.0,18.0,26.0,9.0,16.0,22.0,8.0,17.0,26.0,8.0,17.0,23.0,5.0,10.0,10.0,6.0,7.0,8.0,2.0,15.0,25.0,35.0,45.0,8.0,10.0
2015,12,1,1,122,43,1,2,18,2,32000000,59.6,5.5,16.0,9.0,4.0,29.0,14.0,30.0,30.0,16.0,34.0,37.0,17.0,46.0,50.0,26.0,49.0,6.0,10.0,7.0,8.0,11.0,8.0,112.0,49.0,235.0,130.0,42.0,42.0,25.0,8.0,15.0,18.0,8.0,17.0,26.0,9.0,16.0,23.0,8.0,17.0,26.0,8.0,17.0,23.0,6.0,10.0,10.0,5.0,7.0,8.0,8.0,17.0,18.0,27.0,39.0,1.0,7.0
2015,12,4,4,109,31,2,2,8,0,42000000,23.4,36.5,2.0,16.0,9.0,15.0,29.0,14.0,25.0,30.0,16.0,35.0,37.0,17.0,45.0,50.0,26.0,8.0,6.0,10.0,10.0,8.0,11.0,31.0,21.0,21.0,73.0,42.0,59.0,35.0,8.0,15.0,18.0,8.0,16.0,26.0,8.0,16.0,23.0,8.0,16.0,25.0,8.0,16.0,23.0,7.0,10.0,10.0,5.0,6.0,8.0,12.0,17.0,29.0,38.0,48.0,9.0,11.0
2015,12,8,1,144,36,3,3,20,0,51000000,26.2,28.0,8.0,2.0,16.0,17.0,15.0,29.0,18.0,25.0,30.0,27.0,35.0,37.0,39.0,45.0,50.0,1.0,8.0,6.0,7.0,10.0,8.0,56.0,4.0,53.0,32.0,53.0,60.0,14.0,9.0,15.0,18.0,7.0,16.0,26.0,8.0,15.0,23.0,8.0,16.0,24.0,9.0,16.0,23.0,8.0,10.0,10.0,4.0,6.0,8.0,3.0,5.0,21.0,40.0,43.0,6.0,11.0
2015,12,11,4,112,40,1,2,17,1,62000000,52.4,8.5,12.0,8.0,2.0,17.0,17.0,15.0,29.0,18.0,25.0,38.0,27.0,35.0,48.0,39.0,45.0,9.0,1.0,8.0,11.0,7.0,10.0,35.0,126.0,52.0,94.0,31.0,14.0,3.0,9.0,15.0,18.0,8.0,17.0,26.0,8.0,15.0,23.0,9.0,16.0,24.0,9.0,16.0,23.0,7.0,9.0,10.0,4.0,6.0,8.0,8.0,11.0,23.0,27.0,35.0,4.0,11.0
2015,12,15,1,104,27,1,2,15,1,71000000,22.6,21.5,3.0,12.0,8.0,5.0,17.0,17.0,21.0,29.0,18.0,40.0,38.0,27.0,43.0,48.0,39.0,6.0,9.0,1.0,11.0,11.0,7.0,11.0,515.0,28.0,11.0,74.0,39.0,4.0,9.0,15.0,18.0,8.0,18.0,27.0,8.0,14.0,23.0,8.0,15.0,24.0,10.0,16.0,23.0,8.0,9.0,10.0,4.0,6.0,8.0,6.0,22.0,26.0,29.0,48.0,5.0,6.0
2015,12,18,4,131,42,4,3,11,1,83000000,29.6,50.5,8.0,3.0,12.0,11.0,5.0,17.0,23.0,21.0,29.0,27.0,40.0,38.0,35.0,43.0,48.0,4.0,6.0,9.0,11.0,11.0,11.0,31.0,479.0,42.0,66.0,10.0,94.0,45.0,8.0,14.0,18.0,9.0,18.0,27.0,9.0,14.0,22.0,8.0,15.0,23.0,9.0,15.0,22.0,8.0,10.0,10.0,5.0,6.0,8.0,18.0,19.0,20.0,40.0,41.0,7.0,10.0
2015,12,22,1,138,23,3,2,17,1,15000000,62.6,19.5,6.0,8.0,3.0,22.0,11.0,5.0,26.0,23.0,21.0,29.0,27.0,40.0,48.0,35.0,43.0,5.0,4.0,6.0,6.0,11.0,11.0,214.0,63.0,56.0,11.0,165.0,32.0,21.0,9.0,14.0,19.0,9.0,18.0,27.0,10.0,14.0,21.0,8.0,15.0,23.0,9.0,15.0,22.0,8.0,10.0,10.0,5.0,6.0,8.0,3.0,10.0,25.0,27.0,40.0,3.0,9.0
2015,12,25,4,105,37,2,2,12,0,24000000,18.6,43.5,18.0,6.0,8.0,19.0,22.0,11.0,20.0,26.0,23.0,40.0,29.0,27.0,41.0,48.0,35.0,7.0,5.0,4.0,10.0,6.0,11.0,14.0,129.0,24.0,10.0,42.0,70.0,59.0,8.0,14.0,19.0,9.0,19.0,27.0,9.0,14.0,21.0,7.0,15.0,22.0,9.0,15.0,22.0,9.0,10.0,10.0,6.0,6.0,8.0,5.0,20.0,31.0,32.0,36.0,6.0,7.0
2015,12,29,1,124,31,3,3,13,1,31000000,55.6,9.0,3.0,18.0,6.0,10.0,19.0,22.0,25.0,20.0,26.0,27.0,40.0,29.0,40.0,41.0,48.0,3.0,7.0,5.0,9.0,10.0,6.0,172.0,84.0,224.0,67.0,63.0,18.0,25.0,8.0,15.0,19.0,9.0,18.0,27.0,9.0,15.0,22.0,7.0,15.0,22.0,9.0,15.0,22.0,8.0,10.0,10.0,6.0,6.0,8.0,4.0,37.0,38.0,39.0,44.0,4.0,7.0
2016,1,1,4,162,40,3,4,11,1,41000000,47.4,10.0,5.0,3.0,18.0,20.0,10.0,19.0,31.0,25.0,20.0,32.0,27.0,40.0,36.0,40.0,41.0,6.0,3.0,7.0,7.0,9.0,10.0,42.0,2863.0,665.0,52.0,147.0,17.0,3.0,8.0,15.0,19.0,9.0,19.0,27.0,9.0,15.0,22.0,7.0,15.0,22.0,9.0,15.0,22.0,8.0,10.0,10.0,5.0,6.0,8.0,6.0,10.0,31.0,36.0,39.0,6.0,10.0
2016,1,5,1,122,33,3,3,16,2,49000000,9.4,10.5,4.0,5.0,3.0,37.0,20.0,10.0,38.0,31.0,25.0,39.0,32.0,27.0,44.0,36.0,40.0,4.0,6.0,3.0,7.0,7.0,9.0,18.0,11.0,7.0,203.0,32.0,7.0,14.0,7.0,14.0,19.0,8.0,18.0,27.0,9.0,14.0,22.0,7.0,16.0,23.0,8.0,15.0,22.0,7.0,10.0,10.0,5.0,6.0,8.0,5.0,26.0,33.0,35.0,40.0,3.0,8.0
2016,1,8,4,139,35,2,4,11,1,60000000,25.0,26.0,6.0,4.0,5.0,10.0,37.0,20.0,31.0,38.0,31.0,36.0,39.0,32.0,39.0,44.0,36.0,6.0,4.0,6.0,10.0,7.0,7.0,10.0,255.0,112.0,38.0,14.0,14.0,42.0,7.0,14.0,19.0,9.0,19.0,28.0,9.0,15.0,22.0,8.0,16.0,23.0,8.0,14.0,22.0,6.0,10.0,10.0,6.0,6.0,8.0,1.0,2.0,10.0,30.0,44.0,1.0,8.0
2016,1,12,1,87,43,4,2,9,1,69000000,40.2,21.5,5.0,6.0,4.0,26.0,10.0,37.0,33.0,31.0,38.0,35.0,36.0,39.0,40.0,39.0,44.0,3.0,6.0,4.0,8.0,10.0,7.0,95.0,732.0,200.0,84.0,11.0,39.0,4.0,7.0,15.0,19.0,9.0,19.0,29.0,9.0,16.0,23.0,8.0,15.0,23.0,8.0,14.0,22.0,6.0,10.0,10.0,6.0,6.0,8.0,10.0,19.0,38.0,43.0,46.0,1.0,11.0
2016,1,15,4,156,36,3,3,12,0,81000000,26.4,17.0,1.0,5.0,6.0,2.0,26.0,10.0,10.0,33.0,31.0,30.0,35.0,36.0,44.0,40.0,39.0,1.0,3.0,6.0,8.0,8.0,10.0,63.0,24.0,14.0,91.0,175.0,3.0,31.0,8.0,14.0,19.0,8.0,19.0,29.0,8.0,16.0,23.0,9.0,16.0,23.0,8.0,15.0,22.0,6.0,10.0,10.0,6.0,6.0,8.0,2.0,30.0,38.0,43.0,46.0,2.0,7.0
2016,1,19,1,159,44,4,4,9,1,89000000,5.2,42.5,10.0,1.0,5.0,19.0,2.0,26.0,38.0,10.0,33.0,43.0,30.0,35.0,46.0,44.0,40.0,1.0,1.0,3.0,11.0,8.0,8.0,49.0,60.0,4.0,4.0,4.0,67.0,18.0,8.0,13.0,18.0,8.0,18.0,28.0,7.0,16.0,22.0,9.0,16.0,23.0,7.0,15.0,22.0,7.0,10.0,10.0,6.0,6.0,8.0,10.0,12.0,27.0,30.0,47.0,8.0,9.0
2016,1,22,4,126,37,3,3,17,1,104000000,36.8,19.0,2.0,10.0,1.0,30.0,19.0,2.0,38.0,38.0,10.0,43.0,43.0,30.0,46.0,46.0,44.0,2.0,1.0,1.0,7.0,11.0,8.0,7.0,87.0,140.0,10.0,101.0,52.0,28.0,8.0,12.0,18.0,8.0,18.0,27.0,7.0,17.0,22.0,8.0,15.0,23.0,7.0,16.0,22.0,7.0,10.0,10.0,5.0,6.0,8.0,15.0,24.0,38.0,40.0,48.0,2.0,9.0
2016,1,26,1,165,33,4,3,11,1,115000000,66.8,5.5,10.0,2.0,10.0,12.0,30.0,19.0,27.0,38.0,38.0,30.0,43.0,43.0,47.0,46.0,46.0,8.0,2.0,1.0,9.0,7.0,11.0,371.0,249.0,7.0,35.0,39.0,7.0,4.0,8.0,13.0,19.0,9.0,19.0,28.0,6.0,16.0,22.0,8.0,14.0,23.0,7.0,15.0,22.0,6.0,10.0,10.0,5.0,6.0,8.0,1.0,5.0,23.0,29.0,32.0,1.0,7.0
2016,1,29,4,90,31,1,2,8,0,131000000,31.2,12.0,15.0,10.0,2.0,24.0,12.0,30.0,38.0,27.0,38.0,40.0,30.0,43.0,48.0,47.0,46.0,2.0,8.0,2.0,9.0,9.0,7.0,17.0,49.0,45.0,42.0,115.0,14.0,10.0,7.0,13.0,19.0,10.0,18.0,28.0,6.0,15.0,22.0,8.0,14.0,23.0,8.0,16.0,22.0,6.0,10.0,10.0,5.0,6.0,8.0,6.0,9.0,10.0,21.0,36.0,2.0,6.0
2016,2,2,1,82,30,3,1,8,2,15000000,38.0,17.5,1.0,15.0,10.0,5.0,24.0,12.0,23.0,38.0,27.0,29.0,40.0,30.0,32.0,48.0,47.0,1.0,2.0,8.0,7.0,9.0,9.0,28.0,151.0,21.0,95.0,35.0,7.0,46.0,7.0,13.0,19.0,10.0,19.0,27.0,6.0,15.0,21.0,8.0,15.0,22.0,8.0,16.0,21.0,6.0,10.0,10.0,6.0,6.0,8.0,3.0,27.0,32.0,41.0,46.0,4.0,8.0
2016,2,5,4,149,43,2,4,12,2,15000000,25.0,24.5,6.0,1.0,15.0,9.0,5.0,24.0,10.0,23.0,38.0,21.0,29.0,40.0,36.0,32.0,48.0,2.0,1.0,2.0,6.0,7.0,9.0,42.0,94.0,315.0,567.0,17.0,35.0,24.0,7.0,13.0,19.0,10.0,19.0,27.0,7.0,16.0,22.0,8.0,16.0,23.0,8.0,16.0,21.0,6.0,10.0,10.0,6.0,6.0,8.0,6.0,9.0,13.0,28.0,37.0,4.0,5.0
2016,2,9,1,93,31,2,2,9,1,21000000,52.0,28.5,3.0,6.0,1.0,27.0,9.0,5.0,32.0,10.0,23.0,41.0,21.0,29.0,46.0,36.0,32.0,4.0,2.0,1.0,8.0,6.0,7.0,7.0,7.0,462.0,315.0,137.0,4.0,168.0,7.0,13.0,19.0,9.0,19.0,27.0,7.0,17.0,22.0,8.0,16.0,23.0,8.0,17.0,20.0,5.0,10.0,10.0,6.0,7.0,8.0,3.0,20.0,28.0,31.0,49.0,2.0,5.0
2016,2,12,4,131,46,2,3,7,1,32000000,35.4,6.5,6.0,3.0,6.0,9.0,27.0,9.0,13.0,32.0,10.0,28.0,41.0,21.0,37.0,46.0,36.0,4.0,4.0,2.0,5.0,8.0,6.0,7.0,45.0,227.0,168.0,84.0,10.0,3.0,6.0,13.0,19.0,9.0,18.0,27.0,7.0,18.0,23.0,8.0,17.0,23.0,8.0,16.0,20.0,4.0,10.0,10.0,6.0,7.0,8.0,3.0,10.0,22.0,37.0,50.0,6.0,10.0
2016,2,16,1,122,47,3,2,16,2,15000000,33.2,28.0,3.0,6.0,3.0,20.0,9.0,27.0,28.0,13.0,32.0,31.0,28.0,41.0,49.0,37.0,46.0,2.0,4.0,4.0,5.0,5.0,8.0,4.0,42.0,133.0,81.0,81.0,42.0,42.0,6.0,13.0,18.0,9.0,18.0,26.0,8.0,18.0,23.0,9.0,16.0,22.0,8.0,16.0,20.0,5.0,10.0,10.0,7.0,7.0,8.0,13.0,14.0,30.0,32.0,39.0,3.0,9.0
2016,2,19,4,128,26,3,3,12,0,24000000,36.8,33.0,3.0,3.0,6.0,10.0,20.0,9.0,22.0,28.0,13.0,37.0,31.0,28.0,50.0,49.0,37.0,6.0,2.0,4.0,10.0,5.0,5.0,147.0,87.0,84.0,52.0,45.0,42.0,24.0,7.0,13.0,18.0,9.0,18.0,26.0,9.0,17.0,23.0,10.0,15.0,22.0,9.0,15.0,20.0,6.0,9.0,10.0,6.0,7.0,8.0,23.0,25.0,32.0,37.0,42.0,1.0,11.0
2016,2,23,1,159,19,2,3,12,0,31000000,46.6,32.0,13.0,3.0,3.0,14.0,10.0,20.0,30.0,22.0,28.0,32.0,37.0,31.0,39.0,50.0,49.0,3.0,6.0,2.0,9.0,10.0,5.0,210.0,123.0,18.0,7.0,168.0,25.0,39.0,7.0,13.0,19.0,9.0,18.0,26.0,9.0,17.0,23.0,9.0,15.0,22.0,10.0,16.0,20.0,6.0,9.0,10.0,7.0,7.0,8.0,5.0,13.0,15.0,33.0,50.0,9.0,11.0
2016,2,26,4,116,45,1,2,20,0,15000000,25.0,5.0,23.0,13.0,3.0,25.0,14.0,10.0,32.0,30.0,22.0,37.0,32.0,37.0,42.0,39.0,50.0,1.0,3.0,6.0,11.0,9.0,10.0,49.0,108.0,231.0,105.0,10.0,80.0,3.0,7.0,13.0,19.0,9.0,18.0,26.0,9.0,18.0,24.0,9.0,16.0,21.0,9.0,15.0,20.0,6.0,9.0,10.0,7.0,7.0,8.0,4.0,7.0,13.0,28.0,37.0,10.0,11.0
2016,3,1,1,89,33,2,2,21,1,15000000,38.8,9.0,5.0,23.0,13.0,13.0,25.0,14.0,15.0,32.0,30.0,33.0,37.0,32.0,50.0,42.0,39.0,9.0,1.0,3.0,11.0,11.0,9.0,60.0,105.0,21.0,21.0,21.0,98.0,4.0,7.0,13.0,19.0,9.0,19.0,25.0,8.0,17.0,24.0,8.0,16.0,21.0,8.0,15.0,20.0,7.0,10.0,10.0,7.0,7.0,7.0,9.0,14.0,16.0,23.0,40.0,1.0,5.0
2016,3,4,4,102,31,3,1,6,0,25000000,36.8,15.5,4.0,5.0,23.0,7.0,13.0,25.0,13.0,15.0,32.0,28.0,33.0,37.0,37.0,50.0,42.0,10.0,9.0,1.0,11.0,11.0,11.0,101.0,14.0,101.0,462.0,56.0,10.0,21.0,7.0,13.0,19.0,8.0,18.0,25.0,8.0,17.0,23.0,8.0,16.0,22.0,8.0,15.0,20.0,7.0,10.0,10.0,6.0,7.0,7.0,1.0,8.0,9.0,14.0,23.0,1.0,7.0
2016,3,8,1,55,22,2,0,8,0,31000000,27.0,21.5,9.0,4.0,5.0,14.0,7.0,13.0,16.0,13.0,15.0,23.0,28.0,33.0,40.0,37.0,50.0,1.0,10.0,9.0,5.0,11.0,11.0,39.0,242.0,942.0,952.0,361.0,4.0,39.0,8.0,13.0,19.0,9.0,19.0,26.0,8.0,17.0,24.0,8.0,17.0,22.0,8.0,15.0,21.0,7.0,10.0,10.0,6.0,7.0,7.0,1.0,21.0,26.0,40.0,43.0,6.0,9.0
2016,3,11,4,131,42,2,3,15,1,41000000,32.6,19.0,1.0,9.0,4.0,8.0,14.0,7.0,9.0,16.0,13.0,14.0,23.0,28.0,23.0,40.0,37.0,1.0,1.0,10.0,7.0,5.0,11.0,3.0,224.0,84.0,45.0,91.0,24.0,21.0,8.0,12.0,19.0,9.0,19.0,27.0,9.0,17.0,24.0,8.0,17.0,21.0,8.0,15.0,21.0,7.0,10.0,10.0,5.0,7.0,7.0,5.0,7.0,10.0,34.0,44.0,2.0,10.0
2016,3,15,1,100,39,3,2,12,2,49000000,47.8,23.0,1.0,1.0,9.0,21.0,8.0,14.0,26.0,9.0,16.0,40.0,14.0,23.0,43.0,23.0,40.0,6.0,1.0,1.0,9.0,7.0,5.0,18.0,14.0,42.0,179.0,63.0,32.0,28.0,7.0,12.0,18.0,8.0,18.0,26.0,10.0,17.0,24.0,9.0,18.0,22.0,9.0,15.0,20.0,6.0,9.0,10.0,5.0,7.0,7.0,14.0,19.0,21.0,24.0,49.0,5.0,11.0
2016,3,18,4,127,35,2,1,16,0,60000000,33.4,15.5,5.0,1.0,1.0,7.0,21.0,8.0,10.0,26.0,9.0,34.0,40.0,14.0,44.0,43.0,23.0,2.0,6.0,1.0,10.0,9.0,7.0,178.0,63.0,98.0,556.0,35.0,91.0,17.0,8.0,12.0,19.0,8.0,18.0,26.0,10.0,17.0,24.0,9.0,19.0,23.0,9.0,14.0,20.0,7.0,9.0,10.0,5.0,7.0,7.0,12.0,15.0,26.0,42.0,49.0,5.0,8.0
2016,3,22,1,144,37,3,3,13,1,15000000,25.6,25.0,14.0,5.0,1.0,19.0,7.0,21.0,21.0,10.0,26.0,24.0,34.0,40.0,49.0,44.0,43.0,5.0,2.0,6.0,11.0,10.0,9.0,105.0,112.0,11.0,210.0,4.0,4.0,46.0,8.0,13.0,19.0,8.0,19.0,26.0,9.0,16.0,24.0,10.0,19.0,24.0,9.0,14.0,20.0,7.0,9.0,10.0,6.0,7.0,7.0,12.0,19.0,36.0,42.0,43.0,5.0,8.0
2016,3,25,4,152,31,3,3,13,1,24000000,15.8,3.0,12.0,14.0,5.0,15.0,19.0,7.0,26.0,21.0,10.0,42.0,24.0,34.0,49.0,49.0,44.0,5.0,5.0,2.0,8.0,11.0,10.0,3.0,7.0,241.0,3.0,14.0,3.0,3.0,7.0,13.0,19.0,8.0,19.0,25.0,9.0,17.0,25.0,9.0,19.0,24.0,8.0,14.0,20.0,6.0,9.0,10.0,6.0,7.0,7.0,1.0,4.0,19.0,25.0,36.0,3.0,11.0
2016,3,29,1,85,35,2,1,14,0,30000000,17.8,25.0,12.0,12.0,14.0,19.0,15.0,19.0,36.0,26.0,21.0,42.0,42.0,24.0,43.0,49.0,49.0,5.0,5.0,5.0,8.0,8.0,11.0,18.0,305.0,200.0,154.0,56.0,39.0,11.0,6.0,13.0,19.0,8.0,19.0,26.0,9.0,18.0,26.0,9.0,19.0,24.0,8.0,14.0,20.0,7.0,9.0,10.0,6.0,7.0,7.0,2.0,16.0,23.0,25.0,49.0,6.0,9.0
2016,4,1,4,115,47,2,1,15,1,39000000,27.6,21.0,1.0,12.0,12.0,4.0,19.0,15.0,19.0,36.0,26.0,25.0,42.0,42.0,36.0,43.0,49.0,3.0,5.0,5.0,11.0,8.0,8.0,73.0,206.0,63.0,3.0,10.0,21.0,21.0,7.0,13.0,19.0,8.0,20.0,26.0,9.0,17.0,25.0,8.0,18.0,24.0,7.0,14.0,20.0,6.0,9.0,10.0,6.0,7.0,7.0,3.0,5.0,9.0,19.0,40.0,2.0,5.0
2016,4,5,1,76,37,1,1,7,1,46000000,26.0,16.0,2.0,1.0,12.0,16.0,4.0,19.0,23.0,19.0,36.0,25.0,25.0,42.0,49.0,36.0,43.0,6.0,3.0,5.0,9.0,11.0,8.0,49.0,67.0,28.0,284.0,32.0,21.0,32.0,7.0,13.0,19.0,9.0,19.0,26.0,8.0,16.0,25.0,8.0,18.0,25.0,6.0,14.0,20.0,5.0,9.0,10.0,6.0,7.0,7.0,6.0,8.0,26.0,43.0,49.0,6.0,10.0
2016,4,8,4,132,43,3,3,16,2,57000000,25.6,15.5,3.0,2.0,1.0,5.0,16.0,4.0,9.0,23.0,19.0,19.0,25.0,25.0,40.0,49.0,36.0,2.0,6.0,3.0,5.0,9.0,11.0,59.0,31.0,17.0,80.0,7.0,7.0,24.0,7.0,13.0,19.0,8.0,18.0,25.0,7.0,16.0,25.0,8.0,18.0,25.0,6.0,14.0,20.0,5.0,9.0,10.0,6.0,7.0,7.0,1.0,5.0,9.0,22.0,38.0,2.0,10.0
2016,4,12,1,75,37,2,1,12,2,64000000,32.2,5.5,6.0,3.0,2.0,8.0,5.0,16.0,26.0,9.0,23.0,43.0,19.0,25.0,49.0,40.0,49.0,6.0,2.0,6.0,10.0,5.0,9.0,14.0,7.0,7.0,396.0,147.0,7.0,4.0,7.0,13.0,18.0,8.0,18.0,25.0,7.0,16.0,25.0,8.0,19.0,26.0,6.0,15.0,20.0,4.0,9.0,10.0,5.0,7.0,7.0,13.0,14.0,32.0,37.0,48.0,1.0,7.0
2016,4,15,4,144,35,3,3,8,0,15000000,50.0,38.0,1.0,6.0,3.0,5.0,8.0,5.0,9.0,26.0,9.0,22.0,43.0,19.0,38.0,49.0,40.0,2.0,6.0,2.0,10.0,10.0,5.0,56.0,42.0,52.0,52.0,80.0,38.0,38.0,8.0,13.0,17.0,8.0,17.0,25.0,8.0,16.0,25.0,8.0,19.0,26.0,7.0,15.0,20.0,5.0,9.0,10.0,6.0,7.0,7.0,11.0,14.0,15.0,27.0,44.0,2.0,7.0
2016,4,19,1,111,33,2,2,9,1,21000000,53.4,5.5,13.0,1.0,6.0,14.0,5.0,8.0,32.0,9.0,26.0,37.0,22.0,43.0,48.0,38.0,49.0,1.0,2.0,6.0,7.0,10.0,10.0,175.0,4.0,53.0,116.0,35.0,7.0,4.0,8.0,13.0,17.0,7.0,16.0,25.0,8.0,15.0,25.0,8.0,19.0,26.0,7.0,14.0,20.0,5.0,8.0,10.0,6.0,7.0,7.0,17.0,26.0,32.0,34.0,43.0,2.0,10.0
2016,4,22,4,152,26,3,4,12,2,30000000,41.8,6.5,11.0,13.0,1.0,14.0,14.0,5.0,15.0,32.0,9.0,27.0,37.0,22.0,44.0,48.0,38.0,2.0,1.0,2.0,7.0,7.0,10.0,185.0,105.0,7.0,38.0,28.0,3.0,10.0,8.0,13.0,18.0,8.0,16.0,25.0,7.0,14.0,24.0,8.0,19.0,26.0,7.0,14.0,19.0,5.0,8.0,10.0,6.0,7.0,7.0,10.0,17.0,31.0,32.0,42.0,2.0,5.0
2016,4,26,1,132,32,3,3,7,1,37000000,31.2,12.5,17.0,11.0,13.0,26.0,14.0,14.0,32.0,15.0,32.0,34.0,27.0,37.0,43.0,44.0,48.0,2.0,2.0,1.0,10.0,7.0,7.0,95.0,140.0,112.0,67.0,63.0,4.0,21.0,9.0,14.0,18.0,8.0,17.0,25.0,8.0,15.0,23.0,9.0,18.0,26.0,8.0,13.0,19.0,5.0,8.0,10.0,6.0,7.0,7.0,4.0,5.0,25.0,28.0,43.0,6.0,11.0
2016,4,29,4,105,39,2,2,17,1,47000000,28.4,26.0,10.0,17.0,11.0,17.0,26.0,14.0,31.0,32.0,15.0,32.0,34.0,27.0,42.0,43.0,44.0,2.0,2.0,2.0,5.0,10.0,7.0,59.0,17.0,126.0,59.0,7.0,21.0,31.0,9.0,14.0,18.0,7.0,17.0,25.0,8.0,16.0,23.0,9.0,17.0,26.0,8.0,13.0,19.0,4.0,8.0,10.0,5.0,6.0,7.0,8.0,23.0,24.0,34.0,38.0,3.0,7.0
2016,5,3,1,127,30,4,2,10,0,54000000,27.0,24.5,4.0,10.0,17.0,5.0,17.0,26.0,25.0,31.0,32.0,28.0,32.0,34.0,43.0,42.0,43.0,6.0,2.0,2.0,11.0,5.0,10.0,140.0,224.0,399.0,11.0,21.0,35.0,14.0,10.0,15.0,18.0,7.0,17.0,26.0,8.0,17.0,24.0,9.0,16.0,26.0,7.0,12.0,19.0,4.0,8.0,10.0,5.0,6.0,7.0,32.0,34.0,40.0,45.0,48.0,1.0,10.0
2016,5,6,4,199,16,4,5,11,1,65000000,44.4,17.5,8.0,4.0,10.0,23.0,5.0,17.0,24.0,25.0,31.0,34.0,28.0,32.0,38.0,43.0,42.0,3.0,6.0,2.0,7.0,11.0,5.0,2660.0,1372.0,567.0,245.0,21.0,21.0,14.0,10.0,16.0,19.0,7.0,17.0,27.0,8.0,18.0,25.0,9.0,17.0,27.0,7.0,12.0,19.0,4.0,7.0,10.0,4.0,6.0,7.0,2.0,26.0,27.0,40.0,49.0,5.0,10.0
2016,5,10,1,144,47,3,4,15,1,73000000,22.8,9.0,32.0,8.0,4.0,34.0,23.0,5.0,40.0,24.0,25.0,45.0,34.0,28.0,48.0,38.0,43.0,1.0,3.0,6.0,10.0,7.0,11.0,39.0,18.0,109.0,60.0,32.0,46.0,4.0,10.0,16.0,19.0,7.0,16.0,27.0,9.0,18.0,25.0,9.0,16.0,27.0,6.0,12.0,19.0,5.0,7.0,10.0,4.0,6.0,7.0,7.0,15.0,28.0,31.0,42.0,10.0,11.0
2016,5,13,4,123,35,2,3,21,1,15000000,26.2,8.5,2.0,32.0,8.0,26.0,34.0,23.0,27.0,40.0,24.0,40.0,45.0,34.0,49.0,48.0,38.0,5.0,1.0,3.0,10.0,10.0,7.0,203.0,52.0,91.0,91.0,17.0,73.0,14.0,10.0,17.0,20.0,7.0,15.0,27.0,9.0,18.0,24.0,9.0,17.0,26.0,6.0,12.0,19.0,6.0,7.0,10.0,4.0,6.0,7.0,15.0,27.0,32.0,36.0,39.0,3.0,10.0
2016,5,17,1,149,24,2,4,13,1,21000000,31.8,9.0,7.0,2.0,32.0,15.0,26.0,34.0,28.0,27.0,40.0,31.0,40.0,45.0,42.0,49.0,48.0,10.0,5.0,1.0,11.0,10.0,10.0,112.0,102.0,25.0,133.0,88.0,14.0,7.0,10.0,18.0,20.0,8.0,16.0,27.0,8.0,17.0,24.0,9.0,18.0,25.0,7.0,12.0,18.0,6.0,7.0,10.0,4.0,6.0,7.0,9.0,14.0,30.0,41.0,45.0,4.0,9.0
2016,5,20,4,139,36,2,3,13,1,30000000,55.8,75.0,15.0,7.0,2.0,27.0,15.0,26.0,32.0,28.0,27.0,36.0,31.0,40.0,39.0,42.0,49.0,3.0,10.0,5.0,10.0,11.0,10.0,77.0,31.0,91.0,105.0,171.0,101.0,49.0,10.0,17.0,19.0,8.0,15.0,26.0,9.0,18.0,24.0,9.0,19.0,25.0,8.0,13.0,18.0,7.0,8.0,10.0,5.0,6.0,7.0,16.0,17.0,23.0,34.0,37.0,6.0,9.0
2016,5,24,1,127,21,2,2,15,1,37000000,31.8,14.5,9.0,15.0,7.0,14.0,27.0,15.0,30.0,32.0,28.0,41.0,36.0,31.0,45.0,39.0,42.0,4.0,3.0,10.0,9.0,10.0,11.0,179.0,28.0,53.0,21.0,84.0,25.0,4.0,10.0,18.0,20.0,8.0,14.0,26.0,9.0,18.0,24.0,8.0,18.0,25.0,8.0,12.0,18.0,7.0,7.0,10.0,5.0,6.0,7.0,13.0,25.0,27.0,43.0,46.0,4.0,8.0
2016,5,27,4,154,33,1,3,12,2,47000000,44.0,35.0,16.0,9.0,15.0,17.0,14.0,27.0,23.0,30.0,32.0,34.0,41.0,36.0,37.0,45.0,39.0,6.0,4.0,3.0,9.0,9.0,10.0,42.0,94.0,17.0,49.0,112.0,7.0,63.0,10.0,18.0,20.0,9.0,15.0,26.0,9.0,17.0,23.0,9.0,18.0,25.0,9.0,13.0,18.0,7.0,7.0,10.0,6.0,6.0,7.0,6.0,12.0,26.0,30.0,48.0,6.0,7.0
2016,5,31,1,122,42,5,3,13,1,54000000,35.4,17.5,13.0,16.0,9.0,25.0,17.0,14.0,27.0,23.0,30.0,43.0,34.0,41.0,46.0,37.0,45.0,4.0,6.0,4.0,8.0,9.0,9.0,53.0,130.0,53.0,130.0,25.0,7.0,28.0,10.0,18.0,20.0,10.0,16.0,26.0,9.0,16.0,22.0,9.0,18.0,24.0,9.0,13.0,18.0,6.0,7.0,10.0,5.0,6.0,7.0,7.0,23.0,31.0,33.0,39.0,6.0,10.0
2016,6,3,4,133,32,0,3,16,2,63000000,33.4,10.0,6.0,13.0,16.0,12.0,25.0,17.0,26.0,27.0,23.0,30.0,43.0,34.0,48.0,46.0,37.0,6.0,4.0,6.0,7.0,8.0,9.0,21.0,31.0,38.0,98.0,17.0,3.0,17.0,9.0,18.0,20.0,9.0,16.0,26.0,9.0,16.0,22.0,9.0,18.0,24.0,8.0,12.0,18.0,6.0,7.0,10.0,5.0,6.0,7.0,19.0,26.0,35.0,45.0,49.0,2.0,5.0
2016,6,7,1,174,30,1,4,7,1,73000000,53.4,35.0,7.0,6.0,13.0,23.0,12.0,25.0,31.0,26.0,27.0,33.0,30.0,43.0,39.0,48.0,46.0,6.0,6.0,4.0,10.0,7.0,8.0,872.0,28.0,382.0,32.0,28.0,42.0,42.0,9.0,19.0,21.0,9.0,15.0,25.0,9.0,17.0,23.0,9.0,18.0,24.0,7.0,12.0,17.0,7.0,7.0,10.0,6.0,6.0,7.0,14.0,21.0,35.0,42.0,43.0,7.0,9.0
2016,6,10,4,155,29,2,3,16,0,84000000,30.0,13.5,19.0,7.0,6.0,26.0,23.0,12.0,35.0,31.0,26.0,45.0,33.0,30.0,49.0,39.0,48.0,2.0,6.0,6.0,5.0,10.0,7.0,84.0,91.0,3.0,77.0,42.0,171.0,17.0,9.0,18.0,21.0,9.0,15.0,24.0,8.0,16.0,23.0,10.0,18.0,24.0,8.0,12.0,17.0,7.0,8.0,10.0,6.0,6.0,7.0,13.0,34.0,39.0,42.0,50.0,9.0,11.0
2016,6,14,1,178,37,3,4,20,0,15000000,32.6,18.0,14.0,19.0,7.0,21.0,26.0,23.0,35.0,35.0,31.0,42.0,45.0,33.0,43.0,49.0,39.0,7.0,2.0,6.0,9.0,5.0,10.0,18.0,39.0,224.0,4.0,109.0,109.0,32.0,8.0,18.0,20.0,10.0,15.0,24.0,9.0,16.0,23.0,9.0,17.0,24.0,9.0,13.0,16.0,7.0,9.0,10.0,6.0,6.0,7.0,1.0,7.0,18.0,27.0,43.0,4.0,8.0
2016,6,17,4,96,42,1,2,12,2,24000000,57.2,21.0,13.0,14.0,19.0,34.0,21.0,26.0,39.0,35.0,35.0,42.0,42.0,45.0,50.0,43.0,49.0,9.0,7.0,2.0,11.0,9.0,5.0,66.0,94.0,196.0,59.0,7.0,21.0,21.0,9.0,18.0,20.0,10.0,16.0,24.0,9.0,17.0,24.0,9.0,17.0,24.0,8.0,13.0,16.0,6.0,9.0,10.0,6.0,6.0,7.0,5.0,17.0,32.0,35.0,49.0,1.0,5.0
2016,6,21,1,138,44,1,3,6,0,30000000,28.2,30.0,1.0,13.0,14.0,7.0,34.0,21.0,18.0,39.0,35.0,27.0,42.0,42.0,43.0,50.0,43.0,4.0,9.0,7.0,8.0,11.0,9.0,98.0,28.0,35.0,165.0,14.0,46.0,14.0,9.0,18.0,20.0,9.0,15.0,24.0,9.0,16.0,24.0,9.0,18.0,24.0,8.0,13.0,16.0,6.0,9.0,10.0,6.0,6.0,7.0,11.0,19.0,27.0,28.0,39.0,3.0,10.0
2016,6,24,4,124,28,1,3,13,1,40000000,28.4,29.5,5.0,1.0,13.0,17.0,7.0,34.0,32.0,18.0,39.0,35.0,27.0,42.0,49.0,43.0,50.0,1.0,4.0,9.0,5.0,8.0,11.0,66.0,91.0,28.0,56.0,21.0,38.0,21.0,9.0,18.0,20.0,9.0,15.0,23.0,8.0,15.0,24.0,9.0,18.0,23.0,7.0,12.0,16.0,7.0,9.0,10.0,6.0,6.0,7.0,26.0,32.0,37.0,43.0,49.0,4.0,5.0
2016,6,28,1,187,23,2,5,9,1,15000000,16.2,9.0,11.0,5.0,1.0,19.0,17.0,7.0,27.0,32.0,18.0,28.0,35.0,27.0,39.0,49.0,43.0,3.0,1.0,4.0,10.0,5.0,8.0,406.0,336.0,452.0,32.0,7.0,11.0,7.0,9.0,19.0,21.0,10.0,15.0,24.0,8.0,16.0,25.0,8.0,17.0,23.0,6.0,12.0,16.0,7.0,9.0,10.0,6.0,6.0,7.0,2.0,11.0,13.0,40.0,50.0,1.0,10.0
2016,7,1,4,116,48,3,2,11,1,24000000,29.0,8.5,26.0,11.0,5.0,32.0,19.0,17.0,37.0,27.0,32.0,43.0,28.0,35.0,49.0,39.0,49.0,4.0,3.0,1.0,5.0,10.0,5.0,52.0,199.0,122.0,52.0,17.0,10.0,7.0,10.0,18.0,21.0,10.0,16.0,25.0,9.0,17.0,24.0,9.0,16.0,23.0,5.0,11.0,16.0,7.0,9.0,10.0,6.0,6.0,7.0,1.0,10.0,29.0,38.0,48.0,3.0,4.0
2016,7,5,1,126,47,3,3,7,1,15000000,68.8,9.0,2.0,26.0,11.0,11.0,32.0,19.0,13.0,37.0,27.0,40.0,43.0,28.0,50.0,49.0,39.0,1.0,4.0,3.0,10.0,5.0,10.0,18.0,140.0,210.0,210.0,35.0,11.0,301.0,9.0,18.0,21.0,10.0,16.0,24.0,9.0,18.0,25.0,9.0,17.0,24.0,5.0,11.0,16.0,7.0,9.0,10.0,6.0,7.0,8.0,8.0,12.0,18.0,33.0,44.0,4.0,8.0
2016,7,8,4,115,36,4,2,12,2,23000000,48.0,12.0,1.0,2.0,26.0,10.0,11.0,32.0,29.0,13.0,37.0,38.0,40.0,43.0,48.0,50.0,49.0,3.0,1.0,4.0,4.0,10.0,5.0,66.0,38.0,21.0,35.0,80.0,10.0,21.0,9.0,18.0,21.0,10.0,16.0,24.0,8.0,17.0,25.0,9.0,16.0,24.0,6.0,11.0,16.0,6.0,9.0,10.0,6.0,7.0,8.0,3.0,7.0,26.0,33.0,41.0,2.0,10.0
2016,7,12,1,110,38,1,3,12,2,30000000,38.8,23.0,8.0,1.0,2.0,12.0,10.0,11.0,18.0,29.0,13.0,33.0,38.0,40.0,44.0,48.0,50.0,4.0,3.0,1.0,8.0,4.0,10.0,98.0,25.0,42.0,4.0,203.0,35.0,11.0,9.0,19.0,21.0,9.0,16.0,23.0,9.0,17.0,25.0,8.0,15.0,24.0,7.0,12.0,17.0,6.0,9.0,10.0,6.0,7.0,8.0,2.0,11.0,13.0,14.0,21.0,1.0,8.0
2016,7,15,4,61,19,2,0,9,1,39000000,22.4,10.5,3.0,8.0,1.0,7.0,12.0,10.0,26.0,18.0,29.0,33.0,33.0,38.0,41.0,44.0,48.0,2.0,4.0,3.0,10.0,8.0,4.0,14.0,14.0,14.0,129.0,500.0,14.0,7.0,8.0,19.0,21.0,8.0,16.0,23.0,8.0,16.0,25.0,9.0,16.0,24.0,8.0,13.0,17.0,5.0,9.0,9.0,5.0,7.0,8.0,19.0,24.0,28.0,36.0,37.0,3.0,6.0
2016,7,19,1,144,18,3,3,9,1,45000000,42.2,30.0,2.0,3.0,8.0,11.0,7.0,12.0,13.0,26.0,18.0,14.0,33.0,33.0,21.0,41.0,44.0,1.0,2.0,4.0,8.0,10.0,8.0,42.0,175.0,67.0,63.0,56.0,14.0,168.0,8.0,18.0,21.0,8.0,17.0,23.0,8.0,16.0,24.0,9.0,16.0,24.0,9.0,13.0,17.0,4.0,9.0,9.0,5.0,8.0,8.0,7.0,24.0,26.0,37.0,45.0,5.0,9.0
2016,7,22,4,139,38,2,3,14,0,54000000,14.2,31.0,19.0,2.0,3.0,24.0,11.0,7.0,28.0,13.0,26.0,36.0,14.0,33.0,37.0,21.0,41.0,3.0,1.0,2.0,6.0,8.0,10.0,49.0,3.0,10.0,98.0,63.0,73.0,42.0,9.0,17.0,21.0,8.0,17.0,23.0,8.0,16.0,24.0,9.0,16.0,23.0,9.0,13.0,16.0,5.0,9.0,9.0,6.0,8.0,8.0,3.0,10.0,13.0,45.0,49.0,2.0,11.0
2016,7,26,1,120,46,1,2,13,1,61000000,15.6,28.0,7.0,19.0,2.0,24.0,24.0,11.0,26.0,28.0,13.0,37.0,36.0,14.0,45.0,37.0,21.0,5.0,3.0,1.0,9.0,6.0,8.0,14.0,21.0,11.0,49.0,28.0,14.0,42.0,8.0,16.0,21.0,7.0,16.0,23.0,7.0,15.0,24.0,9.0,16.0,22.0,9.0,13.0,16.0,5.0,9.0,9.0,7.0,8.0,8.0,1.0,21.0,26.0,40.0,50.0,2.0,4.0
2016,7,29,4,138,49,3,3,6,2,72000000,20.2,12.0,3.0,7.0,19.0,10.0,24.0,24.0,13.0,26.0,28.0,45.0,37.0,36.0,49.0,45.0,37.0,2.0,5.0,3.0,11.0,9.0,6.0,24.0,49.0,7.0,28.0,28.0,3.0,24.0,7.0,16.0,21.0,7.0,16.0,23.0,6.0,14.0,24.0,8.0,16.0,22.0,8.0,12.0,16.0,5.0,9.0,9.0,7.0,8.0,8.0,2.0,8.0,27.0,38.0,46.0,2.0,6.0
2016,8,2,1,121,44,4,3,8,2,15000000,35.4,9.0,1.0,3.0,7.0,21.0,10.0,24.0,26.0,13.0,26.0,40.0,45.0,37.0,50.0,49.0,45.0,2.0,2.0,5.0,4.0,11.0,9.0,18.0,116.0,39.0,28.0,67.0,4.0,14.0,6.0,15.0,21.0,7.0,17.0,22.0,6.0,13.0,24.0,7.0,16.0,22.0,9.0,12.0,16.0,5.0,9.0,9.0,6.0,8.0,8.0,16.0,19.0,24.0,35.0,37.0,2.0,7.0
2016,8,5,4,131,21,2,2,9,1,23000000,32.6,29.5,2.0,1.0,3.0,8.0,21.0,10.0,27.0,26.0,13.0,38.0,40.0,45.0,46.0,50.0,49.0,2.0,2.0,2.0,6.0,4.0,11.0,73.0,42.0,94.0,45.0,17.0,3.0,66.0,7.0,15.0,21.0,8.0,17.0,21.0,7.0,14.0,24.0,8.0,16.0,22.0,9.0,12.0,16.0,5.0,9.0,9.0,7.0,8.0,8.0,12.0,19.0,43.0,44.0,45.0,5.0,10.0
2016,8,9,1,163,33,2,3,15,1,29000000,24.8,23.0,16.0,2.0,1.0,19.0,8.0,21.0,24.0,27.0,26.0,35.0,38.0,40.0,37.0,46.0,50.0,2.0,2.0,2.0,7.0,6.0,4.0,137.0,4.0,749.0,329.0,18.0,18.0,28.0,8.0,16.0,21.0,8.0,16.0,21.0,7.0,15.0,24.0,9.0,16.0,23.0,8.0,11.0,16.0,5.0,8.0,9.0,7.0,8.0,8.0,2.0,15.0,28.0,36.0,50.0,2.0,11.0
2016,8,12,4,131,48,4,3,13,1,39000000,31.8,12.0,12.0,16.0,2.0,19.0,19.0,8.0,43.0,24.0,27.0,44.0,35.0,38.0,45.0,37.0,46.0,5.0,2.0,2.0,10.0,7.0,6.0,10.0,91.0,24.0,24.0,14.0,7.0,17.0,7.0,15.0,21.0,8.0,16.0,21.0,6.0,15.0,24.0,9.0,16.0,23.0,7.0,11.0,16.0,4.0,8.0,9.0,7.0,8.0,8.0,2.0,26.0,34.0,37.0,46.0,4.0,8.0
2016,8,16,1,145,44,4,4,12,2,45000000,22.0,25.0,2.0,12.0,16.0,15.0,19.0,19.0,28.0,43.0,24.0,36.0,44.0,35.0,50.0,45.0,37.0,2.0,5.0,2.0,11.0,10.0,7.0,4.0,70.0,270.0,25.0,14.0,39.0,32.0,7.0,14.0,20.0,8.0,15.0,21.0,7.0,15.0,25.0,8.0,15.0,23.0,6.0,11.0,16.0,5.0,8.0,9.0,7.0,8.0,8.0,5.0,6.0,22.0,25.0,34.0,5.0,7.0
2016,8,19,4,92,29,3,1,12,0,55000000,71.0,12.0,2.0,2.0,12.0,26.0,15.0,19.0,34.0,28.0,43.0,37.0,36.0,44.0,46.0,50.0,45.0,4.0,2.0,5.0,8.0,11.0,10.0,59.0,420.0,185.0,140.0,294.0,10.0,14.0,8.0,14.0,20.0,8.0,16.0,21.0,8.0,15.0,26.0,8.0,15.0,23.0,6.0,12.0,17.0,4.0,8.0,9.0,7.0,8.0,8.0,2.0,23.0,31.0,37.0,45.0,4.0,8.0
2016,8,23,1,138,43,1,3,12,2,15000000,38.0,7.0,5.0,2.0,2.0,6.0,26.0,15.0,22.0,34.0,28.0,25.0,37.0,36.0,34.0,46.0,50.0,5.0,4.0,2.0,7.0,8.0,11.0,7.0,81.0,81.0,7.0,14.0,7.0,7.0,7.0,14.0,20.0,9.0,15.0,21.0,9.0,15.0,26.0,8.0,15.0,23.0,6.0,12.0,17.0,3.0,8.0,9.0,7.0,8.0,8.0,1.0,9.0,28.0,30.0,48.0,7.0,8.0
2016,8,26,4,116,47,3,3,15,1,24000000,55.8,5.0,2.0,5.0,2.0,23.0,6.0,26.0,31.0,22.0,34.0,37.0,25.0,37.0,45.0,34.0,46.0,4.0,5.0,4.0,8.0,7.0,8.0,28.0,199.0,14.0,87.0,52.0,77.0,3.0,6.0,13.0,20.0,9.0,16.0,22.0,9.0,15.0,25.0,9.0,15.0,22.0,7.0,12.0,17.0,4.0,8.0,9.0,6.0,8.0,8.0,13.0,16.0,29.0,35.0,42.0,6.0,8.0
2016,8,30,1,135,29,2,3,14,2,30000000,43.6,16.0,1.0,2.0,5.0,9.0,23.0,6.0,28.0,31.0,22.0,30.0,37.0,25.0,48.0,45.0,34.0,7.0,4.0,5.0,8.0,8.0,7.0,77.0,151.0,56.0,25.0,109.0,88.0,4.0,6.0,13.0,20.0,9.0,17.0,22.0,9.0,15.0,25.0,8.0,15.0,22.0,7.0,13.0,16.0,5.0,8.0,9.0,6.0,8.0,8.0,8.0,16.0,32.0,40.0,50.0,2.0,11.0
2016,9,2,4,146,42,5,3,13,1,38000000,31.2,21.0,13.0,1.0,2.0,16.0,9.0,23.0,29.0,28.0,31.0,35.0,30.0,37.0,42.0,48.0,45.0,6.0,7.0,4.0,8.0,8.0,8.0,56.0,3.0,73.0,35.0,21.0,21.0,21.0,7.0,13.0,20.0,8.0,17.0,22.0,9.0,15.0,25.0,8.0,15.0,22.0,7.0,13.0,16.0,5.0,8.0,9.0,5.0,8.0,8.0,12.0,24.0,30.0,34.0,45.0,7.0,10.0
2016,9,6,1,145,33,4,3,17,1,15000000,20.6,19.5,8.0,13.0,1.0,16.0,16.0,9.0,32.0,29.0,28.0,40.0,35.0,30.0,50.0,42.0,48.0,2.0,6.0,7.0,11.0,8.0,8.0,28.0,46.0,109.0,105.0,14.0,11.0,28.0,7.0,12.0,20.0,8.0,17.0,22.0,9.0,15.0,24.0,8.0,16.0,22.0,7.0,13.0,16.0,5.0,8.0,9.0,4.0,8.0,8.0,4.0,11.0,15.0,17.0,28.0,1.0,3.0
2016,9,9,4,75,24,2,1,4,0,24000000,62.2,54.0,12.0,8.0,13.0,24.0,16.0,16.0,30.0,32.0,29.0,34.0,40.0,35.0,45.0,50.0,42.0,7.0,2.0,6.0,10.0,11.0,8.0,133.0,56.0,143.0,290.0,987.0,56.0,546.0,7.0,13.0,20.0,9.0,16.0,22.0,9.0,15.0,23.0,9.0,16.0,22.0,7.0,14.0,17.0,6.0,7.0,9.0,5.0,9.0,9.0,4.0,7.0,16.0,35.0,44.0,1.0,3.0
2016,9,13,1,106,40,3,2,4,0,30000000,23.4,4.0,4.0,12.0,8.0,11.0,24.0,16.0,15.0,30.0,32.0,17.0,34.0,40.0,28.0,45.0,50.0,1.0,7.0,2.0,3.0,10.0,11.0,4.0,63.0,193.0,14.0,67.0,4.0,4.0,7.0,13.0,20.0,9.0,16.0,22.0,9.0,16.0,24.0,8.0,15.0,22.0,8.0,13.0,17.0,6.0,7.0,9.0,5.0,9.0,9.0,5.0,8.0,14.0,22.0,32.0,2.0,11.0
2016,9,16,4,81,27,4,1,13,1,39000000,29.4,14.0,4.0,4.0,12.0,7.0,11.0,24.0,16.0,15.0,30.0,35.0,17.0,34.0,44.0,28.0,45.0,1.0,1.0,7.0,3.0,3.0,10.0,28.0,45.0,574.0,157.0,231.0,14.0,14.0,7.0,13.0,20.0,9.0,15.0,22.0,10.0,17.0,24.0,8.0,16.0,22.0,9.0,14.0,18.0,6.0,7.0,9.0,5.0,9.0,9.0,1.0,4.0,10.0,41.0,45.0,6.0,9.0
2016,9,20,1,101,44,2,2,15,1,15000000,34.4,40.5,5.0,4.0,4.0,8.0,7.0,11.0,14.0,16.0,15.0,22.0,35.0,17.0,32.0,44.0,28.0,2.0,1.0,1.0,11.0,3.0,3.0,25.0,175.0,189.0,123.0,14.0,21.0,60.0,7.0,12.0,20.0,9.0,16.0,22.0,10.0,18.0,24.0,9.0,16.0,22.0,8.0,13.0,17.0,6.0,7.0,9.0,6.0,9.0,9.0,14.0,16.0,39.0,42.0,49.0,3.0,9.0
2016,9,23,4,160,35,3,3,12,0,23000000,38.2,6.5,1.0,5.0,4.0,4.0,8.0,7.0,10.0,14.0,16.0,41.0,22.0,35.0,45.0,32.0,44.0,6.0,2.0,1.0,9.0,11.0,3.0,105.0,21.0,101.0,101.0,59.0,66.0,3.0,8.0,12.0,20.0,8.0,15.0,22.0,10.0,18.0,24.0,9.0,16.0,22.0,8.0,13.0,17.0,6.0,7.0,9.0,5.0,8.0,9.0,6.0,9.0,13.0,39.0,41.0,2.0,12.0
2016,9,30,4,176,27,1,4,12,2,130000000,29.0,13.5,6.0,14.0,1.0,9.0,16.0,4.0,13.0,39.0,10.0,39.0,42.0,41.0,41.0,49.0,45.0,2.0,3.0,6.0,12.0,9.0,9.0,161.0,504.0,94.0,94.0,17.0,3.0,24.0,9.0,14.0,20.0,8.0,16.0,23.0,10.0,19.0,24.0,9.0,18.0,22.0,8.0,13.0,16.0,5.0,7.0,9.0,6.0,9.0,10.0,4.0,7.0,14.0,34.0,38.0,4.0,11.0
2016,10,4,1,97,34,4,2,15,1,141000000,27.4,30.0,17.0,6.0,14.0,35.0,9.0,16.0,37.0,13.0,39.0,43.0,39.0,42.0,44.0,41.0,49.0,2.0,2.0,3.0,10.0,12.0,9.0,21.0,21.0,18.0,28.0,154.0,42.0,18.0,8.0,14.0,20.0,8.0,15.0,23.0,9.0,18.0,23.0,9.0,18.0,22.0,8.0,14.0,16.0,6.0,7.0,9.0,5.0,9.0,10.0,2.0,12.0,20.0,27.0,30.0,9.0,11.0
2016,10,7,4,91,28,4,2,20,0,156000000,82.2,8.5,4.0,17.0,6.0,7.0,35.0,9.0,14.0,37.0,13.0,34.0,43.0,39.0,38.0,44.0,41.0,4.0,2.0,2.0,11.0,10.0,12.0,45.0,91.0,290.0,112.0,784.0,115.0,3.0,8.0,14.0,20.0,9.0,16.0,23.0,9.0,19.0,24.0,9.0,18.0,22.0,8.0,15.0,17.0,7.0,8.0,9.0,5.0,9.0,10.0,5.0,12.0,20.0,24.0,37.0,4.0,11.0
2016,10,11,1,98,32,3,1,15,1,166000000,15.8,5.5,2.0,4.0,17.0,12.0,7.0,35.0,20.0,14.0,37.0,27.0,34.0,43.0,30.0,38.0,44.0,9.0,4.0,2.0,11.0,11.0,10.0,25.0,4.0,4.0,207.0,67.0,7.0,4.0,7.0,14.0,20.0,8.0,16.0,23.0,8.0,19.0,24.0,10.0,18.0,23.0,9.0,14.0,17.0,6.0,8.0,9.0,5.0,9.0,10.0,7.0,13.0,19.0,31.0,34.0,1.0,11.0
2016,10,14,4,104,27,1,2,12,0,17000000,31.0,17.0,5.0,2.0,4.0,12.0,12.0,7.0,20.0,20.0,14.0,24.0,27.0,34.0,37.0,30.0,38.0,4.0,9.0,4.0,11.0,11.0,11.0,84.0,231.0,199.0,154.0,56.0,31.0,3.0,8.0,13.0,20.0,8.0,17.0,24.0,8.0,20.0,25.0,10.0,19.0,23.0,9.0,14.0,17.0,6.0,8.0,9.0,5.0,9.0,10.0,2.0,17.0,21.0,25.0,27.0,6.0,9.0
2016,10,18,1,92,25,1,1,15,1,25000000,36.2,19.5,7.0,5.0,2.0,13.0,12.0,12.0,19.0,20.0,20.0,31.0,24.0,27.0,34.0,37.0,30.0,1.0,4.0,9.0,11.0,11.0,11.0,11.0,119.0,214.0,60.0,833.0,28.0,25.0,8.0,13.0,19.0,9.0,18.0,24.0,8.0,21.0,26.0,10.0,19.0,22.0,10.0,15.0,18.0,6.0,8.0,9.0,4.0,9.0,10.0,9.0,20.0,23.0,44.0,48.0,8.0,10.0
2016,10,21,4,144,39,3,2,18,2,39000000,34.0,36.5,2.0,7.0,5.0,17.0,13.0,12.0,21.0,19.0,20.0,25.0,31.0,24.0,27.0,34.0,37.0,6.0,1.0,4.0,9.0,11.0,11.0,154.0,252.0,150.0,73.0,56.0,273.0,21.0,9.0,13.0,19.0,9.0,18.0,24.0,9.0,22.0,25.0,10.0,18.0,22.0,10.0,15.0,18.0,7.0,9.0,10.0,4.0,9.0,10.0,3.0,15.0,20.0,21.0,28.0,1.0,5.0
2016,10,25,1,87,25,2,1,6,0,49000000,38.8,39.0,9.0,2.0,7.0,20.0,17.0,13.0,23.0,21.0,19.0,44.0,25.0,31.0,48.0,27.0,34.0,8.0,6.0,1.0,10.0,9.0,11.0,91.0,74.0,14.0,266.0,46.0,11.0,119.0,9.0,14.0,19.0,9.0,17.0,24.0,8.0,21.0,25.0,10.0,19.0,23.0,10.0,15.0,18.0,7.0,9.0,10.0,5.0,9.0,10.0,10.0,16.0,19.0,23.0,43.0,2.0,8.0
2016,10,28,4,111,33,2,1,10,2,17000000,24.4,17.5,3.0,9.0,2.0,15.0,20.0,17.0,20.0,23.0,21.0,21.0,44.0,25.0,28.0,48.0,27.0,1.0,8.0,6.0,5.0,10.0,9.0,185.0,35.0,14.0,238.0,133.0,28.0,59.0,9.0,15.0,19.0,9.0,17.0,24.0,7.0,20.0,24.0,10.0,19.0,24.0,10.0,16.0,18.0,6.0,9.0,10.0,6.0,8.0,10.0,6.0,10.0,20.0,29.0,37.0,1.0,9.0
2016,11,1,1,102,31,3,2,10,0,17000000,26.0,10.5,10.0,3.0,9.0,16.0,15.0,20.0,19.0,20.0,23.0,23.0,21.0,44.0,43.0,28.0,48.0,2.0,1.0,8.0,8.0,5.0,10.0,35.0,98.0,7.0,277.0,21.0,7.0,14.0,9.0,14.0,19.0,9.0,18.0,24.0,6.0,19.0,24.0,10.0,20.0,25.0,9.0,16.0,18.0,6.0,9.0,10.0,5.0,8.0,10.0,7.0,11.0,12.0,44.0,48.0,3.0,7.0
2016,11,4,4,122,41,3,2,10,0,29000000,25.8,50.5,6.0,10.0,3.0,10.0,16.0,15.0,20.0,19.0,20.0,29.0,23.0,21.0,37.0,43.0,28.0,1.0,2.0,1.0,9.0,8.0,5.0,21.0,56.0,689.0,14.0,14.0,42.0,77.0,8.0,14.0,19.0,9.0,17.0,24.0,6.0,19.0,25.0,9.0,20.0,25.0,8.0,16.0,18.0,7.0,9.0,9.0,6.0,8.0,10.0,5.0,9.0,47.0,49.0,50.0,8.0,9.0
2016,11,8,1,160,45,1,3,17,1,38000000,90.0,9.0,7.0,6.0,10.0,11.0,10.0,16.0,12.0,20.0,19.0,44.0,29.0,23.0,48.0,37.0,43.0,3.0,1.0,2.0,7.0,9.0,8.0,28.0,42.0,613.0,613.0,67.0,18.0,7.0,7.0,14.0,18.0,9.0,17.0,23.0,6.0,20.0,26.0,9.0,20.0,26.0,8.0,16.0,18.0,7.0,9.0,9.0,6.0,8.0,10.0,3.0,22.0,23.0,38.0,49.0,2.0,9.0
2016,11,11,4,135,46,2,2,11,1,17000000,25.6,8.5,5.0,7.0,6.0,9.0,11.0,10.0,47.0,12.0,20.0,49.0,44.0,29.0,50.0,48.0,37.0,8.0,3.0,1.0,9.0,7.0,9.0,17.0,329.0,21.0,101.0,49.0,14.0,3.0,7.0,14.0,18.0,10.0,17.0,23.0,6.0,19.0,26.0,9.0,21.0,26.0,8.0,15.0,18.0,6.0,9.0,9.0,6.0,8.0,10.0,7.0,15.0,36.0,42.0,48.0,3.0,7.0
2016,11,15,1,148,41,3,3,10,0,25000000,38.2,11.0,3.0,5.0,7.0,22.0,9.0,11.0,23.0,47.0,12.0,38.0,49.0,44.0,49.0,50.0,48.0,2.0,8.0,3.0,9.0,9.0,7.0,11.0,21.0,235.0,53.0,11.0,11.0,11.0,7.0,14.0,18.0,9.0,16.0,23.0,7.0,19.0,27.0,9.0,21.0,26.0,8.0,15.0,18.0,5.0,8.0,9.0,6.0,8.0,10.0,3.0,12.0,27.0,32.0,47.0,6.0,8.0
2016,11,18,4,121,44,2,3,14,2,38000000,25.0,20.5,7.0,3.0,5.0,15.0,22.0,9.0,36.0,23.0,47.0,42.0,38.0,49.0,48.0,49.0,50.0,3.0,2.0,8.0,7.0,9.0,9.0,7.0,38.0,108.0,206.0,301.0,31.0,21.0,7.0,14.0,18.0,9.0,15.0,22.0,8.0,19.0,27.0,9.0,21.0,27.0,8.0,16.0,19.0,5.0,8.0,9.0,5.0,8.0,10.0,5.0,10.0,33.0,34.0,47.0,2.0,10.0
2016,11,22,1,129,42,2,3,12,2,47000000,42.2,21.5,3.0,7.0,3.0,12.0,15.0,22.0,27.0,36.0,23.0,32.0,42.0,38.0,47.0,48.0,49.0,6.0,3.0,2.0,8.0,7.0,9.0,14.0,21.0,319.0,49.0,4.0,11.0,32.0,6.0,14.0,18.0,8.0,15.0,22.0,8.0,19.0,28.0,9.0,20.0,27.0,7.0,16.0,19.0,5.0,8.0,9.0,5.0,8.0,10.0,5.0,11.0,17.0,23.0,28.0,10.0,11.0
2016,11,25,4,84,23,1,1,21,1,60000000,21.4,22.5,5.0,3.0,7.0,10.0,12.0,15.0,33.0,27.0,36.0,34.0,32.0,42.0,47.0,47.0,48.0,2.0,6.0,3.0,10.0,8.0,7.0,3.0,21.0,392.0,28.0,31.0,196.0,42.0,5.0,13.0,18.0,7.0,15.0,22.0,9.0,19.0,29.0,9.0,20.0,27.0,7.0,15.0,19.0,6.0,9.0,10.0,6.0,8.0,10.0,21.0,26.0,27.0,28.0,38.0,9.0,11.0
2016,11,29,1,140,17,3,4,20,0,17000000,34.6,11.0,5.0,5.0,3.0,11.0,10.0,12.0,17.0,33.0,27.0,23.0,34.0,32.0,28.0,47.0,47.0,10.0,2.0,6.0,11.0,10.0,8.0,844.0,105.0,11.0,158.0,56.0,53.0,4.0,6.0,13.0,19.0,8.0,16.0,22.0,9.0,18.0,29.0,9.0,20.0,27.0,8.0,15.0,19.0,7.0,9.0,10.0,5.0,8.0,10.0,6.0,11.0,23.0,31.0,32.0,2.0,12.0
2016,12,2,4,103,26,2,2,14,2,28000000,21.6,38.0,21.0,5.0,5.0,26.0,11.0,10.0,27.0,17.0,33.0,28.0,23.0,34.0,38.0,28.0,47.0,9.0,10.0,2.0,11.0,11.0,10.0,31.0,7.0,21.0,49.0,77.0,10.0,66.0,5.0,12.0,19.0,7.0,15.0,22.0,8.0,17.0,28.0,10.0,20.0,27.0,8.0,15.0,19.0,7.0,8.0,10.0,6.0,8.0,10.0,1.0,7.0,11.0,27.0,45.0,4.0,9.0
2016,12,6,1,91,44,0,2,13,1,17000000,37.2,31.5,6.0,21.0,5.0,11.0,26.0,11.0,23.0,27.0,17.0,31.0,28.0,23.0,32.0,38.0,28.0,2.0,9.0,10.0,12.0,11.0,11.0,77.0,63.0,476.0,60.0,77.0,56.0,25.0,6.0,12.0,19.0,8.0,15.0,21.0,8.0,17.0,29.0,10.0,19.0,27.0,8.0,15.0,19.0,7.0,8.0,10.0,6.0,8.0,10.0,6.0,12.0,28.0,37.0,40.0,1.0,5.0
2016,12,9,4,123,34,4,3,6,0,29000000,34.8,41.5,1.0,6.0,21.0,7.0,11.0,26.0,11.0,23.0,27.0,27.0,31.0,28.0,45.0,32.0,38.0,4.0,2.0,9.0,9.0,12.0,11.0,7.0,21.0,105.0,108.0,248.0,38.0,45.0,6.0,12.0,19.0,8.0,15.0,21.0,8.0,17.0,29.0,10.0,19.0,27.0,9.0,16.0,20.0,8.0,8.0,10.0,7.0,7.0,10.0,14.0,28.0,29.0,48.0,50.0,2.0,8.0
2016,12,13,1,169,36,4,4,10,2,38000000,35.8,18.0,6.0,1.0,6.0,12.0,7.0,11.0,28.0,11.0,23.0,37.0,27.0,31.0,40.0,45.0,32.0,1.0,4.0,2.0,5.0,9.0,12.0,81.0,424.0,105.0,788.0,35.0,11.0,25.0,7.0,12.0,19.0,8.0,15.0,22.0,8.0,18.0,29.0,10.0,19.0,28.0,9.0,16.0,20.0,7.0,8.0,10.0,7.0,7.0,10.0,6.0,10.0,30.0,41.0,45.0,4.0,11.0
2016,12,16,4,132,39,3,3,15,1,50000000,38.2,13.5,14.0,6.0,1.0,28.0,12.0,7.0,29.0,28.0,11.0,48.0,37.0,27.0,50.0,40.0,45.0,2.0,1.0,4.0,8.0,5.0,9.0,7.0,24.0,101.0,87.0,10.0,10.0,17.0,7.0,12.0,18.0,7.0,14.0,22.0,9.0,18.0,29.0,10.0,19.0,28.0,8.0,16.0,19.0,7.0,8.0,10.0,7.0,7.0,10.0,13.0,15.0,17.0,21.0,27.0,2.0,3.0
2016,12,20,1,93,14,0,1,5,1,60000000,32.4,21.0,6.0,14.0,6.0,10.0,28.0,12.0,30.0,29.0,28.0,41.0,48.0,37.0,45.0,50.0,40.0,4.0,2.0,1.0,11.0,8.0,5.0,112.0,35.0,25.0,56.0,63.0,7.0,98.0,7.0,13.0,17.0,7.0,14.0,21.0,8.0,17.0,29.0,10.0,19.0,28.0,8.0,16.0,19.0,6.0,8.0,10.0,7.0,8.0,10.0,4.0,16.0,20.0,39.0,46.0,2.0,5.0
2016,12,23,4,125,42,4,2,7,1,17000000,80.8,8.5,13.0,6.0,14.0,15.0,10.0,28.0,17.0,30.0,29.0,21.0,41.0,48.0,27.0,45.0,50.0,2.0,4.0,2.0,3.0,11.0,8.0,80.0,56.0,52.0,87.0,129.0,3.0,14.0,7.0,13.0,17.0,8.0,14.0,21.0,9.0,16.0,29.0,10.0,19.0,28.0,9.0,16.0,19.0,5.0,8.0,10.0,7.0,8.0,10.0,3.0,22.0,25.0,32.0,39.0,7.0,12.0
2016,12,27,1,121,36,2,2,19,1,25000000,36.8,33.5,4.0,13.0,6.0,16.0,15.0,10.0,20.0,17.0,30.0,39.0,21.0,41.0,46.0,27.0,45.0,2.0,2.0,4.0,5.0,3.0,11.0,39.0,46.0,242.0,39.0,186.0,112.0,25.0,8.0,12.0,17.0,9.0,13.0,21.0,9.0,16.0,30.0,10.0,18.0,28.0,9.0,16.0,20.0,6.0,9.0,10.0,6.0,8.0,10.0,8.0,10.0,22.0,29.0,47.0,1.0,3.0
2016,12,30,4,116,39,3,2,4,0,17000000,35.4,15.5,3.0,4.0,13.0,22.0,16.0,15.0,25.0,20.0,17.0,32.0,39.0,21.0,39.0,46.0,27.0,7.0,2.0,2.0,12.0,5.0,3.0,119.0,14.0,133.0,59.0,38.0,21.0,10.0,8.0,13.0,17.0,9.0,13.0,21.0,10.0,16.0,29.0,10.0,18.0,28.0,9.0,16.0,20.0,5.0,9.0,10.0,6.0,8.0,10.0,19.0,23.0,27.0,34.0,49.0,1.0,11.0
2017,1,3,1,152,30,1,3,12,0,25000000,41.6,11.0,8.0,3.0,4.0,10.0,22.0,16.0,22.0,25.0,20.0,29.0,32.0,39.0,47.0,39.0,46.0,1.0,7.0,2.0,3.0,12.0,5.0,168.0,133.0,35.0,42.0,53.0,4.0,18.0,8.0,14.0,17.0,9.0,14.0,21.0,10.0,16.0,29.0,10.0,18.0,27.0,9.0,15.0,20.0,4.0,9.0,10.0,6.0,8.0,10.0,10.0,14.0,18.0,21.0,49.0,9.0,11.0
2017,1,6,4,112,39,3,1,20,0,37000000,46.6,17.0,19.0,8.0,3.0,23.0,10.0,22.0,27.0,22.0,25.0,34.0,29.0,32.0,49.0,47.0,39.0,1.0,1.0,7.0,11.0,3.0,12.0,70.0,231.0,182.0,17.0,3.0,38.0,3.0,9.0,14.0,17.0,9.0,15.0,22.0,10.0,17.0,30.0,9.0,17.0,26.0,8.0,15.0,19.0,5.0,9.0,10.0,6.0,8.0,10.0,2.0,11.0,29.0,35.0,44.0,4.0,9.0
2017,1,10,1,121,42,2,3,13,1,45000000,59.8,14.5,10.0,19.0,8.0,14.0,23.0,10.0,18.0,27.0,22.0,21.0,34.0,29.0,49.0,49.0,47.0,9.0,1.0,1.0,11.0,11.0,3.0,84.0,39.0,28.0,119.0,102.0,25.0,35.0,9.0,14.0,17.0,9.0,14.0,22.0,9.0,17.0,30.0,9.0,18.0,26.0,9.0,15.0,19.0,5.0,9.0,10.0,6.0,8.0,10.0,3.0,7.0,16.0,26.0,50.0,4.0,7.0
2017,1,13,4,102,47,3,2,11,1,61000000,30.4,10.0,2.0,10.0,19.0,11.0,14.0,23.0,29.0,18.0,27.0,35.0,21.0,34.0,44.0,49.0,49.0,4.0,9.0,1.0,9.0,11.0,11.0,17.0,38.0,122.0,1095.0,31.0,3.0,59.0,9.0,14.0,17.0,9.0,13.0,22.0,9.0,17.0,30.0,9.0,18.0,27.0,8.0,15.0,19.0,5.0,9.0,10.0,7.0,8.0,10.0,4.0,16.0,25.0,43.0,47.0,2.0,10.0
2017,1,17,1,135,43,2,2,12,2,71000000,29.8,39.0,3.0,2.0,10.0,7.0,11.0,14.0,16.0,29.0,18.0,26.0,35.0,21.0,50.0,44.0,49.0,4.0,4.0,9.0,7.0,9.0,11.0,25.0,25.0,21.0,109.0,18.0,25.0,56.0,8.0,13.0,17.0,8.0,12.0,22.0,9.0,17.0,30.0,9.0,19.0,26.0,8.0,15.0,19.0,5.0,9.0,10.0,7.0,8.0,10.0,10.0,17.0,27.0,31.0,49.0,3.0,5.0
2017,1,20,4,134,39,1,3,8,0,80000000,25.0,24.5,4.0,3.0,2.0,16.0,7.0,11.0,25.0,16.0,29.0,43.0,26.0,35.0,47.0,50.0,44.0,2.0,4.0,4.0,10.0,7.0,9.0,14.0,94.0,17.0,49.0,14.0,66.0,28.0,7.0,13.0,17.0,9.0,13.0,21.0,8.0,17.0,29.0,9.0,19.0,26.0,7.0,15.0,19.0,6.0,9.0,10.0,7.0,8.0,9.0,1.0,5.0,7.0,17.0,23.0,3.0,8.0
2017,1,24,1,53,22,0,0,11,1,88000000,29.0,23.0,10.0,4.0,3.0,17.0,16.0,7.0,27.0,25.0,16.0,31.0,43.0,26.0,49.0,47.0,50.0,3.0,2.0,4.0,5.0,10.0,7.0,49.0,270.0,609.0,137.0,322.0,4.0,42.0,7.0,13.0,17.0,9.0,14.0,22.0,8.0,17.0,30.0,10.0,20.0,26.0,7.0,15.0,20.0,6.0,9.0,10.0,8.0,8.0,8.0,17.0,20.0,28.0,45.0,48.0,5.0,9.0
2017,1,27,4,158,31,3,3,14,0,17000000,34.0,12.0,1.0,10.0,4.0,5.0,17.0,16.0,7.0,27.0,25.0,17.0,31.0,43.0,23.0,49.0,47.0,3.0,3.0,2.0,8.0,5.0,10.0,119.0,98.0,49.0,185.0,73.0,161.0,17.0,8.0,14.0,16.0,10.0,15.0,22.0,8.0,17.0,29.0,10.0,21.0,27.0,7.0,14.0,20.0,7.0,10.0,10.0,8.0,8.0,8.0,3.0,4.0,17.0,23.0,44.0,6.0,9.0
2017,1,31,1,91,41,2,1,15,1,25000000,12.8,39.0,17.0,1.0,10.0,20.0,5.0,17.0,28.0,7.0,27.0,45.0,17.0,31.0,48.0,23.0,49.0,5.0,3.0,3.0,9.0,8.0,5.0,18.0,133.0,42.0,67.0,21.0,74.0,4.0,8.0,14.0,16.0,10.0,16.0,21.0,9.0,16.0,28.0,10.0,20.0,27.0,6.0,14.0,20.0,7.0,10.0,10.0,7.0,8.0,8.0,3.0,4.0,15.0,46.0,50.0,5.0,9.0
2017,2,3,4,118,47,3,2,14,0,17000000,22.8,5.0,3.0,17.0,1.0,4.0,20.0,5.0,17.0,28.0,7.0,23.0,45.0,17.0,44.0,48.0,23.0,6.0,5.0,3.0,9.0,9.0,8.0,3.0,3.0,147.0,441.0,21.0,7.0,3.0,7.0,14.0,16.0,9.0,15.0,21.0,9.0,16.0,28.0,10.0,20.0,27.0,6.0,14.0,20.0,7.0,9.0,10.0,6.0,8.0,8.0,4.0,10.0,31.0,38.0,44.0,8.0,10.0
2017,2,7,1,127,40,4,3,18,2,25000000,23.4,17.5,3.0,3.0,17.0,4.0,4.0,20.0,15.0,17.0,28.0,46.0,23.0,45.0,50.0,44.0,48.0,5.0,6.0,5.0,9.0,9.0,9.0,21.0,39.0,168.0,88.0,7.0,91.0,21.0,6.0,14.0,16.0,9.0,15.0,21.0,10.0,17.0,27.0,10.0,20.0,27.0,6.0,14.0,20.0,7.0,10.0,10.0,6.0,8.0,8.0,7.0,21.0,26.0,35.0,43.0,2.0,9.0
2017,2,10,4,132,36,1,3,11,1,37000000,27.0,15.5,4.0,3.0,3.0,10.0,4.0,4.0,31.0,15.0,17.0,38.0,46.0,23.0,44.0,50.0,44.0,8.0,5.0,6.0,10.0,9.0,9.0,87.0,196.0,196.0,31.0,105.0,24.0,7.0,7.0,14.0,16.0,9.0,16.0,21.0,10.0,17.0,28.0,9.0,19.0,27.0,7.0,15.0,20.0,6.0,10.0,10.0,5.0,8.0,8.0,2.0,10.0,24.0,40.0,44.0,3.0,10.0
2017,2,14,1,120,42,5,2,13,1,46000000,48.4,14.0,7.0,4.0,3.0,21.0,10.0,4.0,26.0,31.0,15.0,35.0,38.0,46.0,43.0,44.0,50.0,2.0,8.0,5.0,9.0,10.0,9.0,35.0,7.0,193.0,165.0,7.0,21.0,7.0,7.0,14.0,16.0,8.0,16.0,21.0,10.0,18.0,29.0,10.0,20.0,27.0,7.0,15.0,20.0,6.0,10.0,10.0,5.0,8.0,8.0,19.0,25.0,33.0,36.0,48.0,2.0,9.0
2017,2,17,4,161,29,2,3,11,1,17000000,55.6,7.0,2.0,7.0,4.0,10.0,21.0,10.0,24.0,26.0,31.0,40.0,35.0,38.0,44.0,43.0,44.0,3.0,2.0,8.0,10.0,9.0,10.0,45.0,266.0,87.0,189.0,21.0,7.0,7.0,8.0,14.0,16.0,8.0,17.0,22.0,10.0,18.0,29.0,10.0,21.0,27.0,7.0,15.0,20.0,5.0,10.0,10.0,4.0,8.0,8.0,13.0,19.0,41.0,45.0,49.0,3.0,4.0
2017,2,21,1,167,36,0,3,7,1,17000000,38.2,23.0,19.0,2.0,7.0,25.0,10.0,21.0,33.0,24.0,26.0,36.0,40.0,35.0,48.0,44.0,43.0,2.0,3.0,2.0,9.0,10.0,9.0,63.0,196.0,763.0,25.0,32.0,7.0,207.0,9.0,13.0,16.0,8.0,18.0,23.0,10.0,19.0,30.0,9.0,21.0,27.0,6.0,14.0,19.0,5.0,9.0,10.0,5.0,9.0,9.0,2.0,4.0,13.0,22.0,43.0,8.0,9.0
2017,2,24,4,84,41,3,1,17,1,29000000,20.0,12.0,13.0,19.0,2.0,19.0,25.0,10.0,41.0,33.0,24.0,45.0,36.0,40.0,49.0,48.0,44.0,3.0,2.0,3.0,4.0,9.0,10.0,10.0,21.0,150.0,161.0,14.0,17.0,7.0,8.0,12.0,16.0,7.0,17.0,23.0,10.0,20.0,29.0,9.0,21.0,27.0,6.0,13.0,19.0,5.0,9.0,10.0,4.0,9.0,9.0,10.0,20.0,31.0,35.0,42.0,2.0,12.0
2017,2,28,1,138,32,3,3,14,2,37000000,38.0,37.0,2.0,13.0,19.0,4.0,19.0,25.0,13.0,41.0,33.0,22.0,45.0,36.0,43.0,49.0,48.0,8.0,3.0,2.0,9.0,4.0,9.0,39.0,32.0,21.0,18.0,182.0,11.0,63.0,8.0,12.0,15.0,6.0,17.0,22.0,9.0,19.0,29.0,8.0,21.0,27.0,6.0,13.0,20.0,5.0,9.0,10.0,4.0,9.0,9.0,2.0,11.0,29.0,30.0,47.0,1.0,12.0
2017,3,3,4,119,45,2,3,13,1,49000000,46.6,31.0,10.0,2.0,13.0,20.0,4.0,19.0,31.0,13.0,41.0,35.0,22.0,45.0,42.0,43.0,49.0,2.0,8.0,3.0,12.0,9.0,4.0,7.0,52.0,52.0,189.0,45.0,59.0,3.0,7.0,12.0,15.0,7.0,17.0,22.0,9.0,18.0,29.0,9.0,21.0,28.0,7.0,13.0,20.0,6.0,9.0,10.0,4.0,9.0,9.0,6.0,37.0,41.0,48.0,50.0,4.0,5.0
2017,3,7,1,182,44,3,4,9,1,59000000,46.6,23.0,2.0,10.0,2.0,11.0,20.0,4.0,29.0,31.0,13.0,30.0,35.0,22.0,47.0,42.0,43.0,1.0,2.0,8.0,12.0,12.0,9.0,81.0,431.0,14.0,84.0,32.0,53.0,46.0,8.0,12.0,15.0,8.0,17.0,23.0,8.0,18.0,29.0,9.0,20.0,28.0,7.0,12.0,20.0,6.0,9.0,10.0,5.0,9.0,9.0,31.0,36.0,38.0,47.0,49.0,8.0,11.0
2017,3,10,4,201,18,2,5,19,1,72000000,17.2,38.5,6.0,2.0,10.0,37.0,11.0,20.0,41.0,29.0,31.0,48.0,30.0,35.0,50.0,47.0,42.0,4.0,1.0,2.0,5.0,12.0,12.0,987.0,1316.0,409.0,672.0,17.0,14.0,63.0,8.0,12.0,16.0,9.0,17.0,23.0,8.0,19.0,30.0,9.0,21.0,29.0,7.0,12.0,20.0,5.0,9.0,10.0,6.0,9.0,9.0,3.0,5.0,21.0,36.0,44.0,3.0,6.0
2017,3,14,1,109,41,2,2,9,1,79000000,30.4,31.5,31.0,6.0,2.0,36.0,37.0,11.0,38.0,41.0,29.0,47.0,48.0,30.0,49.0,50.0,47.0,8.0,4.0,1.0,11.0,5.0,12.0,39.0,49.0,147.0,25.0,28.0,21.0,224.0,8.0,12.0,16.0,10.0,17.0,23.0,9.0,19.0,29.0,8.0,20.0,29.0,7.0,11.0,20.0,5.0,9.0,10.0,7.0,10.0,10.0,6.0,10.0,19.0,29.0,36.0,3.0,9.0
2017,3,17,4,100,30,3,2,12,0,17000000,13.6,12.0,3.0,31.0,6.0,5.0,36.0,37.0,21.0,38.0,41.0,36.0,47.0,48.0,44.0,49.0,50.0,3.0,8.0,4.0,6.0,11.0,5.0,10.0,31.0,140.0,77.0,353.0,3.0,21.0,7.0,12.0,16.0,9.0,16.0,23.0,9.0,20.0,28.0,9.0,20.0,29.0,8.0,11.0,21.0,5.0,9.0,10.0,7.0,10.0,10.0,1.0,20.0,23.0,44.0,47.0,4.0,11.0
2017,3,21,1,135,46,2,2,15,1,25000000,28.8,12.5,6.0,3.0,31.0,10.0,5.0,36.0,19.0,21.0,38.0,29.0,36.0,47.0,36.0,44.0,49.0,3.0,3.0,8.0,9.0,6.0,11.0,56.0,21.0,109.0,137.0,18.0,14.0,11.0,8.0,12.0,16.0,9.0,16.0,23.0,9.0,20.0,28.0,9.0,20.0,29.0,8.0,10.0,20.0,5.0,9.0,10.0,6.0,10.0,10.0,2.0,17.0,21.0,27.0,34.0,5.0,9.0
2017,3,24,4,101,32,2,2,14,0,37000000,45.2,12.0,1.0,6.0,3.0,20.0,10.0,5.0,23.0,19.0,21.0,44.0,29.0,36.0,47.0,36.0,44.0,4.0,3.0,3.0,11.0,9.0,6.0,21.0,63.0,10.0,108.0,161.0,49.0,7.0,7.0,12.0,16.0,9.0,15.0,22.0,8.0,20.0,27.0,10.0,20.0,29.0,8.0,10.0,20.0,6.0,8.0,10.0,6.0,10.0,10.0,9.0,13.0,31.0,33.0,46.0,6.0,10.0
2017,3,28,1,132,37,1,3,16,2,46000000,56.4,28.0,2.0,1.0,6.0,17.0,20.0,10.0,21.0,23.0,19.0,27.0,44.0,29.0,34.0,47.0,36.0,5.0,4.0,3.0,9.0,11.0,9.0,158.0,165.0,28.0,259.0,95.0,56.0,42.0,7.0,12.0,16.0,9.0,16.0,22.0,8.0,19.0,26.0,10.0,21.0,30.0,9.0,11.0,20.0,7.0,8.0,10.0,6.0,9.0,10.0,17.0,24.0,26.0,28.0,45.0,4.0,12.0
2017,3,31,4,140,28,3,3,16,2,58000000,40.4,19.0,9.0,2.0,1.0,13.0,17.0,20.0,31.0,21.0,23.0,33.0,27.0,44.0,46.0,34.0,47.0,6.0,5.0,4.0,10.0,9.0,11.0,63.0,206.0,49.0,122.0,105.0,10.0,28.0,8.0,12.0,16.0,9.0,16.0,23.0,8.0,19.0,26.0,10.0,21.0,30.0,9.0,12.0,19.0,7.0,8.0,10.0,6.0,9.0,10.0,1.0,9.0,24.0,33.0,34.0,2.0,6.0
2017,4,4,1,101,33,2,2,8,2,68000000,8.6,21.0,17.0,9.0,2.0,24.0,13.0,17.0,26.0,31.0,21.0,28.0,33.0,27.0,45.0,46.0,34.0,4.0,6.0,5.0,12.0,10.0,9.0,14.0,147.0,49.0,7.0,11.0,35.0,21.0,7.0,12.0,16.0,10.0,16.0,23.0,9.0,18.0,26.0,9.0,20.0,29.0,8.0,12.0,19.0,7.0,7.0,10.0,6.0,9.0,10.0,2.0,10.0,19.0,35.0,50.0,6.0,7.0
2017,4,7,4,116,48,3,2,13,1,76000000,25.0,43.5,1.0,17.0,9.0,9.0,24.0,13.0,24.0,26.0,31.0,33.0,28.0,33.0,34.0,45.0,46.0,2.0,4.0,6.0,6.0,12.0,10.0,14.0,21.0,21.0,38.0,31.0,10.0,84.0,7.0,12.0,16.0,9.0,16.0,23.0,8.0,18.0,26.0,9.0,20.0,29.0,8.0,12.0,19.0,6.0,7.0,10.0,7.0,9.0,10.0,5.0,21.0,22.0,31.0,49.0,2.0,8.0
2017,4,11,1,128,44,1,2,10,2,83000000,27.6,19.5,2.0,1.0,17.0,10.0,9.0,24.0,19.0,24.0,26.0,35.0,33.0,28.0,50.0,34.0,45.0,6.0,2.0,4.0,7.0,6.0,12.0,137.0,60.0,102.0,81.0,32.0,7.0,77.0,8.0,13.0,16.0,9.0,15.0,23.0,8.0,18.0,26.0,9.0,19.0,28.0,8.0,12.0,19.0,6.0,7.0,10.0,7.0,9.0,10.0,4.0,14.0,20.0,23.0,33.0,6.0,10.0
2017,4,14,4,94,29,3,1,16,2,17000000,41.0,12.0,5.0,2.0,1.0,21.0,10.0,9.0,22.0,19.0,24.0,31.0,35.0,33.0,49.0,50.0,34.0,2.0,6.0,2.0,8.0,7.0,6.0,66.0,98.0,112.0,73.0,945.0,7.0,17.0,8.0,13.0,16.0,9.0,15.0,23.0,8.0,18.0,26.0,9.0,18.0,28.0,9.0,13.0,20.0,5.0,7.0,10.0,7.0,9.0,10.0,17.0,22.0,31.0,38.0,45.0,5.0,12.0
2017,4,18,1,153,28,2,3,17,1,25000000,17.8,21.5,4.0,5.0,2.0,14.0,21.0,10.0,20.0,22.0,19.0,23.0,31.0,35.0,33.0,49.0,50.0,6.0,2.0,6.0,10.0,8.0,7.0,18.0,112.0,21.0,70.0,18.0,25.0,18.0,7.0,13.0,16.0,9.0,16.0,23.0,8.0,17.0,26.0,9.0,18.0,28.0,8.0,13.0,20.0,5.0,7.0,10.0,7.0,9.0,10.0,2.0,13.0,16.0,22.0,49.0,4.0,5.0
2017,4,21,4,102,47,3,1,9,1,36000000,29.0,12.0,17.0,4.0,5.0,22.0,14.0,21.0,31.0,20.0,22.0,38.0,23.0,31.0,45.0,33.0,49.0,5.0,6.0,2.0,12.0,10.0,8.0,14.0,24.0,98.0,56.0,10.0,21.0,45.0,6.0,13.0,16.0,9.0,16.0,23.0,9.0,17.0,26.0,9.0,17.0,28.0,7.0,12.0,20.0,4.0,7.0,10.0,8.0,9.0,10.0,9.0,11.0,19.0,32.0,43.0,3.0,9.0
2017,4,25,1,114,34,1,2,12,0,45000000,54.2,35.5,2.0,17.0,4.0,13.0,22.0,14.0,16.0,31.0,20.0,22.0,38.0,23.0,49.0,45.0,33.0,4.0,5.0,6.0,5.0,12.0,10.0,28.0,53.0,18.0,119.0,60.0,39.0,32.0,6.0,13.0,16.0,9.0,16.0,23.0,8.0,16.0,26.0,9.0,18.0,28.0,7.0,12.0,19.0,5.0,7.0,10.0,7.0,9.0,10.0,14.0,20.0,25.0,30.0,39.0,2.0,8.0
2017,4,28,4,128,25,3,2,10,2,57000000,55.2,17.0,9.0,2.0,17.0,11.0,13.0,22.0,19.0,16.0,31.0,32.0,22.0,38.0,43.0,49.0,45.0,3.0,4.0,5.0,9.0,5.0,12.0,136.0,38.0,101.0,56.0,122.0,17.0,17.0,7.0,14.0,16.0,9.0,16.0,23.0,8.0,16.0,25.0,9.0,18.0,28.0,8.0,13.0,19.0,5.0,7.0,10.0,7.0,9.0,10.0,6.0,19.0,23.0,25.0,27.0,11.0,12.0
2017,5,5,4,118,40,1,3,4,0,73000000,36.2,36.5,6.0,14.0,9.0,19.0,20.0,11.0,23.0,25.0,19.0,25.0,30.0,32.0,27.0,39.0,43.0,11.0,2.0,3.0,12.0,8.0,9.0,52.0,112.0,140.0,28.0,10.0,63.0,126.0,9.0,14.0,16.0,10.0,17.0,23.0,9.0,16.0,24.0,9.0,18.0,28.0,8.0,14.0,19.0,7.0,8.0,11.0,8.0,10.0,10.0,8.0,12.0,16.0,22.0,26.0,6.0,7.0
2017,5,9,1,84,18,5,1,13,1,80000000,71.2,28.5,3.0,6.0,14.0,7.0,19.0,20.0,30.0,23.0,25.0,35.0,25.0,30.0,43.0,27.0,39.0,1.0,11.0,2.0,3.0,12.0,8.0,130.0,151.0,18.0,18.0,532.0,25.0,32.0,9.0,14.0,16.0,10.0,18.0,23.0,8.0,16.0,23.0,8.0,18.0,27.0,8.0,15.0,20.0,7.0,8.0,11.0,7.0,10.0,10.0,2.0,20.0,28.0,29.0,44.0,3.0,9.0
2017,5,12,4,123,42,4,3,12,0,90000000,37.0,12.0,8.0,3.0,6.0,12.0,7.0,19.0,16.0,30.0,23.0,22.0,35.0,25.0,26.0,43.0,27.0,6.0,1.0,11.0,7.0,3.0,12.0,21.0,14.0,105.0,56.0,59.0,17.0,17.0,9.0,14.0,16.0,9.0,18.0,23.0,9.0,17.0,23.0,9.0,17.0,27.0,8.0,15.0,20.0,7.0,8.0,11.0,7.0,10.0,10.0,8.0,11.0,15.0,20.0,30.0,3.0,8.0
2017,5,16,1,84,22,3,1,11,1,97000000,29.0,11.0,2.0,8.0,3.0,20.0,12.0,7.0,28.0,16.0,30.0,29.0,22.0,35.0,44.0,26.0,43.0,3.0,6.0,1.0,9.0,7.0,3.0,7.0,21.0,102.0,742.0,221.0,4.0,18.0,8.0,13.0,16.0,8.0,17.0,23.0,9.0,17.0,23.0,9.0,18.0,28.0,9.0,15.0,21.0,7.0,8.0,11.0,7.0,10.0,10.0,9.0,11.0,12.0,19.0,30.0,4.0,9.0
2017,5,19,4,81,21,2,1,13,1,107000000,11.4,17.5,8.0,2.0,8.0,11.0,20.0,12.0,15.0,28.0,16.0,20.0,29.0,22.0,30.0,44.0,26.0,3.0,3.0,6.0,8.0,9.0,7.0,24.0,3.0,196.0,409.0,3.0,28.0,7.0,7.0,12.0,16.0,7.0,17.0,23.0,9.0,18.0,24.0,9.0,18.0,29.0,8.0,15.0,20.0,7.0,8.0,10.0,6.0,9.0,10.0,8.0,15.0,25.0,27.0,42.0,1.0,4.0
2017,5,23,1,117,34,2,2,5,1,116000000,28.0,11.0,9.0,8.0,2.0,11.0,11.0,20.0,12.0,15.0,28.0,19.0,20.0,29.0,30.0,30.0,44.0,4.0,3.0,3.0,9.0,8.0,9.0,7.0,154.0,25.0,60.0,84.0,18.0,91.0,6.0,12.0,15.0,7.0,17.0,22.0,8.0,17.0,24.0,9.0,18.0,29.0,8.0,15.0,19.0,6.0,8.0,10.0,7.0,10.0,10.0,5.0,7.0,26.0,36.0,39.0,2.0,10.0
2017,5,26,4,113,34,2,3,12,2,129000000,36.2,35.0,8.0,9.0,8.0,15.0,11.0,11.0,25.0,12.0,15.0,27.0,19.0,20.0,42.0,30.0,30.0,1.0,4.0,3.0,4.0,9.0,8.0,45.0,21.0,56.0,73.0,28.0,28.0,42.0,7.0,11.0,15.0,6.0,17.0,22.0,9.0,17.0,24.0,10.0,18.0,29.0,7.0,15.0,18.0,6.0,8.0,10.0,7.0,10.0,10.0,7.0,12.0,27.0,38.0,48.0,6.0,9.0
2017,5,30,1,132,41,3,3,15,1,139000000,29.6,16.0,5.0,8.0,9.0,7.0,15.0,11.0,26.0,25.0,12.0,36.0,27.0,19.0,39.0,42.0,30.0,2.0,1.0,4.0,10.0,4.0,9.0,109.0,21.0,130.0,42.0,102.0,21.0,11.0,8.0,12.0,15.0,6.0,17.0,22.0,9.0,17.0,23.0,10.0,18.0,29.0,8.0,16.0,18.0,6.0,8.0,10.0,7.0,10.0,10.0,8.0,10.0,24.0,33.0,42.0,3.0,9.0
2017,6,2,4,117,34,4,2,12,0,152000000,36.8,10.0,7.0,5.0,8.0,12.0,7.0,15.0,27.0,26.0,25.0,38.0,36.0,27.0,48.0,39.0,42.0,6.0,2.0,1.0,9.0,10.0,4.0,10.0,56.0,59.0,59.0,10.0,17.0,3.0,7.0,12.0,15.0,7.0,16.0,22.0,10.0,16.0,23.0,10.0,17.0,28.0,8.0,16.0,17.0,6.0,8.0,10.0,7.0,10.0,10.0,20.0,22.0,25.0,37.0,40.0,3.0,7.0
2017,6,6,1,144,20,3,2,10,0,17000000,53.2,16.0,8.0,7.0,5.0,10.0,12.0,7.0,24.0,27.0,26.0,33.0,38.0,36.0,42.0,48.0,39.0,3.0,6.0,2.0,9.0,9.0,10.0,959.0,49.0,14.0,179.0,179.0,4.0,28.0,7.0,12.0,16.0,7.0,15.0,21.0,9.0,15.0,23.0,10.0,17.0,29.0,8.0,17.0,18.0,5.0,7.0,10.0,6.0,10.0,10.0,9.0,20.0,27.0,39.0,43.0,10.0,11.0
2017,6,9,4,138,34,1,3,21,1,28000000,16.6,26.0,20.0,8.0,7.0,22.0,10.0,12.0,25.0,24.0,27.0,37.0,33.0,38.0,40.0,42.0,48.0,3.0,3.0,6.0,7.0,9.0,9.0,21.0,28.0,10.0,168.0,35.0,196.0,80.0,6.0,12.0,16.0,7.0,14.0,21.0,8.0,15.0,23.0,10.0,18.0,28.0,8.0,17.0,18.0,6.0,8.0,11.0,6.0,10.0,10.0,3.0,12.0,22.0,27.0,49.0,4.0,11.0
2017,6,13,1,113,46,2,2,15,1,37000000,23.4,12.5,9.0,20.0,8.0,20.0,22.0,10.0,27.0,25.0,24.0,39.0,37.0,33.0,43.0,40.0,42.0,10.0,3.0,3.0,11.0,7.0,9.0,39.0,14.0,63.0,21.0,53.0,25.0,4.0,7.0,12.0,16.0,7.0,14.0,21.0,8.0,15.0,23.0,9.0,18.0,28.0,8.0,16.0,18.0,6.0,8.0,11.0,6.0,10.0,10.0,15.0,17.0,38.0,41.0,42.0,9.0,12.0
2017,6,16,4,153,27,2,3,21,1,50000000,43.0,29.5,3.0,9.0,20.0,12.0,20.0,22.0,22.0,27.0,25.0,27.0,39.0,37.0,49.0,43.0,40.0,4.0,10.0,3.0,11.0,11.0,7.0,395.0,84.0,98.0,182.0,14.0,161.0,45.0,7.0,13.0,17.0,8.0,14.0,21.0,8.0,16.0,23.0,9.0,18.0,29.0,7.0,15.0,18.0,7.0,9.0,11.0,7.0,10.0,10.0,11.0,18.0,26.0,43.0,44.0,8.0,10.0
2017,6,20,1,142,33,3,3,18,2,59000000,54.4,23.0,15.0,3.0,9.0,17.0,12.0,20.0,38.0,22.0,27.0,41.0,27.0,39.0,42.0,49.0,43.0,9.0,4.0,10.0,12.0,11.0,11.0,361.0,627.0,25.0,154.0,39.0,102.0,25.0,8.0,14.0,18.0,9.0,15.0,22.0,7.0,15.0,23.0,9.0,19.0,29.0,8.0,15.0,18.0,8.0,10.0,10.0,6.0,10.0,10.0,3.0,4.0,21.0,31.0,38.0,3.0,7.0
2017,6,23,4,97,35,2,2,10,0,73000000,45.2,17.0,11.0,15.0,3.0,18.0,17.0,12.0,26.0,38.0,22.0,43.0,41.0,27.0,44.0,42.0,49.0,8.0,9.0,4.0,10.0,12.0,11.0,10.0,119.0,91.0,73.0,206.0,17.0,17.0,8.0,14.0,18.0,9.0,16.0,22.0,7.0,16.0,23.0,9.0,19.0,29.0,8.0,15.0,19.0,8.0,10.0,10.0,6.0,10.0,10.0,9.0,17.0,21.0,28.0,45.0,1.0,3.0
2017,6,27,1,120,36,1,2,4,0,79000000,29.8,19.5,3.0,11.0,15.0,4.0,18.0,17.0,21.0,26.0,38.0,31.0,43.0,41.0,38.0,44.0,42.0,3.0,8.0,9.0,7.0,10.0,12.0,18.0,11.0,4.0,88.0,70.0,35.0,53.0,8.0,14.0,18.0,8.0,15.0,21.0,7.0,16.0,23.0,10.0,19.0,28.0,9.0,15.0,19.0,8.0,10.0,10.0,6.0,10.0,10.0,17.0,35.0,39.0,47.0,50.0,6.0,8.0
2017,6,30,4,188,33,1,4,14,2,100000000,53.0,20.5,9.0,3.0,11.0,17.0,4.0,18.0,21.0,21.0,26.0,28.0,31.0,43.0,45.0,38.0,44.0,1.0,3.0,8.0,3.0,7.0,10.0,73.0,273.0,280.0,112.0,84.0,31.0,45.0,8.0,13.0,18.0,8.0,15.0,22.0,8.0,17.0,23.0,10.0,20.0,27.0,9.0,14.0,19.0,7.0,10.0,10.0,7.0,9.0,10.0,10.0,22.0,25.0,37.0,49.0,5.0,8.0
2017,7,4,1,143,39,2,2,13,1,17000000,26.0,39.0,17.0,9.0,3.0,35.0,17.0,4.0,39.0,21.0,21.0,47.0,28.0,31.0,50.0,45.0,38.0,6.0,1.0,3.0,8.0,3.0,7.0,126.0,28.0,28.0,28.0,21.0,77.0,4.0,8.0,14.0,18.0,8.0,15.0,22.0,8.0,17.0,23.0,9.0,20.0,27.0,8.0,14.0,19.0,8.0,10.0,10.0,7.0,9.0,10.0,11.0,20.0,35.0,37.0,45.0,3.0,6.0
2017,7,7,4,148,34,1,3,9,1,28000000,13.0,8.5,10.0,17.0,9.0,22.0,35.0,17.0,25.0,39.0,21.0,37.0,47.0,28.0,49.0,50.0,45.0,5.0,6.0,1.0,8.0,8.0,3.0,17.0,28.0,392.0,3.0,10.0,14.0,94.0,7.0,14.0,18.0,7.0,14.0,22.0,8.0,18.0,24.0,8.0,20.0,26.0,8.0,14.0,19.0,8.0,10.0,10.0,7.0,10.0,10.0,14.0,22.0,26.0,42.0,50.0,8.0,10.0
2017,7,11,1,154,36,5,3,18,2,17000000,27.6,14.0,11.0,10.0,17.0,20.0,22.0,35.0,35.0,25.0,39.0,37.0,37.0,47.0,45.0,49.0,50.0,3.0,5.0,6.0,6.0,8.0,8.0,74.0,7.0,21.0,238.0,11.0,21.0,21.0,7.0,13.0,18.0,7.0,13.0,21.0,8.0,17.0,24.0,9.0,20.0,27.0,7.0,13.0,19.0,8.0,10.0,10.0,7.0,10.0,10.0,11.0,14.0,20.0,21.0,47.0,7.0,10.0
2017,7,14,4,113,36,2,1,17,1,17000000,9.6,12.0,14.0,11.0,10.0,22.0,20.0,22.0,26.0,35.0,25.0,42.0,37.0,37.0,50.0,45.0,49.0,8.0,3.0,5.0,10.0,6.0,8.0,7.0,91.0,91.0,189.0,115.0,199.0,3.0,7.0,13.0,18.0,8.0,14.0,21.0,8.0,17.0,24.0,9.0,21.0,28.0,7.0,14.0,19.0,8.0,11.0,11.0,7.0,10.0,10.0,1.0,25.0,27.0,41.0,45.0,5.0,7.0
2017,7,18,1,139,44,0,3,12,0,25000000,39.4,9.0,11.0,14.0,11.0,14.0,22.0,20.0,20.0,26.0,35.0,21.0,42.0,37.0,47.0,50.0,45.0,7.0,8.0,3.0,10.0,10.0,6.0,105.0,151.0,39.0,32.0,11.0,14.0,25.0,8.0,14.0,18.0,8.0,14.0,21.0,8.0,17.0,23.0,8.0,21.0,27.0,7.0,14.0,18.0,7.0,11.0,11.0,6.0,9.0,10.0,1.0,8.0,9.0,26.0,49.0,5.0,9.0
2017,7,21,4,93,48,2,2,14,0,36000000,20.6,19.0,1.0,11.0,14.0,25.0,14.0,22.0,27.0,20.0,26.0,41.0,21.0,42.0,45.0,47.0,50.0,5.0,7.0,8.0,7.0,10.0,10.0,3.0,308.0,465.0,189.0,17.0,3.0,49.0,7.0,14.0,18.0,9.0,15.0,22.0,8.0,17.0,24.0,9.0,21.0,28.0,6.0,14.0,18.0,6.0,11.0,11.0,6.0,9.0,10.0,12.0,14.0,43.0,44.0,48.0,2.0,11.0
2017,7,25,1,161,36,4,3,13,1,45000000,35.8,51.0,1.0,1.0,11.0,8.0,25.0,14.0,9.0,27.0,20.0,26.0,41.0,21.0,49.0,45.0,47.0,5.0,5.0,7.0,9.0,7.0,10.0,322.0,11.0,350.0,126.0,56.0,60.0,42.0,8.0,15.0,19.0,8.0,15.0,22.0,9.0,18.0,24.0,9.0,21.0,28.0,6.0,14.0,18.0,7.0,11.0,11.0,7.0,9.0,10.0,5.0,9.0,29.0,31.0,41.0,2.0,4.0
2017,7,28,4,115,36,0,3,6,2,57000000,38.4,24.0,12.0,1.0,1.0,14.0,8.0,25.0,43.0,9.0,27.0,44.0,26.0,41.0,48.0,49.0,45.0,2.0,5.0,5.0,11.0,9.0,7.0,63.0,115.0,147.0,35.0,304.0,3.0,66.0,8.0,14.0,19.0,8.0,15.0,22.0,10.0,18.0,24.0,9.0,20.0,27.0,6.0,14.0,19.0,7.0,10.0,11.0,8.0,9.0,10.0,14.0,21.0,24.0,29.0,30.0,8.0,10.0
2017,8,1,1,118,16,3,2,18,2,17000000,32.6,19.5,5.0,12.0,1.0,9.0,14.0,8.0,29.0,43.0,9.0,31.0,44.0,26.0,41.0,48.0,49.0,2.0,2.0,5.0,4.0,11.0,9.0,21.0,112.0,60.0,81.0,74.0,21.0,18.0,7.0,14.0,19.0,8.0,16.0,22.0,10.0,17.0,24.0,9.0,19.0,27.0,7.0,14.0,19.0,6.0,10.0,11.0,7.0,9.0,10.0,29.0,30.0,36.0,40.0,41.0,2.0,9.0
2017,8,4,4,176,12,3,5,11,1,28000000,28.4,10.5,14.0,5.0,12.0,21.0,9.0,14.0,24.0,29.0,43.0,29.0,31.0,44.0,30.0,41.0,48.0,8.0,2.0,2.0,10.0,4.0,11.0,931.0,563.0,262.0,171.0,7.0,7.0,14.0,7.0,15.0,20.0,8.0,17.0,23.0,10.0,17.0,25.0,9.0,19.0,27.0,7.0,13.0,19.0,5.0,10.0,11.0,7.0,9.0,10.0,15.0,25.0,26.0,40.0,41.0,4.0,5.0
2017,8,8,1,147,26,2,3,9,1,36000000,20.0,14.5,29.0,14.0,5.0,30.0,21.0,9.0,36.0,24.0,29.0,40.0,29.0,31.0,41.0,30.0,41.0,2.0,8.0,2.0,9.0,10.0,4.0,53.0,21.0,28.0,4.0,4.0,56.0,109.0,7.0,14.0,20.0,8.0,17.0,23.0,9.0,16.0,25.0,9.0,19.0,27.0,7.0,13.0,19.0,6.0,10.0,11.0,7.0,10.0,10.0,18.0,28.0,39.0,46.0,48.0,5.0,12.0
2017,8,11,4,179,30,4,4,17,1,17000000,58.4,29.5,15.0,29.0,14.0,25.0,30.0,21.0,26.0,36.0,24.0,40.0,40.0,29.0,41.0,41.0,30.0,4.0,2.0,8.0,5.0,9.0,10.0,598.0,241.0,42.0,189.0,17.0,21.0,56.0,8.0,15.0,20.0,8.0,18.0,24.0,9.0,15.0,24.0,9.0,19.0,28.0,7.0,13.0,19.0,5.0,10.0,11.0,7.0,10.0,10.0,10.0,14.0,30.0,35.0,46.0,4.0,10.0
2017,8,15,1,135,36,4,3,14,2,24000000,22.0,10.5,18.0,15.0,29.0,28.0,25.0,30.0,39.0,26.0,36.0,46.0,40.0,40.0,48.0,41.0,41.0,5.0,4.0,2.0,12.0,5.0,9.0,42.0,21.0,102.0,102.0,140.0,7.0,14.0,9.0,15.0,19.0,7.0,17.0,24.0,10.0,15.0,24.0,9.0,19.0,27.0,7.0,14.0,19.0,5.0,10.0,11.0,7.0,10.0,10.0,2.0,24.0,39.0,42.0,45.0,2.0,8.0
2017,8,18,4,152,43,3,3,10,2,35000000,38.2,15.5,10.0,18.0,15.0,14.0,28.0,25.0,30.0,39.0,26.0,35.0,46.0,40.0,46.0,48.0,41.0,4.0,5.0,4.0,10.0,12.0,5.0,98.0,140.0,7.0,38.0,31.0,14.0,45.0,9.0,16.0,19.0,8.0,17.0,24.0,9.0,15.0,23.0,9.0,19.0,27.0,6.0,14.0,19.0,4.0,10.0,11.0,8.0,10.0,10.0,3.0,10.0,12.0,17.0,27.0,3.0,5.0
2017,8,22,1,69,24,2,1,8,0,43000000,36.6,28.5,2.0,10.0,18.0,24.0,14.0,28.0,39.0,30.0,39.0,42.0,35.0,46.0,45.0,46.0,48.0,2.0,4.0,5.0,8.0,10.0,12.0,60.0,81.0,95.0,210.0,112.0,46.0,14.0,10.0,16.0,19.0,9.0,16.0,24.0,9.0,16.0,23.0,9.0,19.0,28.0,7.0,14.0,19.0,5.0,10.0,11.0,7.0,10.0,10.0,1.0,5.0,7.0,15.0,47.0,9.0,12.0
2017,8,25,4,75,46,0,1,21,1,17000000,41.8,17.5,3.0,2.0,10.0,10.0,24.0,14.0,12.0,39.0,30.0,17.0,42.0,35.0,27.0,45.0,46.0,3.0,2.0,4.0,5.0,8.0,10.0,35.0,164.0,213.0,745.0,42.0,70.0,14.0,10.0,15.0,19.0,9.0,17.0,24.0,9.0,17.0,24.0,9.0,19.0,29.0,7.0,14.0,19.0,6.0,10.0,11.0,7.0,10.0,10.0,4.0,12.0,15.0,32.0,38.0,1.0,5.0
2017,8,29,1,101,34,4,2,6,0,17000000,54.2,35.0,1.0,3.0,2.0,5.0,10.0,24.0,7.0,12.0,39.0,15.0,17.0,42.0,47.0,27.0,45.0,9.0,3.0,2.0,12.0,5.0,8.0,137.0,77.0,105.0,126.0,67.0,63.0,7.0,10.0,15.0,19.0,10.0,17.0,23.0,9.0,18.0,23.0,9.0,19.0,28.0,8.0,14.0,19.0,7.0,10.0,11.0,6.0,10.0,10.0,3.0,7.0,8.0,14.0,49.0,5.0,8.0
2017,9,1,4,81,46,2,1,13,1,28000000,23.6,8.5,4.0,1.0,3.0,12.0,5.0,10.0,15.0,7.0,12.0,32.0,15.0,17.0,38.0,47.0,27.0,1.0,9.0,3.0,5.0,12.0,5.0,10.0,98.0,752.0,413.0,42.0,21.0,14.0,9.0,14.0,18.0,10.0,18.0,22.0,9.0,19.0,24.0,9.0,20.0,29.0,9.0,13.0,19.0,7.0,10.0,11.0,5.0,10.0,10.0,6.0,9.0,18.0,28.0,29.0,1.0,9.0
2017,9,5,1,90,23,3,2,10,0,17000000,49.4,9.0,3.0,4.0,1.0,7.0,12.0,5.0,8.0,15.0,7.0,14.0,32.0,15.0,49.0,38.0,47.0,5.0,1.0,9.0,8.0,5.0,12.0,126.0,39.0,242.0,70.0,714.0,7.0,32.0,9.0,15.0,18.0,10.0,18.0,22.0,9.0,20.0,25.0,9.0,19.0,29.0,9.0,13.0,20.0,6.0,9.0,11.0,5.0,10.0,10.0,9.0,24.0,42.0,47.0,49.0,1.0,5.0
2017,9,8,4,171,40,2,3,6,0,28000000,13.2,5.0,6.0,3.0,4.0,9.0,7.0,12.0,18.0,8.0,15.0,28.0,14.0,32.0,29.0,49.0,38.0,1.0,5.0,1.0,9.0,8.0,5.0,73.0,21.0,700.0,70.0,7.0,3.0,10.0,9.0,15.0,18.0,9.0,18.0,22.0,9.0,20.0,26.0,10.0,18.0,29.0,9.0,13.0,19.0,6.0,9.0,11.0,5.0,10.0,10.0,10.0,17.0,27.0,29.0,35.0,4.0,11.0
2017,9,12,1,118,25,1,3,15,1,36000000,19.6,38.5,9.0,6.0,3.0,24.0,9.0,7.0,42.0,18.0,8.0,47.0,28.0,14.0,49.0,29.0,49.0,1.0,1.0,5.0,5.0,9.0,8.0,28.0,77.0,56.0,42.0,637.0,28.0,49.0,8.0,15.0,18.0,9.0,18.0,22.0,9.0,19.0,26.0,10.0,18.0,29.0,9.0,13.0,20.0,6.0,9.0,11.0,6.0,10.0,10.0,13.0,18.0,37.0,44.0,49.0,9.0,12.0
2017,9,15,4,161,36,2,3,21,1,130000000,57.2,15.5,10.0,9.0,6.0,17.0,24.0,9.0,27.0,42.0,18.0,29.0,47.0,28.0,35.0,49.0,29.0,4.0,1.0,1.0,11.0,5.0,9.0,206.0,87.0,350.0,52.0,7.0,21.0,21.0,8.0,16.0,19.0,9.0,18.0,22.0,10.0,20.0,27.0,10.0,17.0,29.0,8.0,12.0,20.0,6.0,9.0,11.0,6.0,10.0,10.0,1.0,8.0,21.0,30.0,45.0,2.0,3.0
2017,9,19,1,105,44,2,2,5,1,139000000,31.8,30.0,13.0,10.0,9.0,18.0,17.0,24.0,37.0,27.0,42.0,44.0,29.0,47.0,49.0,35.0,49.0,9.0,4.0,1.0,12.0,11.0,5.0,25.0,60.0,84.0,144.0,32.0,32.0,84.0,8.0,16.0,19.0,9.0,17.0,22.0,10.0,20.0,27.0,10.0,18.0,29.0,7.0,12.0,20.0,6.0,9.0,11.0,6.0,10.0,10.0,6.0,11.0,31.0,39.0,42.0,1.0,3.0
2017,9,22,4,129,36,2,3,4,0,153000000,38.4,8.5,1.0,13.0,10.0,8.0,18.0,17.0,21.0,37.0,27.0,30.0,44.0,29.0,45.0,49.0,35.0,2.0,9.0,4.0,3.0,12.0,11.0,17.0,126.0,157.0,105.0,98.0,14.0,3.0,7.0,16.0,19.0,10.0,18.0,22.0,10.0,21.0,27.0,10.0,19.0,29.0,8.0,13.0,20.0,6.0,9.0,11.0,6.0,10.0,10.0,1.0,29.0,40.0,41.0,48.0,6.0,12.0
2017,9,26,1,159,47,2,4,18,2,163000000,33.0,46.0,6.0,1.0,13.0,11.0,8.0,18.0,31.0,21.0,37.0,39.0,30.0,44.0,42.0,45.0,49.0,1.0,2.0,9.0,3.0,3.0,12.0,7.0,669.0,508.0,70.0,46.0,88.0,11.0,7.0,15.0,19.0,10.0,18.0,23.0,10.0,22.0,28.0,10.0,19.0,29.0,8.0,13.0,19.0,6.0,9.0,11.0,6.0,10.0,10.0,7.0,18.0,19.0,32.0,48.0,3.0,7.0
2017,9,29,4,124,41,3,2,10,0,177000000,41.8,40.0,1.0,6.0,1.0,29.0,11.0,8.0,40.0,31.0,21.0,41.0,39.0,30.0,48.0,42.0,45.0,6.0,1.0,2.0,12.0,3.0,3.0,122.0,14.0,157.0,31.0,3.0,38.0,73.0,8.0,16.0,19.0,9.0,18.0,23.0,10.0,22.0,28.0,9.0,19.0,29.0,7.0,13.0,19.0,7.0,9.0,11.0,7.0,10.0,10.0,6.0,24.0,32.0,48.0,50.0,1.0,5.0
2017,10,3,1,160,44,5,3,6,0,190000000,25.6,18.0,7.0,1.0,6.0,18.0,29.0,11.0,19.0,40.0,31.0,32.0,41.0,39.0,48.0,48.0,42.0,3.0,6.0,1.0,7.0,12.0,3.0,11.0,25.0,396.0,210.0,84.0,11.0,25.0,7.0,16.0,19.0,8.0,17.0,23.0,10.0,22.0,29.0,10.0,19.0,30.0,7.0,13.0,19.0,7.0,9.0,11.0,7.0,9.0,10.0,1.0,9.0,15.0,19.0,25.0,1.0,7.0
2017,10,6,4,69,24,0,0,8,0,190000000,28.4,5.0,6.0,7.0,1.0,24.0,18.0,29.0,32.0,19.0,40.0,48.0,32.0,41.0,50.0,48.0,48.0,1.0,3.0,6.0,5.0,7.0,12.0,10.0,31.0,38.0,140.0,1025.0,3.0,7.0,6.0,16.0,19.0,7.0,16.0,23.0,10.0,22.0,29.0,10.0,20.0,29.0,8.0,14.0,19.0,6.0,9.0,11.0,6.0,9.0,10.0,4.0,21.0,34.0,36.0,37.0,3.0,6.0
2017,10,10,1,132,33,3,3,9,1,17000000,68.8,12.5,1.0,6.0,7.0,9.0,24.0,18.0,15.0,32.0,19.0,19.0,48.0,32.0,25.0,50.0,48.0,1.0,1.0,3.0,7.0,5.0,7.0,42.0,70.0,420.0,137.0,343.0,11.0,95.0,7.0,15.0,19.0,8.0,16.0,23.0,10.0,22.0,30.0,10.0,20.0,29.0,8.0,15.0,20.0,6.0,8.0,11.0,6.0,10.0,10.0,23.0,29.0,37.0,45.0,50.0,5.0,11.0
2017,10,13,4,184,27,1,4,16,0,31000000,43.6,20.5,4.0,1.0,6.0,21.0,9.0,24.0,34.0,15.0,32.0,36.0,19.0,48.0,37.0,25.0,50.0,3.0,1.0,1.0,6.0,7.0,5.0,598.0,17.0,28.0,234.0,10.0,42.0,31.0,7.0,16.0,20.0,8.0,16.0,22.0,9.0,22.0,30.0,10.0,21.0,30.0,8.0,15.0,20.0,7.0,8.0,11.0,6.0,10.0,10.0,13.0,17.0,19.0,26.0,36.0,2.0,3.0
2017,10,17,1,111,23,2,2,5,1,41000000,31.0,17.5,23.0,4.0,1.0,29.0,21.0,9.0,37.0,34.0,15.0,45.0,36.0,19.0,50.0,37.0,25.0,5.0,3.0,1.0,11.0,6.0,7.0,32.0,35.0,18.0,88.0,214.0,28.0,25.0,6.0,16.0,20.0,8.0,16.0,22.0,8.0,21.0,30.0,10.0,21.0,30.0,8.0,16.0,21.0,6.0,8.0,11.0,6.0,10.0,10.0,4.0,17.0,23.0,27.0,30.0,3.0,8.0
2017,10,20,4,101,26,2,2,11,1,54000000,17.8,26.0,13.0,23.0,4.0,17.0,29.0,21.0,19.0,37.0,34.0,26.0,45.0,36.0,36.0,50.0,37.0,2.0,5.0,3.0,3.0,11.0,6.0,10.0,3.0,171.0,129.0,80.0,10.0,49.0,6.0,15.0,20.0,8.0,16.0,22.0,9.0,21.0,30.0,10.0,22.0,30.0,8.0,16.0,21.0,5.0,8.0,11.0,7.0,10.0,10.0,9.0,11.0,13.0,27.0,33.0,7.0,10.0
2017,10,24,1,93,24,0,2,17,1,64000000,41.0,44.0,4.0,13.0,23.0,17.0,17.0,29.0,23.0,19.0,37.0,27.0,26.0,45.0,30.0,36.0,50.0,3.0,2.0,5.0,8.0,3.0,11.0,46.0,32.0,242.0,4.0,193.0,102.0,70.0,7.0,14.0,20.0,7.0,16.0,21.0,9.0,21.0,31.0,9.0,21.0,29.0,8.0,17.0,22.0,6.0,9.0,10.0,8.0,9.0,10.0,3.0,16.0,23.0,32.0,39.0,1.0,4.0
2017,10,27,4,113,36,2,2,5,1,17000000,58.6,33.0,9.0,4.0,13.0,11.0,17.0,17.0,13.0,23.0,19.0,27.0,27.0,26.0,33.0,30.0,36.0,7.0,3.0,2.0,10.0,8.0,3.0,56.0,283.0,7.0,28.0,154.0,21.0,91.0,8.0,13.0,20.0,8.0,17.0,22.0,8.0,20.0,31.0,8.0,21.0,29.0,8.0,18.0,22.0,6.0,8.0,10.0,9.0,10.0,10.0,1.0,12.0,36.0,43.0,46.0,3.0,5.0
2017,10,31,1,138,45,3,3,8,0,17000000,55.4,14.5,3.0,9.0,4.0,16.0,11.0,17.0,23.0,13.0,23.0,32.0,27.0,27.0,39.0,33.0,30.0,1.0,7.0,3.0,4.0,10.0,8.0,25.0,63.0,88.0,133.0,77.0,11.0,28.0,8.0,12.0,20.0,9.0,16.0,22.0,8.0,20.0,30.0,8.0,22.0,28.0,9.0,18.0,21.0,5.0,8.0,10.0,8.0,10.0,10.0,5.0,12.0,17.0,33.0,41.0,4.0,9.0
2017,11,3,4,108,36,1,2,13,1,28000000,27.0,28.0,1.0,3.0,9.0,12.0,16.0,11.0,36.0,23.0,13.0,43.0,32.0,27.0,46.0,39.0,33.0,3.0,1.0,7.0,5.0,4.0,10.0,98.0,3.0,276.0,154.0,87.0,52.0,59.0,8.0,12.0,20.0,8.0,15.0,22.0,9.0,20.0,30.0,9.0,22.0,28.0,9.0,18.0,21.0,6.0,8.0,10.0,9.0,10.0,10.0,7.0,19.0,20.0,37.0,41.0,2.0,12.0
2017,11,7,1,124,34,1,2,14,2,17000000,41.0,31.5,5.0,1.0,3.0,12.0,12.0,16.0,17.0,36.0,23.0,33.0,43.0,32.0,41.0,46.0,39.0,4.0,3.0,1.0,9.0,5.0,4.0,39.0,189.0,116.0,123.0,4.0,21.0,42.0,8.0,11.0,20.0,8.0,15.0,23.0,9.0,21.0,30.0,9.0,22.0,27.0,9.0,18.0,21.0,6.0,8.0,10.0,10.0,10.0,10.0,13.0,22.0,29.0,36.0,37.0,1.0,9.0
2017,11,10,4,137,24,2,3,10,0,29000000,36.0,10.5,7.0,5.0,1.0,19.0,12.0,12.0,20.0,17.0,36.0,37.0,33.0,43.0,41.0,41.0,46.0,2.0,4.0,3.0,12.0,9.0,5.0,24.0,122.0,105.0,31.0,31.0,14.0,7.0,8.0,11.0,20.0,8.0,15.0,23.0,9.0,21.0,30.0,8.0,21.0,27.0,8.0,18.0,21.0,6.0,8.0,10.0,9.0,10.0,10.0,14.0,16.0,39.0,40.0,41.0,8.0,10.0
2017,11,14,1,150,27,3,3,18,2,38000000,33.2,23.0,13.0,7.0,5.0,22.0,19.0,12.0,29.0,20.0,17.0,36.0,37.0,33.0,37.0,41.0,41.0,1.0,2.0,4.0,9.0,12.0,9.0,105.0,18.0,88.0,98.0,7.0,105.0,21.0,9.0,11.0,20.0,7.0,15.0,22.0,9.0,21.0,30.0,9.0,21.0,27.0,8.0,18.0,21.0,7.0,9.0,10.0,8.0,10.0,10.0,20.0,26.0,35.0,36.0,42.0,5.0,12.0
2017,11,17,4,159,22,4,4,17,1,50000000,34.0,13.5,14.0,13.0,7.0,16.0,22.0,19.0,39.0,29.0,20.0,40.0,36.0,37.0,41.0,37.0,41.0,8.0,1.0,2.0,10.0,9.0,12.0,164.0,353.0,133.0,7.0,56.0,35.0,10.0,9.0,12.0,20.0,7.0,15.0,23.0,9.0,21.0,30.0,8.0,20.0,27.0,8.0,17.0,21.0,7.0,9.0,10.0,7.0,10.0,10.0,2.0,10.0,14.0,28.0,31.0,5.0,7.0
2017,11,21,1,85,29,4,2,12,0,60000000,61.8,16.0,20.0,14.0,13.0,26.0,16.0,22.0,35.0,39.0,29.0,36.0,40.0,36.0,42.0,41.0,37.0,5.0,8.0,1.0,12.0,10.0,9.0,95.0,91.0,413.0,77.0,987.0,4.0,46.0,10.0,13.0,20.0,8.0,15.0,23.0,9.0,21.0,31.0,8.0,19.0,26.0,8.0,17.0,22.0,7.0,9.0,10.0,7.0,10.0,10.0,19.0,24.0,28.0,30.0,50.0,3.0,10.0
2017,11,24,4,151,31,4,3,13,1,73000000,29.8,17.0,2.0,20.0,14.0,10.0,26.0,16.0,14.0,35.0,39.0,28.0,36.0,40.0,31.0,42.0,41.0,5.0,5.0,8.0,7.0,12.0,10.0,280.0,52.0,196.0,66.0,42.0,24.0,10.0,10.0,14.0,20.0,8.0,15.0,23.0,10.0,22.0,32.0,9.0,19.0,26.0,8.0,16.0,22.0,7.0,9.0,10.0,6.0,10.0,10.0,1.0,6.0,12.0,18.0,42.0,2.0,7.0
2017,11,28,1,79,41,4,1,9,1,80000000,36.0,14.0,19.0,2.0,20.0,24.0,10.0,26.0,28.0,14.0,35.0,30.0,28.0,36.0,50.0,31.0,42.0,3.0,5.0,5.0,10.0,7.0,12.0,28.0,466.0,98.0,879.0,11.0,21.0,7.0,9.0,14.0,20.0,8.0,15.0,24.0,10.0,22.0,32.0,9.0,19.0,27.0,7.0,16.0,21.0,6.0,9.0,10.0,6.0,10.0,10.0,5.0,24.0,29.0,35.0,46.0,11.0,12.0
2017,12,1,4,139,41,2,3,23,1,89000000,20.2,31.5,1.0,19.0,2.0,6.0,24.0,10.0,12.0,28.0,14.0,18.0,30.0,28.0,42.0,50.0,31.0,2.0,3.0,5.0,7.0,10.0,7.0,28.0,7.0,21.0,108.0,31.0,213.0,14.0,8.0,14.0,20.0,8.0,15.0,24.0,9.0,21.0,32.0,9.0,20.0,27.0,6.0,15.0,20.0,7.0,10.0,10.0,5.0,10.0,10.0,11.0,36.0,43.0,44.0,48.0,2.0,7.0
2017,12,5,1,182,37,3,4,9,1,97000000,47.8,7.0,5.0,1.0,19.0,24.0,6.0,24.0,29.0,12.0,28.0,35.0,18.0,30.0,46.0,42.0,50.0,11.0,2.0,3.0,12.0,7.0,10.0,144.0,270.0,133.0,81.0,67.0,7.0,7.0,9.0,15.0,20.0,9.0,16.0,25.0,9.0,21.0,31.0,9.0,19.0,27.0,7.0,15.0,20.0,7.0,10.0,10.0,4.0,10.0,10.0,4.0,22.0,30.0,32.0,34.0,3.0,4.0
2017,12,8,4,122,30,5,3,7,1,106000000,38.4,24.5,11.0,5.0,1.0,36.0,24.0,6.0,43.0,29.0,12.0,44.0,35.0,18.0,48.0,46.0,42.0,2.0,11.0,2.0,7.0,12.0,7.0,49.0,28.0,115.0,42.0,248.0,14.0,42.0,10.0,14.0,20.0,8.0,16.0,25.0,9.0,21.0,30.0,9.0,18.0,27.0,8.0,15.0,21.0,6.0,10.0,10.0,5.0,10.0,10.0,20.0,37.0,39.0,44.0,50.0,4.0,8.0
2017,12,12,1,190,30,3,4,12,2,115000000,22.0,16.0,4.0,11.0,5.0,22.0,36.0,24.0,30.0,43.0,29.0,32.0,44.0,35.0,34.0,48.0,46.0,3.0,2.0,11.0,4.0,7.0,12.0,25.0,280.0,28.0,7.0,18.0,39.0,53.0,9.0,14.0,20.0,8.0,17.0,26.0,8.0,21.0,30.0,8.0,18.0,27.0,8.0,14.0,20.0,7.0,9.0,10.0,6.0,10.0,10.0,25.0,30.0,31.0,42.0,50.0,2.0,11.0
2017,12,15,4,178,25,3,4,13,1,126000000,24.2,12.0,20.0,4.0,11.0,37.0,22.0,36.0,39.0,30.0,43.0,44.0,32.0,44.0,50.0,34.0,48.0,4.0,3.0,2.0,8.0,4.0,7.0,3185.0,133.0,84.0,119.0,3.0,10.0,63.0,9.0,15.0,21.0,9.0,17.0,25.0,9.0,20.0,30.0,9.0,19.0,27.0,7.0,13.0,20.0,6.0,9.0,10.0,6.0,10.0,10.0,8.0,15.0,30.0,38.0,46.0,4.0,7.0
2017,12,19,1,137,38,4,3,11,1,135000000,59.8,10.5,25.0,20.0,4.0,30.0,37.0,22.0,31.0,39.0,30.0,42.0,44.0,32.0,50.0,50.0,34.0,2.0,4.0,3.0,11.0,8.0,4.0,200.0,210.0,11.0,203.0,18.0,7.0,14.0,9.0,16.0,22.0,9.0,18.0,26.0,9.0,20.0,30.0,9.0,19.0,28.0,6.0,13.0,20.0,5.0,9.0,10.0,6.0,10.0,10.0,5.0,24.0,30.0,31.0,43.0,3.0,6.0
2017,12,22,4,133,38,2,3,9,1,17000000,13.8,43.5,8.0,25.0,20.0,15.0,30.0,37.0,30.0,31.0,39.0,38.0,42.0,44.0,46.0,50.0,50.0,4.0,2.0,4.0,7.0,11.0,8.0,21.0,21.0,3.0,147.0,196.0,14.0,73.0,9.0,16.0,21.0,8.0,18.0,25.0,8.0,19.0,30.0,9.0,19.0,28.0,7.0,14.0,21.0,5.0,8.0,10.0,7.0,10.0,10.0,4.0,17.0,30.0,43.0,44.0,2.0,10.0
2017,12,26,1,138,40,3,3,12,2,25000000,18.6,21.5,5.0,8.0,25.0,24.0,15.0,30.0,30.0,30.0,31.0,31.0,38.0,42.0,43.0,46.0,50.0,3.0,4.0,2.0,6.0,7.0,11.0,18.0,67.0,4.0,56.0,189.0,11.0,32.0,8.0,16.0,21.0,8.0,17.0,25.0,7.0,19.0,29.0,9.0,19.0,28.0,7.0,15.0,22.0,4.0,8.0,10.0,7.0,10.0,10.0,4.0,8.0,22.0,23.0,48.0,1.0,12.0
2017,12,29,4,105,44,4,1,13,1,37000000,24.2,38.5,4.0,5.0,8.0,17.0,24.0,15.0,30.0,30.0,30.0,43.0,31.0,38.0,44.0,43.0,46.0,2.0,3.0,4.0,10.0,6.0,7.0,3.0,101.0,199.0,259.0,24.0,49.0,28.0,7.0,15.0,21.0,9.0,18.0,24.0,7.0,19.0,30.0,9.0,19.0,29.0,7.0,15.0,22.0,5.0,8.0,10.0,7.0,10.0,10.0,10.0,20.0,21.0,28.0,48.0,1.0,8.0
2018,1,2,1,127,38,4,2,9,1,17000000,38.0,12.5,4.0,4.0,5.0,8.0,17.0,24.0,22.0,30.0,30.0,23.0,43.0,31.0,48.0,44.0,43.0,1.0,2.0,3.0,12.0,10.0,6.0,112.0,179.0,105.0,42.0,4.0,4.0,21.0,7.0,16.0,21.0,9.0,18.0,25.0,7.0,19.0,30.0,9.0,18.0,29.0,6.0,14.0,22.0,5.0,8.0,10.0,7.0,10.0,10.0,2.0,5.0,20.0,38.0,41.0,4.0,8.0
2018,1,5,4,106,39,3,2,12,2,28000000,26.2,10.0,10.0,4.0,4.0,20.0,8.0,17.0,21.0,22.0,30.0,28.0,23.0,43.0,48.0,48.0,44.0,1.0,1.0,2.0,8.0,12.0,10.0,45.0,133.0,59.0,17.0,52.0,17.0,3.0,8.0,16.0,21.0,10.0,18.0,25.0,7.0,18.0,30.0,8.0,18.0,28.0,7.0,14.0,22.0,4.0,8.0,10.0,7.0,10.0,10.0,6.0,12.0,15.0,38.0,49.0,2.0,9.0
2018,1,9,1,120,43,3,2,11,1,37000000,45.0,37.0,2.0,10.0,4.0,5.0,20.0,8.0,20.0,21.0,22.0,38.0,28.0,23.0,41.0,48.0,48.0,4.0,1.0,1.0,8.0,8.0,12.0,98.0,67.0,95.0,4.0,116.0,14.0,60.0,8.0,16.0,21.0,10.0,17.0,25.0,7.0,18.0,30.0,8.0,17.0,28.0,8.0,15.0,22.0,4.0,8.0,10.0,8.0,10.0,10.0,13.0,21.0,23.0,30.0,45.0,4.0,6.0
2018,1,12,4,132,32,1,2,10,2,50000000,39.0,14.0,6.0,2.0,10.0,12.0,5.0,20.0,15.0,20.0,21.0,38.0,38.0,28.0,49.0,41.0,48.0,2.0,4.0,1.0,9.0,8.0,8.0,63.0,94.0,77.0,49.0,115.0,7.0,21.0,9.0,16.0,21.0,10.0,18.0,25.0,8.0,17.0,29.0,8.0,16.0,28.0,8.0,15.0,22.0,4.0,8.0,10.0,7.0,9.0,10.0,20.0,23.0,31.0,34.0,46.0,3.0,12.0
2018,1,16,1,154,26,3,3,15,1,60000000,21.4,21.5,13.0,6.0,2.0,21.0,12.0,5.0,23.0,15.0,20.0,30.0,38.0,38.0,45.0,49.0,41.0,4.0,2.0,4.0,6.0,9.0,8.0,35.0,378.0,32.0,378.0,28.0,25.0,18.0,9.0,16.0,20.0,10.0,19.0,26.0,7.0,17.0,29.0,8.0,17.0,29.0,8.0,14.0,22.0,4.0,8.0,10.0,7.0,9.0,10.0,3.0,8.0,17.0,44.0,50.0,2.0,7.0
2018,1,19,4,122,47,3,2,9,1,74000000,37.6,20.5,20.0,13.0,6.0,23.0,21.0,12.0,31.0,23.0,15.0,34.0,30.0,38.0,46.0,45.0,49.0,3.0,4.0,2.0,12.0,6.0,9.0,84.0,21.0,77.0,38.0,35.0,10.0,31.0,9.0,15.0,20.0,9.0,18.0,26.0,8.0,16.0,29.0,8.0,16.0,29.0,8.0,13.0,22.0,4.0,7.0,10.0,6.0,9.0,10.0,5.0,8.0,9.0,23.0,24.0,7.0,8.0
2018,1,23,1,69,19,2,0,15,1,81000000,30.4,11.0,3.0,20.0,13.0,8.0,23.0,21.0,17.0,31.0,23.0,44.0,34.0,30.0,50.0,46.0,45.0,2.0,3.0,4.0,7.0,12.0,6.0,32.0,4.0,186.0,25.0,942.0,91.0,18.0,8.0,15.0,20.0,8.0,18.0,26.0,9.0,17.0,29.0,8.0,16.0,29.0,9.0,13.0,23.0,5.0,8.0,10.0,6.0,9.0,10.0,6.0,15.0,24.0,28.0,48.0,4.0,9.0
2018,1,26,4,121,42,4,2,13,1,90000000,17.0,15.5,5.0,3.0,20.0,8.0,8.0,23.0,9.0,17.0,31.0,23.0,44.0,34.0,24.0,50.0,46.0,7.0,2.0,3.0,8.0,7.0,12.0,17.0,38.0,178.0,24.0,24.0,14.0,17.0,8.0,15.0,19.0,8.0,18.0,26.0,10.0,17.0,30.0,7.0,16.0,29.0,8.0,13.0,23.0,5.0,8.0,10.0,6.0,8.0,10.0,11.0,15.0,21.0,27.0,35.0,4.0,5.0
2018,1,30,1,109,24,0,2,9,1,98000000,47.2,37.0,6.0,5.0,3.0,15.0,8.0,8.0,24.0,9.0,17.0,28.0,23.0,44.0,48.0,24.0,50.0,4.0,7.0,2.0,9.0,8.0,7.0,56.0,4.0,28.0,98.0,140.0,4.0,91.0,9.0,15.0,18.0,7.0,18.0,25.0,9.0,17.0,29.0,7.0,16.0,29.0,8.0,14.0,23.0,5.0,8.0,10.0,6.0,9.0,10.0,14.0,34.0,36.0,39.0,48.0,2.0,3.0
2018,2,2,4,171,34,4,4,5,1,108000000,41.6,15.5,11.0,6.0,5.0,15.0,15.0,8.0,21.0,24.0,9.0,27.0,28.0,23.0,35.0,48.0,24.0,4.0,4.0,7.0,5.0,9.0,8.0,80.0,598.0,94.0,133.0,7.0,14.0,108.0,9.0,14.0,17.0,8.0,18.0,25.0,9.0,18.0,29.0,8.0,16.0,28.0,8.0,14.0,23.0,5.0,8.0,10.0,7.0,10.0,10.0,8.0,17.0,28.0,34.0,38.0,6.0,12.0
2018,2,6,1,125,30,4,3,18,2,116000000,15.0,23.0,14.0,11.0,6.0,34.0,15.0,15.0,36.0,21.0,24.0,39.0,27.0,28.0,48.0,35.0,48.0,2.0,4.0,4.0,3.0,5.0,9.0,49.0,42.0,74.0,21.0,161.0,133.0,21.0,9.0,14.0,17.0,8.0,18.0,24.0,10.0,18.0,29.0,8.0,16.0,28.0,9.0,14.0,23.0,5.0,9.0,10.0,7.0,10.0,10.0,22.0,31.0,36.0,38.0,44.0,1.0,11.0
2018,2,9,4,171,22,4,4,12,0,128000000,19.4,47.0,8.0,14.0,11.0,17.0,34.0,15.0,28.0,36.0,21.0,34.0,39.0,27.0,38.0,48.0,35.0,6.0,2.0,4.0,12.0,3.0,5.0,1036.0,899.0,7.0,31.0,45.0,38.0,56.0,9.0,15.0,18.0,8.0,18.0,25.0,9.0,18.0,29.0,8.0,15.0,28.0,9.0,14.0,23.0,6.0,8.0,10.0,8.0,10.0,10.0,10.0,13.0,17.0,21.0,44.0,1.0,10.0
2018,2,13,1,105,34,2,1,11,1,138000000,19.8,26.5,22.0,8.0,14.0,31.0,17.0,34.0,36.0,28.0,36.0,38.0,34.0,39.0,44.0,38.0,48.0,1.0,6.0,2.0,11.0,12.0,3.0,42.0,298.0,25.0,214.0,4.0,4.0,49.0,10.0,15.0,18.0,8.0,18.0,26.0,8.0,17.0,29.0,9.0,15.0,28.0,8.0,14.0,22.0,6.0,8.0,10.0,9.0,10.0,10.0,10.0,12.0,23.0,32.0,50.0,4.0,10.0
2018,2,16,4,127,40,4,2,14,2,151000000,32.6,10.0,10.0,22.0,8.0,13.0,31.0,17.0,17.0,36.0,28.0,21.0,38.0,34.0,44.0,44.0,38.0,1.0,1.0,6.0,10.0,11.0,12.0,3.0,38.0,35.0,70.0,28.0,17.0,3.0,9.0,15.0,18.0,8.0,17.0,26.0,8.0,16.0,28.0,9.0,15.0,27.0,7.0,13.0,21.0,6.0,7.0,10.0,8.0,10.0,10.0,6.0,14.0,19.0,25.0,29.0,5.0,11.0
2018,2,20,1,93,23,2,1,16,0,160000000,55.8,16.0,10.0,10.0,22.0,12.0,13.0,31.0,23.0,17.0,36.0,32.0,21.0,38.0,50.0,44.0,44.0,4.0,1.0,1.0,10.0,10.0,11.0,25.0,189.0,126.0,294.0,168.0,91.0,11.0,8.0,14.0,18.0,8.0,18.0,27.0,8.0,17.0,28.0,10.0,16.0,28.0,7.0,14.0,21.0,6.0,8.0,10.0,8.0,10.0,10.0,10.0,17.0,18.0,28.0,47.0,3.0,7.0
2018,2,23,4,120,37,3,2,10,0,174000000,57.8,26.0,6.0,10.0,10.0,14.0,12.0,13.0,19.0,23.0,17.0,25.0,32.0,21.0,29.0,50.0,44.0,5.0,4.0,1.0,11.0,10.0,10.0,7.0,17.0,171.0,28.0,182.0,38.0,35.0,7.0,13.0,18.0,8.0,17.0,26.0,9.0,17.0,27.0,9.0,15.0,27.0,8.0,14.0,22.0,7.0,8.0,10.0,8.0,10.0,10.0,3.0,31.0,41.0,48.0,50.0,8.0,11.0
2018,2,27,1,173,47,2,4,19,1,17000000,29.2,21.0,10.0,6.0,10.0,17.0,14.0,12.0,18.0,19.0,23.0,28.0,25.0,32.0,47.0,29.0,50.0,3.0,5.0,4.0,7.0,11.0,10.0,39.0,18.0,357.0,147.0,11.0,105.0,7.0,7.0,13.0,18.0,7.0,17.0,26.0,9.0,17.0,28.0,9.0,15.0,27.0,7.0,14.0,22.0,7.0,8.0,10.0,7.0,10.0,10.0,2.0,7.0,34.0,45.0,48.0,1.0,12.0
2018,3,2,4,136,46,3,3,13,1,28000000,49.4,20.5,3.0,10.0,6.0,31.0,17.0,14.0,41.0,18.0,19.0,48.0,28.0,25.0,50.0,47.0,29.0,8.0,3.0,5.0,11.0,7.0,11.0,56.0,182.0,143.0,140.0,28.0,17.0,24.0,8.0,13.0,18.0,8.0,17.0,27.0,9.0,17.0,27.0,10.0,16.0,26.0,7.0,14.0,22.0,7.0,8.0,10.0,6.0,10.0,10.0,15.0,20.0,26.0,31.0,44.0,2.0,9.0
2018,3,6,1,136,29,3,3,11,1,37000000,44.2,35.5,2.0,3.0,10.0,7.0,31.0,17.0,34.0,41.0,18.0,45.0,48.0,28.0,48.0,50.0,47.0,1.0,8.0,3.0,12.0,11.0,7.0,210.0,63.0,210.0,74.0,21.0,32.0,39.0,8.0,14.0,19.0,8.0,16.0,27.0,9.0,18.0,27.0,10.0,16.0,25.0,6.0,13.0,22.0,7.0,8.0,10.0,6.0,9.0,10.0,9.0,14.0,21.0,32.0,44.0,1.0,12.0
2018,3,9,4,120,35,3,2,13,1,50000000,22.0,7.0,15.0,2.0,3.0,20.0,7.0,31.0,26.0,34.0,41.0,31.0,45.0,48.0,44.0,48.0,50.0,2.0,1.0,8.0,9.0,12.0,11.0,136.0,17.0,38.0,21.0,3.0,7.0,7.0,8.0,15.0,19.0,7.0,15.0,27.0,10.0,17.0,27.0,9.0,16.0,25.0,6.0,13.0,22.0,7.0,8.0,9.0,5.0,9.0,10.0,9.0,11.0,13.0,33.0,49.0,6.0,12.0
2018,3,13,1,115,40,0,2,18,2,61000000,53.4,19.5,9.0,15.0,2.0,14.0,20.0,7.0,21.0,26.0,34.0,32.0,31.0,45.0,44.0,44.0,48.0,1.0,2.0,1.0,12.0,9.0,12.0,4.0,140.0,140.0,130.0,63.0,35.0,4.0,7.0,14.0,19.0,8.0,15.0,27.0,10.0,18.0,27.0,9.0,16.0,25.0,6.0,13.0,22.0,7.0,8.0,9.0,5.0,9.0,10.0,4.0,17.0,24.0,27.0,31.0,10.0,11.0
2018,3,16,4,103,27,2,2,21,1,17000000,40.4,22.5,9.0,9.0,15.0,11.0,14.0,20.0,13.0,21.0,26.0,33.0,32.0,31.0,49.0,44.0,44.0,6.0,1.0,2.0,12.0,12.0,9.0,77.0,21.0,49.0,45.0,115.0,280.0,17.0,7.0,14.0,19.0,8.0,15.0,27.0,10.0,18.0,27.0,9.0,16.0,25.0,7.0,14.0,22.0,8.0,9.0,10.0,5.0,9.0,10.0,26.0,29.0,37.0,39.0,44.0,9.0,11.0
2018,3,20,1,175,18,2,5,20,0,25000000,39.4,9.0,4.0,9.0,9.0,17.0,11.0,14.0,24.0,13.0,21.0,27.0,33.0,32.0,31.0,49.0,44.0,10.0,6.0,1.0,11.0,12.0,12.0,630.0,158.0,158.0,46.0,11.0,186.0,4.0,8.0,15.0,20.0,8.0,15.0,27.0,10.0,19.0,26.0,9.0,16.0,24.0,7.0,13.0,22.0,9.0,10.0,11.0,5.0,9.0,10.0,5.0,7.0,11.0,46.0,50.0,8.0,11.0
2018,3,23,4,119,45,2,2,19,1,37000000,36.0,13.5,26.0,4.0,9.0,29.0,17.0,11.0,37.0,24.0,13.0,39.0,27.0,33.0,44.0,31.0,49.0,9.0,10.0,6.0,11.0,11.0,12.0,59.0,21.0,472.0,224.0,24.0,24.0,3.0,9.0,15.0,20.0,7.0,15.0,26.0,10.0,19.0,27.0,10.0,16.0,25.0,7.0,13.0,22.0,8.0,10.0,11.0,4.0,9.0,10.0,17.0,20.0,23.0,40.0,46.0,9.0,10.0
2018,3,27,1,146,29,3,2,19,1,46000000,41.6,9.0,5.0,26.0,4.0,7.0,29.0,17.0,11.0,37.0,24.0,46.0,39.0,27.0,50.0,44.0,31.0,8.0,9.0,10.0,11.0,11.0,11.0,270.0,21.0,39.0,133.0,70.0,7.0,39.0,9.0,16.0,21.0,7.0,15.0,26.0,10.0,18.0,26.0,10.0,17.0,25.0,7.0,13.0,22.0,7.0,10.0,11.0,5.0,9.0,10.0,12.0,17.0,28.0,35.0,47.0,7.0,11.0
2018,3,30,4,139,35,2,3,18,0,58000000,34.8,21.0,17.0,5.0,26.0,20.0,7.0,29.0,23.0,11.0,37.0,40.0,46.0,39.0,46.0,50.0,44.0,9.0,8.0,9.0,10.0,11.0,11.0,248.0,14.0,52.0,119.0,35.0,66.0,7.0,9.0,17.0,22.0,7.0,15.0,25.0,10.0,18.0,26.0,10.0,18.0,24.0,7.0,13.0,21.0,7.0,10.0,11.0,4.0,9.0,10.0,3.0,8.0,16.0,40.0,43.0,5.0,8.0
2018,4,3,1,110,40,3,2,13,1,67000000,67.2,26.5,12.0,17.0,5.0,17.0,20.0,7.0,28.0,23.0,11.0,35.0,40.0,46.0,47.0,46.0,50.0,7.0,9.0,8.0,11.0,10.0,11.0,35.0,70.0,329.0,7.0,102.0,42.0,70.0,9.0,17.0,22.0,7.0,14.0,25.0,10.0,18.0,27.0,9.0,18.0,24.0,8.0,13.0,21.0,8.0,10.0,11.0,5.0,9.0,10.0,1.0,29.0,33.0,45.0,47.0,4.0,8.0
2018,4,6,4,155,46,0,4,12,2,76000000,42.4,26.0,3.0,12.0,17.0,8.0,17.0,20.0,16.0,28.0,23.0,40.0,35.0,40.0,43.0,47.0,46.0,5.0,7.0,9.0,8.0,11.0,10.0,129.0,17.0,413.0,35.0,7.0,49.0,3.0,9.0,18.0,21.0,7.0,14.0,25.0,10.0,18.0,28.0,9.0,18.0,24.0,7.0,13.0,21.0,9.0,10.0,11.0,5.0,9.0,10.0,14.0,27.0,39.0,46.0,48.0,11.0,12.0
2018,4,10,1,174,34,3,4,23,1,17000000,26.2,19.5,1.0,3.0,12.0,29.0,8.0,17.0,33.0,16.0,28.0,45.0,40.0,35.0,47.0,43.0,47.0,4.0,5.0,7.0,8.0,8.0,11.0,67.0,693.0,119.0,18.0,39.0,130.0,28.0,9.0,17.0,21.0,8.0,14.0,26.0,10.0,19.0,28.0,8.0,17.0,23.0,8.0,12.0,20.0,9.0,11.0,11.0,4.0,8.0,10.0,5.0,25.0,34.0,48.0,50.0,6.0,7.0
2018,4,13,4,162,45,3,3,13,1,17000000,27.8,22.5,14.0,1.0,3.0,27.0,29.0,8.0,39.0,33.0,16.0,46.0,45.0,40.0,48.0,47.0,43.0,11.0,4.0,5.0,12.0,8.0,8.0,21.0,248.0,42.0,45.0,21.0,31.0,49.0,9.0,16.0,21.0,8.0,14.0,27.0,10.0,18.0,28.0,8.0,17.0,23.0,8.0,12.0,19.0,8.0,11.0,11.0,5.0,8.0,10.0,15.0,27.0,33.0,39.0,50.0,4.0,6.0
2018,4,17,1,164,35,1,4,10,2,25000000,14.2,7.5,5.0,14.0,1.0,25.0,27.0,29.0,34.0,39.0,33.0,48.0,46.0,45.0,50.0,48.0,47.0,6.0,11.0,4.0,7.0,12.0,8.0,42.0,7.0,11.0,28.0,4.0,11.0,95.0,9.0,16.0,21.0,7.0,14.0,27.0,9.0,18.0,28.0,7.0,16.0,23.0,7.0,12.0,18.0,8.0,11.0,11.0,6.0,9.0,10.0,3.0,16.0,25.0,39.0,44.0,7.0,11.0
2018,4,20,4,127,41,2,2,18,0,130000000,15.0,8.5,15.0,5.0,14.0,27.0,25.0,27.0,33.0,34.0,39.0,39.0,48.0,46.0,50.0,50.0,48.0,4.0,6.0,11.0,6.0,7.0,12.0,17.0,157.0,290.0,3.0,31.0,21.0,21.0,8.0,16.0,21.0,8.0,15.0,27.0,9.0,18.0,29.0,6.0,15.0,23.0,6.0,11.0,17.0,7.0,11.0,11.0,6.0,9.0,10.0,20.0,23.0,28.0,30.0,44.0,3.0,7.0
2018,4,24,1,145,24,4,3,10,0,138000000,37.4,32.0,3.0,15.0,5.0,16.0,27.0,25.0,25.0,33.0,34.0,39.0,39.0,48.0,44.0,50.0,50.0,7.0,4.0,6.0,11.0,6.0,7.0,98.0,98.0,25.0,102.0,4.0,60.0,11.0,8.0,17.0,21.0,9.0,16.0,27.0,8.0,18.0,29.0,7.0,16.0,23.0,6.0,11.0,17.0,8.0,11.0,11.0,6.0,9.0,10.0,12.0,24.0,40.0,41.0,46.0,5.0,12.0
2018,4,27,4,163,34,4,3,17,1,17000000,34.0,20.5,20.0,3.0,15.0,23.0,16.0,27.0,28.0,25.0,33.0,30.0,39.0,39.0,44.0,44.0,50.0,3.0,7.0,4.0,7.0,11.0,6.0,28.0,126.0,213.0,213.0,31.0,24.0,17.0,8.0,16.0,21.0,9.0,16.0,27.0,8.0,19.0,30.0,8.0,17.0,24.0,6.0,10.0,17.0,7.0,11.0,11.0,6.0,8.0,10.0,6.0,15.0,17.0,42.0,48.0,4.0,6.0
2018,5,1,1,128,42,3,2,10,2,24000000,54.2,14.0,12.0,20.0,3.0,24.0,23.0,16.0,40.0,28.0,25.0,41.0,30.0,39.0,46.0,44.0,44.0,5.0,3.0,7.0,12.0,7.0,11.0,70.0,91.0,77.0,137.0,21.0,14.0,14.0,8.0,16.0,20.0,9.0,16.0,26.0,8.0,19.0,30.0,9.0,18.0,23.0,6.0,10.0,17.0,6.0,11.0,11.0,5.0,7.0,10.0,6.0,12.0,23.0,39.0,45.0,9.0,12.0
2018,5,4,4,125,39,2,2,21,1,36000000,12.4,22.5,6.0,12.0,20.0,15.0,24.0,23.0,17.0,40.0,28.0,42.0,41.0,30.0,48.0,46.0,44.0,4.0,5.0,3.0,6.0,12.0,7.0,3.0,77.0,38.0,14.0,112.0,38.0,7.0,8.0,15.0,20.0,9.0,16.0,26.0,9.0,19.0,30.0,8.0,17.0,23.0,7.0,10.0,16.0,7.0,11.0,11.0,5.0,7.0,10.0,17.0,25.0,35.0,39.0,44.0,2.0,5.0
2018,5,8,1,160,27,1,3,7,1,45000000,16.4,37.0,6.0,6.0,12.0,12.0,15.0,24.0,23.0,17.0,40.0,39.0,42.0,41.0,45.0,48.0,46.0,9.0,4.0,5.0,12.0,6.0,12.0,42.0,25.0,172.0,4.0,14.0,63.0,98.0,9.0,14.0,20.0,8.0,16.0,26.0,9.0,19.0,30.0,7.0,16.0,23.0,6.0,10.0,16.0,8.0,11.0,11.0,6.0,8.0,10.0,3.0,22.0,34.0,49.0,50.0,8.0,11.0
2018,5,11,4,158,47,3,3,19,1,17000000,44.6,28.0,17.0,6.0,6.0,25.0,12.0,15.0,35.0,23.0,17.0,39.0,39.0,42.0,44.0,45.0,48.0,2.0,9.0,4.0,5.0,12.0,6.0,21.0,154.0,28.0,549.0,24.0,49.0,21.0,8.0,14.0,20.0,8.0,16.0,25.0,9.0,19.0,30.0,7.0,16.0,23.0,5.0,10.0,16.0,9.0,11.0,11.0,5.0,8.0,10.0,4.0,16.0,20.0,31.0,39.0,2.0,12.0
2018,5,15,1,110,35,3,2,14,2,25000000,34.6,9.0,3.0,17.0,6.0,22.0,25.0,12.0,34.0,35.0,23.0,49.0,39.0,39.0,50.0,44.0,45.0,8.0,2.0,9.0,11.0,5.0,12.0,60.0,25.0,130.0,70.0,200.0,7.0,11.0,8.0,14.0,20.0,8.0,16.0,24.0,9.0,20.0,29.0,7.0,16.0,23.0,6.0,11.0,17.0,8.0,11.0,11.0,5.0,8.0,10.0,5.0,8.0,10.0,13.0,31.0,3.0,6.0
2018,5,18,4,67,26,2,1,9,1,37000000,46.6,20.5,4.0,3.0,17.0,16.0,22.0,25.0,20.0,34.0,35.0,31.0,49.0,39.0,39.0,50.0,44.0,2.0,8.0,2.0,12.0,11.0,5.0,35.0,45.0,605.0,1172.0,63.0,24.0,17.0,8.0,14.0,19.0,9.0,16.0,24.0,10.0,20.0,30.0,7.0,16.0,24.0,7.0,10.0,17.0,7.0,11.0,11.0,5.0,8.0,10.0,1.0,11.0,37.0,41.0,48.0,8.0,12.0
2018,5,22,1,138,47,1,3,20,2,45000000,43.0,9.0,5.0,4.0,3.0,8.0,16.0,22.0,10.0,20.0,34.0,13.0,31.0,49.0,31.0,39.0,50.0,3.0,2.0,8.0,6.0,12.0,11.0,46.0,70.0,63.0,25.0,21.0,11.0,7.0,8.0,13.0,19.0,9.0,16.0,23.0,10.0,19.0,29.0,7.0,15.0,23.0,7.0,10.0,16.0,7.0,11.0,11.0,5.0,8.0,10.0,13.0,15.0,16.0,28.0,41.0,4.0,5.0
2018,5,25,4,113,28,2,2,9,1,57000000,15.0,20.5,1.0,5.0,4.0,11.0,8.0,16.0,37.0,10.0,20.0,41.0,13.0,31.0,48.0,31.0,39.0,8.0,3.0,2.0,12.0,6.0,12.0,133.0,24.0,52.0,91.0,140.0,24.0,17.0,9.0,14.0,19.0,9.0,15.0,23.0,10.0,18.0,28.0,8.0,16.0,23.0,8.0,11.0,16.0,6.0,11.0,11.0,5.0,8.0,10.0,6.0,11.0,20.0,38.0,43.0,2.0,4.0
2018,5,29,1,118,37,3,2,6,2,66000000,42.2,9.0,13.0,1.0,5.0,15.0,11.0,8.0,16.0,37.0,10.0,28.0,41.0,13.0,41.0,48.0,31.0,4.0,8.0,3.0,5.0,12.0,6.0,25.0,7.0,14.0,109.0,56.0,14.0,172.0,8.0,13.0,19.0,8.0,15.0,22.0,9.0,18.0,27.0,8.0,17.0,23.0,9.0,11.0,16.0,6.0,11.0,11.0,5.0,9.0,10.0,17.0,18.0,24.0,29.0,40.0,4.0,5.0
2018,6,1,4,128,23,3,2,9,1,74000000,49.6,5.0,6.0,13.0,1.0,11.0,15.0,11.0,20.0,16.0,37.0,38.0,28.0,41.0,43.0,41.0,48.0,2.0,4.0,8.0,4.0,5.0,12.0,24.0,245.0,77.0,262.0,360.0,7.0,7.0,7.0,13.0,19.0,8.0,16.0,23.0,9.0,17.0,27.0,9.0,18.0,24.0,9.0,12.0,16.0,5.0,11.0,11.0,5.0,8.0,10.0,9.0,15.0,22.0,39.0,46.0,4.0,5.0
2018,6,5,1,131,37,2,2,9,1,17000000,36.0,4.0,17.0,6.0,13.0,18.0,11.0,15.0,24.0,20.0,16.0,29.0,38.0,28.0,40.0,43.0,41.0,4.0,2.0,4.0,5.0,4.0,5.0,84.0,11.0,158.0,28.0,39.0,4.0,4.0,8.0,13.0,19.0,8.0,15.0,22.0,9.0,17.0,27.0,8.0,17.0,24.0,10.0,12.0,16.0,5.0,10.0,11.0,5.0,8.0,10.0,8.0,19.0,32.0,43.0,46.0,2.0,8.0
2018,6,8,4,148,38,3,3,10,2,17000000,46.6,13.5,9.0,17.0,6.0,15.0,18.0,11.0,22.0,24.0,20.0,39.0,29.0,38.0,46.0,40.0,43.0,4.0,4.0,2.0,5.0,5.0,4.0,122.0,213.0,248.0,164.0,3.0,10.0,63.0,9.0,14.0,18.0,8.0,16.0,22.0,9.0,17.0,28.0,9.0,17.0,24.0,9.0,11.0,16.0,4.0,10.0,11.0,6.0,8.0,10.0,7.0,21.0,23.0,36.0,38.0,6.0,8.0
2018,6,12,1,125,31,2,2,14,2,17000000,70.4,14.5,8.0,9.0,17.0,19.0,15.0,18.0,32.0,22.0,24.0,43.0,39.0,29.0,46.0,46.0,40.0,2.0,4.0,4.0,8.0,5.0,5.0,217.0,151.0,39.0,207.0,126.0,60.0,4.0,10.0,15.0,19.0,8.0,17.0,22.0,9.0,17.0,28.0,10.0,17.0,25.0,9.0,12.0,16.0,5.0,9.0,11.0,6.0,8.0,10.0,23.0,26.0,33.0,38.0,49.0,1.0,12.0
2018,6,15,4,169,26,2,4,13,1,28000000,37.4,61.0,7.0,8.0,9.0,21.0,19.0,15.0,23.0,32.0,22.0,36.0,43.0,39.0,38.0,46.0,46.0,6.0,2.0,4.0,8.0,8.0,5.0,245.0,210.0,59.0,17.0,94.0,98.0,24.0,10.0,15.0,20.0,8.0,18.0,23.0,9.0,17.0,28.0,9.0,17.0,25.0,9.0,13.0,16.0,6.0,10.0,11.0,5.0,8.0,10.0,7.0,19.0,26.0,42.0,50.0,4.0,9.0
2018,6,19,1,144,43,3,3,13,1,36000000,22.0,30.0,23.0,7.0,8.0,26.0,21.0,19.0,33.0,23.0,32.0,38.0,36.0,43.0,49.0,38.0,46.0,1.0,6.0,2.0,12.0,8.0,8.0,7.0,11.0,105.0,49.0,39.0,14.0,105.0,9.0,15.0,20.0,7.0,17.0,23.0,10.0,17.0,27.0,9.0,17.0,25.0,9.0,13.0,16.0,6.0,10.0,11.0,6.0,9.0,10.0,14.0,25.0,39.0,41.0,44.0,2.0,8.0
2018,6,22,4,163,30,2,3,10,2,17000000,41.6,12.0,7.0,23.0,7.0,19.0,26.0,21.0,26.0,33.0,23.0,42.0,38.0,36.0,50.0,49.0,38.0,4.0,1.0,6.0,9.0,12.0,8.0,73.0,45.0,73.0,31.0,45.0,14.0,10.0,9.0,15.0,20.0,7.0,16.0,23.0,10.0,17.0,27.0,8.0,17.0,25.0,9.0,13.0,16.0,5.0,10.0,11.0,5.0,8.0,10.0,15.0,16.0,20.0,34.0,50.0,4.0,7.0
2018,6,26,1,135,35,4,2,11,1,24000000,26.8,35.0,14.0,7.0,23.0,25.0,19.0,26.0,39.0,26.0,33.0,41.0,42.0,38.0,44.0,50.0,49.0,2.0,4.0,1.0,8.0,9.0,12.0,70.0,42.0,28.0,140.0,7.0,7.0,63.0,9.0,15.0,20.0,8.0,15.0,23.0,9.0,17.0,27.0,9.0,17.0,25.0,8.0,13.0,16.0,4.0,10.0,11.0,6.0,8.0,10.0,15.0,21.0,23.0,40.0,48.0,3.0,12.0
2018,6,29,4,147,33,2,2,15,1,36000000,20.0,28.0,15.0,14.0,7.0,16.0,25.0,19.0,20.0,39.0,26.0,34.0,41.0,42.0,50.0,44.0,50.0,4.0,2.0,4.0,7.0,8.0,9.0,3.0,17.0,17.0,87.0,38.0,42.0,14.0,8.0,15.0,20.0,8.0,15.0,22.0,8.0,17.0,27.0,9.0,17.0,25.0,8.0,13.0,16.0,5.0,10.0,11.0,6.0,8.0,10.0,1.0,12.0,15.0,29.0,48.0,3.0,5.0
2018,7,3,1,105,47,2,2,8,0,44000000,28.4,16.0,15.0,15.0,14.0,21.0,16.0,25.0,23.0,20.0,39.0,40.0,34.0,41.0,48.0,50.0,44.0,3.0,4.0,2.0,12.0,7.0,8.0,42.0,60.0,175.0,32.0,4.0,4.0,28.0,8.0,15.0,20.0,8.0,14.0,22.0,9.0,18.0,27.0,9.0,16.0,25.0,7.0,12.0,16.0,5.0,10.0,11.0,5.0,8.0,10.0,8.0,30.0,33.0,38.0,48.0,2.0,10.0
2018,7,6,4,157,40,4,4,12,2,55000000,29.2,57.5,1.0,15.0,15.0,12.0,21.0,16.0,15.0,23.0,20.0,29.0,40.0,34.0,48.0,48.0,50.0,3.0,3.0,4.0,5.0,12.0,7.0,28.0,203.0,21.0,21.0,3.0,14.0,101.0,7.0,15.0,20.0,8.0,15.0,23.0,8.0,18.0,27.0,9.0,15.0,25.0,6.0,12.0,16.0,5.0,9.0,11.0,6.0,9.0,10.0,3.0,8.0,26.0,33.0,45.0,7.0,10.0
2018,7,10,1,115,42,2,3,17,1,65000000,31.2,9.0,8.0,1.0,15.0,30.0,12.0,21.0,33.0,15.0,23.0,38.0,29.0,40.0,48.0,48.0,48.0,2.0,3.0,3.0,10.0,5.0,12.0,60.0,53.0,21.0,119.0,67.0,81.0,4.0,7.0,15.0,20.0,8.0,15.0,23.0,7.0,18.0,26.0,9.0,15.0,25.0,7.0,12.0,16.0,6.0,9.0,11.0,6.0,9.0,10.0,1.0,4.0,14.0,21.0,49.0,2.0,12.0
2018,7,13,4,89,48,2,1,14,2,17000000,26.4,10.5,3.0,8.0,1.0,8.0,30.0,12.0,26.0,33.0,15.0,33.0,38.0,29.0,45.0,48.0,48.0,7.0,2.0,3.0,10.0,10.0,5.0,10.0,385.0,234.0,150.0,28.0,7.0,14.0,7.0,15.0,20.0,9.0,15.0,24.0,7.0,19.0,27.0,9.0,16.0,24.0,6.0,12.0,16.0,6.0,9.0,11.0,6.0,9.0,10.0,4.0,6.0,27.0,48.0,50.0,1.0,11.0
2018,7,17,1,135,46,4,3,12,0,17000000,35.2,49.5,1.0,3.0,8.0,4.0,8.0,30.0,14.0,26.0,33.0,21.0,33.0,38.0,49.0,45.0,48.0,2.0,7.0,2.0,12.0,10.0,10.0,63.0,231.0,308.0,95.0,21.0,32.0,67.0,8.0,15.0,20.0,10.0,16.0,25.0,8.0,19.0,27.0,9.0,17.0,23.0,5.0,12.0,15.0,5.0,9.0,11.0,7.0,9.0,10.0,2.0,15.0,40.0,43.0,46.0,3.0,6.0
2018,7,20,4,146,44,3,3,9,1,27000000,52.4,27.5,4.0,1.0,3.0,6.0,4.0,8.0,27.0,14.0,26.0,48.0,21.0,33.0,50.0,49.0,45.0,1.0,2.0,7.0,11.0,12.0,10.0,140.0,45.0,84.0,42.0,42.0,17.0,63.0,8.0,15.0,20.0,10.0,15.0,25.0,9.0,18.0,27.0,10.0,16.0,23.0,6.0,12.0,15.0,5.0,9.0,11.0,8.0,9.0,10.0,2.0,4.0,23.0,39.0,40.0,3.0,9.0
2018,7,24,1,108,38,3,2,12,0,35000000,14.4,19.5,2.0,4.0,1.0,15.0,6.0,4.0,40.0,27.0,14.0,43.0,48.0,21.0,46.0,50.0,49.0,3.0,1.0,2.0,6.0,11.0,12.0,4.0,11.0,25.0,49.0,53.0,4.0,35.0,7.0,14.0,19.0,9.0,14.0,25.0,9.0,18.0,27.0,10.0,16.0,23.0,7.0,12.0,14.0,5.0,8.0,11.0,8.0,9.0,10.0,11.0,17.0,22.0,23.0,41.0,6.0,11.0
2018,7,27,4,114,30,1,1,17,1,47000000,41.0,8.5,2.0,2.0,4.0,4.0,15.0,6.0,23.0,40.0,27.0,39.0,43.0,48.0,40.0,46.0,50.0,3.0,3.0,1.0,9.0,6.0,11.0,178.0,119.0,52.0,185.0,63.0,45.0,10.0,7.0,15.0,20.0,9.0,15.0,24.0,9.0,17.0,27.0,10.0,17.0,24.0,7.0,12.0,14.0,6.0,8.0,11.0,7.0,9.0,9.0,20.0,25.0,34.0,42.0,45.0,6.0,11.0
2018,7,31,1,166,25,3,3,17,1,56000000,34.4,4.0,11.0,2.0,2.0,17.0,4.0,15.0,22.0,23.0,40.0,23.0,39.0,43.0,41.0,40.0,46.0,6.0,3.0,3.0,11.0,9.0,6.0,98.0,39.0,81.0,42.0,21.0,4.0,4.0,8.0,16.0,20.0,9.0,15.0,24.0,9.0,17.0,27.0,10.0,17.0,24.0,7.0,12.0,14.0,5.0,7.0,11.0,6.0,9.0,9.0,7.0,26.0,36.0,38.0,43.0,6.0,12.0
2018,8,3,4,150,36,3,4,18,2,68000000,32.6,12.0,20.0,11.0,2.0,25.0,17.0,4.0,34.0,22.0,23.0,42.0,23.0,39.0,45.0,41.0,40.0,6.0,6.0,3.0,11.0,11.0,9.0,45.0,49.0,175.0,28.0,66.0,3.0,21.0,8.0,16.0,19.0,9.0,15.0,24.0,10.0,17.0,27.0,9.0,17.0,24.0,8.0,12.0,14.0,5.0,7.0,11.0,6.0,9.0,9.0,16.0,28.0,29.0,30.0,36.0,8.0,10.0
2018,8,7,1,139,20,4,4,18,2,75000000,37.4,37.0,7.0,20.0,11.0,26.0,25.0,17.0,36.0,34.0,22.0,38.0,42.0,23.0,43.0,45.0,41.0,6.0,6.0,6.0,12.0,11.0,11.0,732.0,361.0,249.0,105.0,294.0,77.0,28.0,9.0,17.0,20.0,9.0,15.0,24.0,10.0,18.0,28.0,9.0,17.0,24.0,9.0,13.0,15.0,6.0,7.0,11.0,5.0,9.0,9.0,18.0,20.0,36.0,43.0,44.0,3.0,9.0
2018,8,10,4,161,26,4,3,12,0,83000000,27.8,17.0,16.0,7.0,20.0,28.0,26.0,25.0,29.0,36.0,34.0,30.0,38.0,42.0,36.0,43.0,45.0,8.0,6.0,6.0,10.0,12.0,11.0,364.0,136.0,7.0,21.0,49.0,17.0,17.0,9.0,18.0,21.0,9.0,16.0,24.0,9.0,18.0,28.0,9.0,16.0,24.0,9.0,12.0,15.0,6.0,7.0,11.0,5.0,9.0,9.0,1.0,15.0,18.0,25.0,31.0,9.0,11.0
2018,8,14,1,90,30,1,1,20,0,90000000,32.6,9.0,18.0,16.0,7.0,20.0,28.0,26.0,36.0,29.0,36.0,43.0,30.0,38.0,44.0,36.0,43.0,3.0,8.0,6.0,9.0,10.0,12.0,32.0,25.0,172.0,175.0,88.0,102.0,14.0,8.0,17.0,21.0,8.0,16.0,24.0,9.0,18.0,27.0,9.0,16.0,24.0,10.0,12.0,14.0,6.0,8.0,11.0,5.0,9.0,9.0,2.0,15.0,18.0,24.0,43.0,8.0,12.0
2018,8,17,4,102,41,3,1,20,2,99000000,22.8,12.0,1.0,18.0,16.0,15.0,20.0,28.0,18.0,36.0,29.0,25.0,43.0,30.0,31.0,44.0,36.0,9.0,3.0,8.0,11.0,9.0,10.0,24.0,3.0,3.0,675.0,14.0,10.0,14.0,8.0,17.0,20.0,8.0,16.0,24.0,8.0,17.0,27.0,9.0,17.0,25.0,9.0,12.0,14.0,5.0,8.0,11.0,5.0,9.0,9.0,16.0,23.0,42.0,43.0,49.0,10.0,12.0
2018,8,21,1,173,33,2,3,22,2,107000000,20.6,9.0,2.0,1.0,18.0,15.0,15.0,20.0,18.0,18.0,36.0,24.0,25.0,43.0,43.0,31.0,44.0,8.0,9.0,3.0,12.0,11.0,9.0,14.0,119.0,347.0,11.0,39.0,158.0,4.0,7.0,16.0,20.0,8.0,17.0,23.0,8.0,17.0,27.0,8.0,16.0,25.0,9.0,12.0,14.0,5.0,9.0,11.0,5.0,9.0,9.0,3.0,14.0,31.0,36.0,50.0,1.0,12.0
2018,8,24,4,134,47,3,3,13,1,17000000,29.8,20.5,16.0,2.0,1.0,23.0,15.0,15.0,42.0,18.0,18.0,43.0,24.0,25.0,49.0,43.0,31.0,10.0,8.0,9.0,12.0,12.0,11.0,45.0,168.0,220.0,73.0,38.0,38.0,3.0,8.0,15.0,20.0,9.0,17.0,23.0,8.0,18.0,28.0,9.0,16.0,25.0,9.0,12.0,14.0,6.0,9.0,11.0,4.0,8.0,9.0,4.0,16.0,32.0,42.0,46.0,8.0,12.0
2018,8,28,1,140,42,5,3,20,2,25000000,33.8,7.5,3.0,16.0,2.0,14.0,23.0,15.0,31.0,42.0,18.0,36.0,43.0,24.0,50.0,49.0,43.0,1.0,10.0,8.0,12.0,12.0,12.0,42.0,63.0,81.0,28.0,39.0,11.0,4.0,9.0,14.0,20.0,9.0,16.0,23.0,8.0,17.0,28.0,8.0,16.0,25.0,9.0,12.0,14.0,6.0,9.0,11.0,4.0,8.0,9.0,4.0,30.0,31.0,38.0,42.0,4.0,6.0
2018,8,31,4,145,38,4,4,10,2,35000000,13.0,47.0,4.0,3.0,16.0,16.0,14.0,23.0,32.0,31.0,42.0,42.0,36.0,43.0,46.0,50.0,49.0,8.0,1.0,10.0,12.0,12.0,12.0,3.0,56.0,7.0,28.0,276.0,66.0,42.0,8.0,13.0,20.0,9.0,16.0,23.0,7.0,17.0,27.0,7.0,16.0,24.0,9.0,13.0,15.0,7.0,9.0,11.0,5.0,8.0,9.0,5.0,14.0,28.0,30.0,47.0,4.0,11.0
2018,9,4,1,124,42,3,3,15,1,44000000,60.6,12.5,4.0,4.0,3.0,30.0,16.0,14.0,31.0,32.0,31.0,38.0,42.0,36.0,42.0,46.0,50.0,4.0,8.0,1.0,6.0,12.0,12.0,109.0,11.0,133.0,28.0,151.0,4.0,21.0,8.0,14.0,20.0,8.0,16.0,23.0,7.0,18.0,26.0,7.0,16.0,24.0,9.0,14.0,15.0,7.0,9.0,11.0,5.0,8.0,9.0,4.0,23.0,27.0,31.0,50.0,1.0,8.0
2018,9,7,4,135,46,2,3,9,1,17000000,19.4,12.0,5.0,4.0,4.0,14.0,30.0,16.0,28.0,31.0,32.0,30.0,38.0,42.0,47.0,42.0,46.0,4.0,4.0,8.0,11.0,6.0,12.0,7.0,17.0,52.0,115.0,14.0,14.0,77.0,7.0,14.0,20.0,7.0,16.0,23.0,8.0,18.0,26.0,8.0,17.0,23.0,9.0,13.0,15.0,6.0,9.0,11.0,6.0,8.0,9.0,9.0,18.0,32.0,38.0,46.0,2.0,3.0
2018,9,11,1,143,37,4,3,5,1,24000000,32.4,46.0,4.0,5.0,4.0,23.0,14.0,30.0,27.0,28.0,31.0,31.0,30.0,38.0,50.0,47.0,42.0,1.0,4.0,4.0,8.0,11.0,6.0,98.0,102.0,14.0,11.0,14.0,60.0,221.0,8.0,14.0,19.0,7.0,17.0,23.0,7.0,18.0,26.0,8.0,17.0,23.0,8.0,13.0,15.0,7.0,9.0,11.0,6.0,9.0,10.0,1.0,3.0,33.0,40.0,45.0,3.0,4.0
2018,9,14,4,122,44,1,3,7,1,36000000,43.0,6.5,9.0,4.0,5.0,18.0,23.0,14.0,32.0,27.0,28.0,38.0,31.0,30.0,46.0,50.0,47.0,2.0,1.0,4.0,3.0,8.0,11.0,31.0,1130.0,70.0,77.0,45.0,35.0,108.0,7.0,14.0,19.0,7.0,17.0,23.0,7.0,18.0,25.0,9.0,17.0,23.0,8.0,13.0,15.0,7.0,9.0,11.0,6.0,10.0,10.0,3.0,8.0,10.0,32.0,45.0,4.0,12.0
2018,9,18,1,98,42,3,2,16,2,45000000,41.6,12.5,1.0,9.0,4.0,3.0,18.0,23.0,33.0,32.0,27.0,40.0,38.0,31.0,45.0,46.0,50.0,3.0,2.0,1.0,4.0,3.0,8.0,25.0,70.0,123.0,193.0,4.0,14.0,21.0,7.0,13.0,19.0,8.0,17.0,23.0,8.0,18.0,25.0,9.0,17.0,24.0,7.0,13.0,15.0,6.0,9.0,11.0,6.0,10.0,10.0,5.0,7.0,21.0,25.0,37.0,3.0,4.0
2018,9,21,4,95,32,0,1,7,1,130000000,59.2,5.0,3.0,1.0,9.0,8.0,3.0,18.0,10.0,33.0,32.0,32.0,40.0,38.0,45.0,45.0,46.0,4.0,3.0,2.0,12.0,4.0,3.0,17.0,182.0,196.0,38.0,315.0,7.0,7.0,6.0,13.0,19.0,8.0,18.0,24.0,8.0,18.0,26.0,9.0,16.0,23.0,7.0,14.0,16.0,6.0,9.0,11.0,6.0,9.0,10.0,6.0,15.0,20.0,30.0,38.0,4.0,7.0
2018,9,25,1,109,32,4,2,11,1,138000000,38.0,40.5,5.0,3.0,1.0,7.0,8.0,3.0,21.0,10.0,33.0,25.0,32.0,40.0,37.0,45.0,45.0,3.0,4.0,3.0,4.0,12.0,4.0,119.0,39.0,91.0,21.0,105.0,7.0,91.0,6.0,13.0,19.0,9.0,17.0,24.0,8.0,19.0,26.0,8.0,16.0,23.0,7.0,15.0,16.0,5.0,9.0,11.0,7.0,10.0,10.0,2.0,4.0,8.0,27.0,50.0,2.0,9.0
2018,9,28,4,91,48,4,2,11,1,151000000,23.0,31.0,6.0,5.0,3.0,15.0,7.0,8.0,20.0,21.0,10.0,30.0,25.0,32.0,38.0,37.0,45.0,4.0,3.0,4.0,7.0,4.0,12.0,42.0,66.0,392.0,196.0,21.0,17.0,49.0,7.0,13.0,19.0,10.0,16.0,23.0,9.0,19.0,27.0,8.0,16.0,23.0,7.0,15.0,16.0,5.0,9.0,11.0,8.0,9.0,10.0,7.0,17.0,29.0,37.0,45.0,3.0,11.0
2018,10,2,1,135,38,0,3,14,0,162000000,31.8,19.5,2.0,6.0,5.0,4.0,15.0,7.0,8.0,20.0,21.0,27.0,30.0,25.0,50.0,38.0,37.0,2.0,4.0,3.0,9.0,7.0,4.0,60.0,67.0,56.0,329.0,14.0,11.0,28.0,8.0,12.0,19.0,10.0,16.0,23.0,10.0,19.0,27.0,8.0,17.0,23.0,7.0,14.0,16.0,4.0,9.0,10.0,8.0,9.0,10.0,8.0,16.0,24.0,26.0,35.0,3.0,11.0
2018,10,5,4,109,27,4,2,14,0,17000000,61.4,3.0,7.0,2.0,6.0,17.0,4.0,15.0,29.0,8.0,20.0,37.0,27.0,30.0,45.0,50.0,38.0,3.0,2.0,4.0,11.0,9.0,7.0,91.0,38.0,126.0,353.0,248.0,3.0,3.0,9.0,13.0,19.0,10.0,16.0,23.0,10.0,19.0,27.0,9.0,17.0,24.0,7.0,15.0,17.0,4.0,8.0,10.0,7.0,9.0,10.0,3.0,12.0,36.0,44.0,45.0,8.0,11.0
2018,10,9,1,140,42,3,3,19,1,17000000,46.4,18.0,8.0,7.0,2.0,16.0,17.0,4.0,24.0,29.0,8.0,26.0,37.0,27.0,35.0,45.0,50.0,3.0,3.0,2.0,11.0,11.0,9.0,21.0,98.0,60.0,263.0,7.0,42.0,4.0,9.0,13.0,19.0,10.0,17.0,22.0,10.0,18.0,27.0,10.0,17.0,25.0,6.0,15.0,17.0,5.0,8.0,10.0,7.0,9.0,10.0,4.0,9.0,12.0,31.0,43.0,5.0,8.0
2018,10,12,4,99,39,2,2,13,1,27000000,27.0,52.0,3.0,8.0,7.0,12.0,16.0,17.0,36.0,24.0,29.0,44.0,26.0,37.0,45.0,35.0,45.0,8.0,3.0,3.0,11.0,11.0,11.0,35.0,371.0,318.0,35.0,56.0,168.0,35.0,9.0,13.0,19.0,10.0,17.0,23.0,10.0,19.0,27.0,10.0,16.0,25.0,7.0,15.0,17.0,5.0,9.0,10.0,7.0,9.0,10.0,15.0,28.0,37.0,40.0,42.0,1.0,6.0
2018,10,16,1,162,27,3,4,7,1,36000000,31.0,42.5,4.0,3.0,8.0,9.0,12.0,16.0,12.0,36.0,24.0,31.0,44.0,26.0,43.0,45.0,35.0,5.0,8.0,3.0,8.0,11.0,11.0,109.0,70.0,147.0,32.0,46.0,39.0,46.0,9.0,14.0,19.0,10.0,17.0,23.0,10.0,19.0,27.0,9.0,16.0,25.0,7.0,15.0,17.0,6.0,9.0,10.0,7.0,9.0,10.0,1.0,3.0,29.0,47.0,48.0,3.0,12.0
2018,10,19,4,128,47,1,3,15,1,49000000,40.2,22.5,15.0,4.0,3.0,28.0,9.0,12.0,37.0,12.0,36.0,40.0,31.0,44.0,42.0,43.0,45.0,1.0,5.0,8.0,6.0,8.0,11.0,35.0,35.0,17.0,406.0,105.0,14.0,31.0,9.0,14.0,18.0,10.0,17.0,22.0,9.0,18.0,27.0,10.0,16.0,26.0,8.0,15.0,17.0,6.0,9.0,10.0,7.0,9.0,10.0,1.0,2.0,5.0,21.0,32.0,2.0,12.0
2018,10,26,4,110,30,1,2,15,1,71000000,17.2,19.0,1.0,1.0,15.0,2.0,3.0,28.0,5.0,29.0,37.0,21.0,47.0,40.0,32.0,48.0,42.0,2.0,3.0,1.0,12.0,12.0,6.0,35.0,45.0,35.0,14.0,21.0,84.0,28.0,9.0,12.0,18.0,10.0,17.0,23.0,9.0,17.0,27.0,9.0,16.0,26.0,8.0,15.0,18.0,7.0,9.0,10.0,6.0,9.0,10.0,17.0,23.0,27.0,43.0,44.0,1.0,12.0
2018,10,30,1,154,27,1,3,13,1,79000000,30.4,10.5,5.0,1.0,1.0,18.0,2.0,3.0,21.0,5.0,29.0,31.0,21.0,47.0,35.0,32.0,48.0,6.0,2.0,3.0,9.0,12.0,12.0,151.0,53.0,53.0,70.0,81.0,14.0,7.0,9.0,13.0,18.0,10.0,16.0,23.0,9.0,17.0,26.0,9.0,16.0,26.0,8.0,15.0,18.0,6.0,9.0,10.0,5.0,9.0,10.0,5.0,15.0,17.0,37.0,44.0,7.0,11.0
2018,11,2,4,118,39,1,2,18,0,87000000,9.4,31.0,17.0,5.0,1.0,23.0,18.0,2.0,27.0,21.0,5.0,43.0,31.0,21.0,44.0,35.0,32.0,1.0,6.0,2.0,12.0,9.0,12.0,7.0,38.0,185.0,31.0,3.0,115.0,24.0,8.0,13.0,18.0,10.0,16.0,22.0,9.0,18.0,27.0,8.0,16.0,25.0,7.0,14.0,18.0,7.0,10.0,10.0,5.0,8.0,10.0,14.0,24.0,36.0,40.0,43.0,2.0,9.0
2018,11,6,1,157,29,4,3,11,1,17000000,30.2,12.5,5.0,17.0,5.0,15.0,23.0,18.0,17.0,27.0,21.0,37.0,43.0,31.0,44.0,44.0,35.0,7.0,1.0,6.0,11.0,12.0,9.0,137.0,193.0,28.0,21.0,25.0,14.0,11.0,8.0,13.0,18.0,10.0,16.0,23.0,9.0,18.0,27.0,8.0,16.0,25.0,7.0,14.0,17.0,7.0,10.0,10.0,5.0,8.0,10.0,14.0,17.0,32.0,37.0,49.0,11.0,12.0
2018,11,9,4,149,35,2,3,23,1,29000000,22.8,8.5,14.0,5.0,17.0,24.0,15.0,23.0,36.0,17.0,27.0,40.0,37.0,43.0,43.0,44.0,44.0,2.0,7.0,1.0,9.0,11.0,12.0,3.0,38.0,59.0,7.0,80.0,213.0,10.0,7.0,13.0,18.0,10.0,16.0,23.0,9.0,18.0,27.0,7.0,16.0,24.0,8.0,13.0,17.0,8.0,10.0,11.0,5.0,8.0,10.0,2.0,7.0,10.0,13.0,42.0,3.0,6.0
2018,11,13,1,74,40,3,1,9,1,37000000,63.8,21.5,14.0,14.0,5.0,17.0,24.0,15.0,32.0,36.0,17.0,37.0,40.0,37.0,49.0,43.0,44.0,11.0,2.0,7.0,12.0,9.0,11.0,46.0,53.0,56.0,179.0,28.0,25.0,28.0,7.0,13.0,18.0,10.0,16.0,23.0,10.0,17.0,27.0,7.0,16.0,25.0,7.0,13.0,17.0,7.0,10.0,11.0,5.0,8.0,10.0,9.0,10.0,13.0,28.0,41.0,1.0,12.0
2018,11,16,4,101,32,2,2,13,1,49000000,36.8,12.0,2.0,14.0,14.0,7.0,17.0,24.0,10.0,32.0,36.0,13.0,37.0,40.0,42.0,49.0,43.0,3.0,11.0,2.0,6.0,12.0,9.0,66.0,360.0,248.0,175.0,112.0,17.0,7.0,7.0,12.0,17.0,10.0,17.0,24.0,10.0,17.0,27.0,8.0,17.0,25.0,8.0,14.0,17.0,6.0,9.0,11.0,4.0,8.0,10.0,6.0,19.0,39.0,45.0,48.0,7.0,12.0
2018,11,20,1,157,42,2,3,19,1,17000000,80.6,11.0,9.0,2.0,14.0,10.0,7.0,17.0,13.0,10.0,32.0,28.0,13.0,37.0,41.0,42.0,49.0,1.0,3.0,11.0,12.0,6.0,12.0,56.0,154.0,151.0,228.0,32.0,18.0,4.0,7.0,12.0,17.0,10.0,18.0,23.0,10.0,18.0,27.0,9.0,17.0,26.0,8.0,14.0,17.0,6.0,9.0,11.0,4.0,8.0,10.0,5.0,8.0,25.0,26.0,30.0,3.0,10.0
2018,11,23,4,94,25,3,2,13,1,28000000,48.2,52.0,6.0,9.0,2.0,19.0,10.0,7.0,39.0,13.0,10.0,45.0,28.0,13.0,48.0,41.0,42.0,7.0,1.0,3.0,12.0,12.0,6.0,21.0,66.0,217.0,49.0,399.0,10.0,108.0,7.0,12.0,17.0,10.0,18.0,23.0,10.0,19.0,28.0,9.0,16.0,26.0,9.0,15.0,18.0,6.0,9.0,11.0,5.0,9.0,10.0,4.0,16.0,17.0,18.0,32.0,2.0,11.0
2018,11,27,1,87,28,4,1,13,1,36000000,33.4,19.5,5.0,6.0,9.0,8.0,19.0,10.0,25.0,39.0,13.0,26.0,45.0,28.0,30.0,48.0,41.0,3.0,7.0,1.0,10.0,12.0,12.0,46.0,53.0,25.0,364.0,35.0,21.0,25.0,7.0,12.0,17.0,10.0,17.0,23.0,9.0,18.0,28.0,9.0,17.0,27.0,9.0,15.0,18.0,6.0,9.0,11.0,5.0,9.0,10.0,3.0,10.0,12.0,23.0,26.0,1.0,12.0
2018,11,30,4,74,23,3,1,13,1,48000000,28.6,12.0,4.0,5.0,6.0,16.0,8.0,19.0,17.0,25.0,39.0,18.0,26.0,45.0,32.0,30.0,48.0,2.0,3.0,7.0,11.0,10.0,12.0,52.0,14.0,49.0,126.0,570.0,14.0,10.0,8.0,12.0,17.0,9.0,16.0,23.0,9.0,17.0,28.0,9.0,18.0,27.0,9.0,15.0,19.0,5.0,9.0,11.0,5.0,9.0,10.0,19.0,20.0,21.0,42.0,45.0,8.0,9.0
2018,12,4,1,147,26,2,2,17,1,57000000,31.6,40.5,3.0,4.0,5.0,10.0,16.0,8.0,12.0,17.0,25.0,23.0,18.0,26.0,26.0,32.0,30.0,1.0,2.0,3.0,12.0,11.0,10.0,375.0,116.0,39.0,98.0,56.0,56.0,28.0,8.0,13.0,18.0,9.0,17.0,23.0,9.0,17.0,28.0,9.0,19.0,27.0,10.0,15.0,19.0,6.0,9.0,11.0,5.0,9.0,10.0,11.0,17.0,26.0,37.0,48.0,1.0,10.0
2018,12,7,4,139,37,2,3,11,1,70000000,39.0,10.5,19.0,3.0,4.0,20.0,10.0,16.0,21.0,12.0,17.0,42.0,23.0,18.0,45.0,26.0,32.0,8.0,1.0,2.0,9.0,12.0,11.0,133.0,28.0,150.0,28.0,17.0,7.0,14.0,9.0,14.0,17.0,8.0,17.0,23.0,10.0,18.0,28.0,9.0,18.0,27.0,9.0,14.0,19.0,6.0,9.0,11.0,5.0,8.0,10.0,4.0,7.0,13.0,23.0,42.0,1.0,3.0
2018,12,11,1,89,38,2,1,4,0,76000000,17.0,11.0,11.0,19.0,3.0,17.0,20.0,10.0,26.0,21.0,12.0,37.0,42.0,23.0,48.0,45.0,26.0,1.0,8.0,1.0,10.0,9.0,12.0,14.0,28.0,25.0,11.0,28.0,4.0,91.0,9.0,14.0,17.0,7.0,17.0,23.0,9.0,17.0,28.0,8.0,18.0,27.0,8.0,14.0,19.0,6.0,9.0,11.0,6.0,9.0,10.0,12.0,29.0,38.0,42.0,44.0,2.0,12.0
2018,12,14,4,165,32,4,4,14,2,85000000,39.0,15.5,4.0,11.0,19.0,7.0,17.0,20.0,13.0,26.0,21.0,23.0,37.0,42.0,42.0,48.0,45.0,1.0,1.0,8.0,3.0,10.0,9.0,231.0,252.0,546.0,10.0,42.0,17.0,14.0,9.0,15.0,18.0,8.0,18.0,24.0,9.0,18.0,29.0,8.0,17.0,26.0,8.0,14.0,19.0,5.0,9.0,11.0,6.0,9.0,10.0,1.0,9.0,18.0,39.0,48.0,5.0,7.0
2018,12,18,1,115,47,2,2,12,0,91000000,29.6,47.5,12.0,4.0,11.0,29.0,7.0,17.0,38.0,13.0,26.0,42.0,23.0,37.0,44.0,42.0,48.0,2.0,1.0,1.0,12.0,3.0,10.0,56.0,67.0,123.0,147.0,11.0,67.0,84.0,9.0,15.0,18.0,9.0,18.0,24.0,9.0,19.0,29.0,8.0,17.0,25.0,8.0,13.0,19.0,6.0,9.0,11.0,6.0,8.0,10.0,2.0,12.0,15.0,34.0,50.0,3.0,4.0
2018,12,21,4,113,48,4,2,7,1,101000000,64.2,48.5,1.0,12.0,4.0,9.0,29.0,7.0,18.0,38.0,13.0,39.0,42.0,23.0,48.0,44.0,42.0,5.0,2.0,1.0,7.0,12.0,3.0,38.0,73.0,171.0,178.0,84.0,28.0,91.0,9.0,15.0,18.0,10.0,18.0,23.0,10.0,19.0,29.0,8.0,17.0,26.0,8.0,12.0,19.0,6.0,8.0,11.0,7.0,9.0,10.0,4.0,5.0,8.0,31.0,43.0,2.0,9.0
2018,12,25,1,91,39,2,2,11,1,109000000,37.4,16.0,2.0,1.0,12.0,12.0,9.0,29.0,15.0,18.0,38.0,34.0,39.0,42.0,50.0,48.0,44.0,3.0,5.0,2.0,4.0,7.0,12.0,14.0,354.0,88.0,60.0,49.0,11.0,21.0,8.0,15.0,18.0,10.0,18.0,24.0,10.0,19.0,29.0,8.0,16.0,25.0,9.0,12.0,19.0,5.0,8.0,11.0,7.0,9.0,9.0,13.0,16.0,34.0,35.0,45.0,10.0,12.0
2018,12,28,4,143,32,2,3,22,2,119000000,28.4,17.5,4.0,2.0,1.0,5.0,12.0,9.0,8.0,15.0,18.0,31.0,34.0,39.0,43.0,50.0,48.0,2.0,3.0,5.0,9.0,4.0,7.0,217.0,31.0,150.0,273.0,24.0,129.0,14.0,8.0,15.0,19.0,9.0,18.0,24.0,10.0,20.0,29.0,8.0,17.0,26.0,8.0,12.0,19.0,6.0,9.0,11.0,7.0,9.0,9.0,1.0,8.0,11.0,25.0,28.0,4.0,6.0
2019,1,1,1,73,27,2,1,10,2,128000000,26.2,30.0,13.0,4.0,2.0,16.0,5.0,12.0,34.0,8.0,15.0,35.0,31.0,34.0,45.0,43.0,50.0,10.0,2.0,3.0,12.0,9.0,4.0,14.0,39.0,284.0,102.0,767.0,98.0,49.0,8.0,14.0,19.0,10.0,18.0,24.0,10.0,20.0,30.0,8.0,18.0,25.0,8.0,13.0,20.0,7.0,10.0,11.0,7.0,9.0,9.0,7.0,11.0,19.0,27.0,37.0,6.0,10.0
2019,1,4,4,101,30,0,2,16,2,17000000,30.4,5.0,1.0,13.0,4.0,8.0,16.0,5.0,11.0,34.0,8.0,25.0,35.0,31.0,28.0,45.0,43.0,4.0,10.0,2.0,6.0,12.0,9.0,94.0,220.0,318.0,98.0,105.0,70.0,28.0,8.0,15.0,19.0,10.0,19.0,25.0,10.0,21.0,30.0,9.0,18.0,25.0,8.0,14.0,20.0,8.0,10.0,11.0,7.0,9.0,9.0,3.0,19.0,22.0,31.0,32.0,2.0,11.0
2019,1,8,1,107,29,2,2,13,1,25000000,52.8,28.0,7.0,1.0,13.0,11.0,8.0,16.0,19.0,11.0,34.0,27.0,25.0,35.0,37.0,28.0,45.0,6.0,4.0,10.0,10.0,6.0,12.0,39.0,49.0,165.0,14.0,42.0,14.0,42.0,8.0,15.0,19.0,10.0,19.0,24.0,10.0,22.0,30.0,9.0,18.0,24.0,9.0,14.0,20.0,7.0,10.0,11.0,8.0,8.0,9.0,1.0,19.0,31.0,39.0,48.0,1.0,6.0
2019,1,11,4,138,47,1,3,7,1,36000000,12.8,19.0,3.0,7.0,1.0,19.0,11.0,8.0,22.0,19.0,11.0,31.0,27.0,25.0,32.0,37.0,28.0,2.0,6.0,4.0,11.0,10.0,6.0,10.0,3.0,133.0,24.0,24.0,31.0,10.0,7.0,14.0,19.0,9.0,18.0,24.0,10.0,22.0,29.0,8.0,18.0,24.0,9.0,14.0,20.0,7.0,10.0,11.0,8.0,8.0,9.0,22.0,25.0,29.0,33.0,35.0,3.0,6.0
2019,1,15,1,144,13,1,3,9,1,46000000,38.8,14.5,1.0,3.0,7.0,19.0,19.0,11.0,31.0,22.0,19.0,39.0,31.0,27.0,48.0,32.0,37.0,1.0,2.0,6.0,6.0,11.0,10.0,340.0,168.0,88.0,189.0,81.0,25.0,4.0,8.0,15.0,20.0,9.0,18.0,24.0,10.0,22.0,28.0,8.0,18.0,25.0,9.0,14.0,19.0,7.0,10.0,11.0,7.0,8.0,9.0,5.0,6.0,16.0,30.0,46.0,5.0,10.0
2019,1,18,4,103,41,4,2,15,1,60000000,57.8,22.5,22.0,1.0,3.0,25.0,19.0,19.0,29.0,31.0,22.0,33.0,39.0,31.0,35.0,48.0,32.0,3.0,1.0,2.0,6.0,6.0,11.0,56.0,185.0,238.0,115.0,129.0,31.0,14.0,8.0,15.0,20.0,9.0,18.0,25.0,10.0,22.0,29.0,8.0,18.0,25.0,9.0,15.0,19.0,7.0,10.0,11.0,7.0,8.0,9.0,9.0,23.0,29.0,41.0,49.0,8.0,10.0
2019,1,22,1,151,40,0,3,18,2,70000000,45.0,26.5,5.0,22.0,1.0,6.0,25.0,19.0,16.0,29.0,31.0,30.0,33.0,39.0,46.0,35.0,48.0,5.0,3.0,1.0,10.0,6.0,6.0,67.0,84.0,7.0,214.0,74.0,49.0,4.0,9.0,15.0,19.0,9.0,17.0,25.0,9.0,22.0,29.0,9.0,19.0,26.0,10.0,15.0,19.0,8.0,10.0,11.0,6.0,8.0,9.0,1.0,6.0,13.0,15.0,16.0,6.0,10.0
2019,1,25,4,51,15,2,0,16,2,78000000,18.2,6.5,9.0,5.0,22.0,23.0,6.0,25.0,29.0,16.0,29.0,41.0,30.0,33.0,49.0,46.0,35.0,8.0,5.0,3.0,10.0,10.0,6.0,14.0,7.0,45.0,518.0,1263.0,21.0,3.0,8.0,14.0,19.0,8.0,17.0,24.0,9.0,21.0,29.0,9.0,19.0,27.0,10.0,16.0,20.0,8.0,10.0,11.0,5.0,8.0,9.0,14.0,24.0,26.0,32.0,39.0,3.0,8.0
2019,1,29,1,135,25,4,3,11,1,84000000,51.4,10.5,1.0,9.0,5.0,6.0,23.0,6.0,13.0,29.0,16.0,15.0,41.0,30.0,16.0,49.0,46.0,6.0,8.0,5.0,10.0,10.0,10.0,81.0,84.0,53.0,133.0,259.0,14.0,109.0,8.0,14.0,19.0,8.0,16.0,24.0,9.0,21.0,29.0,10.0,20.0,27.0,10.0,17.0,20.0,8.0,10.0,11.0,5.0,9.0,9.0,3.0,21.0,26.0,41.0,46.0,1.0,6.0
2019,2,1,4,137,43,2,3,7,1,120000000,22.0,14.0,14.0,1.0,9.0,24.0,6.0,23.0,26.0,13.0,29.0,32.0,15.0,41.0,39.0,16.0,49.0,3.0,6.0,8.0,8.0,10.0,10.0,24.0,217.0,3.0,10.0,14.0,21.0,17.0,7.0,14.0,18.0,8.0,17.0,25.0,8.0,20.0,29.0,9.0,19.0,27.0,9.0,17.0,20.0,7.0,10.0,11.0,4.0,9.0,9.0,14.0,25.0,31.0,37.0,43.0,2.0,3.0
2019,2,5,1,150,29,1,3,5,1,128000000,25.4,17.5,3.0,14.0,1.0,21.0,24.0,6.0,26.0,26.0,13.0,41.0,32.0,15.0,46.0,39.0,16.0,1.0,3.0,6.0,6.0,8.0,10.0,7.0,21.0,25.0,60.0,42.0,28.0,56.0,7.0,14.0,18.0,7.0,17.0,25.0,7.0,19.0,29.0,9.0,19.0,27.0,9.0,17.0,19.0,6.0,9.0,10.0,5.0,9.0,9.0,11.0,12.0,13.0,39.0,46.0,7.0,10.0
2019,2,8,4,121,35,2,2,17,1,141000000,23.0,33.0,14.0,3.0,14.0,25.0,21.0,24.0,31.0,26.0,26.0,37.0,41.0,32.0,43.0,46.0,39.0,2.0,1.0,3.0,3.0,6.0,8.0,63.0,49.0,14.0,28.0,7.0,80.0,14.0,7.0,14.0,18.0,7.0,17.0,25.0,6.0,18.0,29.0,8.0,18.0,26.0,8.0,17.0,19.0,7.0,9.0,10.0,5.0,9.0,9.0,6.0,34.0,36.0,41.0,50.0,1.0,5.0
2019,2,12,1,167,44,4,4,6,0,151000000,45.2,18.0,11.0,14.0,3.0,12.0,25.0,21.0,13.0,31.0,26.0,39.0,37.0,41.0,46.0,43.0,46.0,7.0,2.0,1.0,10.0,3.0,6.0,84.0,375.0,98.0,11.0,53.0,11.0,224.0,8.0,14.0,17.0,8.0,18.0,26.0,6.0,19.0,28.0,7.0,17.0,26.0,8.0,16.0,19.0,7.0,9.0,10.0,5.0,10.0,10.0,15.0,27.0,34.0,38.0,49.0,2.0,10.0
2019,2,15,4,163,34,2,4,12,2,164000000,30.6,8.5,6.0,11.0,14.0,34.0,12.0,25.0,36.0,13.0,31.0,41.0,39.0,37.0,50.0,46.0,43.0,1.0,7.0,2.0,5.0,10.0,3.0,122.0,304.0,49.0,157.0,24.0,10.0,7.0,9.0,15.0,17.0,8.0,19.0,27.0,7.0,18.0,28.0,8.0,17.0,25.0,7.0,16.0,19.0,7.0,9.0,10.0,5.0,10.0,10.0,1.0,8.0,18.0,19.0,39.0,7.0,9.0
2019,2,19,1,85,38,2,1,16,0,176000000,37.4,33.5,15.0,6.0,11.0,27.0,34.0,12.0,34.0,36.0,13.0,38.0,41.0,39.0,49.0,50.0,46.0,2.0,1.0,7.0,10.0,5.0,10.0,25.0,49.0,63.0,501.0,21.0,11.0,56.0,8.0,15.0,17.0,9.0,19.0,27.0,8.0,17.0,28.0,8.0,17.0,26.0,6.0,15.0,19.0,7.0,9.0,10.0,6.0,10.0,10.0,3.0,27.0,29.0,33.0,50.0,3.0,7.0
2019,2,22,4,142,47,1,4,10,0,0,21.4,10.0,1.0,15.0,6.0,8.0,27.0,34.0,18.0,34.0,36.0,19.0,38.0,41.0,39.0,49.0,50.0,7.0,2.0,1.0,9.0,10.0,5.0,21.0,7.0,31.0,38.0,10.0,24.0,66.0,7.0,15.0,17.0,9.0,19.0,26.0,7.0,16.0,28.0,8.0,16.0,26.0,6.0,15.0,19.0,6.0,9.0,10.0,7.0,10.0,10.0,3.0,15.0,29.0,35.0,47.0,3.0,4.0
2019,2,26,1,129,44,0,3,7,1,25000000,38.2,30.0,3.0,1.0,15.0,27.0,8.0,27.0,29.0,18.0,34.0,33.0,19.0,38.0,50.0,39.0,49.0,3.0,7.0,2.0,7.0,9.0,10.0,4.0,116.0,4.0,60.0,175.0,4.0,67.0,6.0,15.0,17.0,9.0,19.0,25.0,7.0,15.0,27.0,9.0,16.0,26.0,7.0,15.0,19.0,5.0,9.0,10.0,8.0,10.0,10.0,6.0,9.0,19.0,26.0,31.0,11.0,12.0
2019,3,1,4,91,25,2,2,23,1,39000000,23.4,57.5,3.0,3.0,1.0,15.0,27.0,8.0,29.0,29.0,18.0,35.0,33.0,19.0,47.0,50.0,39.0,3.0,3.0,7.0,4.0,7.0,9.0,17.0,73.0,56.0,98.0,199.0,112.0,63.0,6.0,14.0,17.0,9.0,18.0,25.0,8.0,14.0,27.0,9.0,17.0,26.0,7.0,16.0,20.0,5.0,10.0,10.0,9.0,10.0,10.0,6.0,10.0,16.0,39.0,46.0,8.0,11.0
2019,3,5,1,117,40,4,2,19,1,49000000,35.4,19.5,6.0,3.0,3.0,9.0,15.0,27.0,19.0,29.0,29.0,26.0,35.0,33.0,31.0,47.0,50.0,11.0,3.0,3.0,12.0,4.0,7.0,4.0,95.0,46.0,25.0,25.0,42.0,56.0,6.0,14.0,17.0,9.0,18.0,25.0,9.0,14.0,27.0,8.0,17.0,26.0,7.0,16.0,20.0,6.0,10.0,10.0,9.0,10.0,10.0,17.0,18.0,19.0,24.0,40.0,4.0,8.0
2019,3,8,4,118,23,3,1,12,2,62000000,55.0,6.5,6.0,6.0,3.0,10.0,9.0,15.0,16.0,19.0,29.0,39.0,26.0,35.0,46.0,31.0,47.0,8.0,11.0,3.0,11.0,12.0,4.0,129.0,133.0,7.0,203.0,227.0,66.0,38.0,7.0,15.0,17.0,9.0,18.0,25.0,8.0,14.0,26.0,9.0,17.0,27.0,8.0,16.0,21.0,7.0,10.0,10.0,9.0,10.0,10.0,5.0,7.0,13.0,19.0,31.0,2.0,9.0
2019,3,12,1,75,26,0,1,11,1,73000000,33.4,23.0,17.0,6.0,6.0,18.0,10.0,9.0,19.0,16.0,19.0,24.0,39.0,26.0,40.0,46.0,31.0,4.0,8.0,11.0,8.0,11.0,12.0,53.0,91.0,32.0,21.0,11.0,25.0,21.0,7.0,14.0,17.0,9.0,18.0,25.0,7.0,13.0,26.0,8.0,16.0,27.0,7.0,15.0,21.0,7.0,10.0,10.0,8.0,10.0,10.0,3.0,15.0,24.0,42.0,46.0,9.0,12.0
2019,3,15,4,130,43,3,2,21,1,82000000,28.4,8.5,5.0,17.0,6.0,7.0,18.0,10.0,13.0,19.0,16.0,19.0,24.0,39.0,31.0,40.0,46.0,2.0,4.0,8.0,9.0,8.0,11.0,17.0,17.0,161.0,91.0,10.0,213.0,14.0,6.0,14.0,17.0,8.0,18.0,25.0,8.0,14.0,26.0,9.0,17.0,27.0,7.0,15.0,21.0,8.0,11.0,11.0,8.0,10.0,10.0,1.0,6.0,9.0,34.0,47.0,7.0,12.0
2019,3,19,1,97,46,2,2,19,1,17000000,22.6,14.5,3.0,5.0,17.0,15.0,7.0,18.0,24.0,13.0,19.0,42.0,19.0,24.0,46.0,31.0,40.0,9.0,2.0,4.0,12.0,9.0,8.0,28.0,53.0,420.0,88.0,21.0,28.0,4.0,6.0,13.0,17.0,8.0,18.0,25.0,8.0,14.0,26.0,9.0,17.0,27.0,7.0,15.0,20.0,7.0,11.0,11.0,7.0,10.0,10.0,4.0,17.0,26.0,30.0,43.0,6.0,11.0
2019,3,22,4,120,39,3,3,17,1,28000000,46.0,33.0,1.0,3.0,5.0,6.0,15.0,7.0,9.0,24.0,13.0,34.0,42.0,19.0,47.0,46.0,31.0,7.0,9.0,2.0,12.0,12.0,9.0,87.0,105.0,49.0,63.0,45.0,56.0,17.0,6.0,13.0,17.0,9.0,18.0,24.0,8.0,13.0,26.0,9.0,17.0,27.0,7.0,15.0,20.0,8.0,11.0,11.0,6.0,10.0,10.0,12.0,19.0,23.0,43.0,47.0,2.0,6.0
2019,3,26,1,144,35,1,2,8,2,37000000,26.8,9.0,4.0,1.0,3.0,17.0,6.0,15.0,26.0,9.0,24.0,30.0,34.0,42.0,43.0,47.0,46.0,6.0,7.0,9.0,11.0,12.0,12.0,102.0,74.0,245.0,147.0,7.0,14.0,53.0,7.0,13.0,17.0,9.0,17.0,24.0,8.0,14.0,27.0,10.0,18.0,27.0,6.0,14.0,20.0,8.0,10.0,11.0,7.0,10.0,10.0,13.0,23.0,26.0,32.0,47.0,6.0,10.0
2019,3,29,4,141,34,2,3,16,2,49000000,17.8,22.5,12.0,4.0,1.0,19.0,17.0,6.0,23.0,26.0,9.0,43.0,30.0,34.0,47.0,43.0,47.0,2.0,6.0,7.0,6.0,11.0,12.0,91.0,66.0,7.0,59.0,3.0,7.0,42.0,8.0,14.0,16.0,9.0,17.0,24.0,8.0,13.0,27.0,10.0,17.0,27.0,5.0,13.0,20.0,8.0,10.0,11.0,7.0,10.0,10.0,2.0,9.0,16.0,26.0,36.0,6.0,7.0
2019,4,2,1,89,34,4,2,13,1,59000000,39.4,9.0,13.0,12.0,4.0,23.0,19.0,17.0,26.0,23.0,26.0,32.0,43.0,30.0,47.0,47.0,43.0,6.0,2.0,6.0,10.0,6.0,11.0,102.0,32.0,28.0,32.0,238.0,4.0,39.0,9.0,14.0,16.0,9.0,16.0,24.0,7.0,13.0,27.0,9.0,16.0,26.0,6.0,13.0,21.0,7.0,10.0,11.0,7.0,10.0,10.0,1.0,7.0,10.0,29.0,45.0,3.0,5.0
2019,4,5,4,92,44,1,2,8,0,72000000,41.6,45.0,2.0,13.0,12.0,9.0,23.0,19.0,16.0,26.0,23.0,26.0,32.0,43.0,36.0,47.0,47.0,6.0,6.0,2.0,7.0,10.0,6.0,17.0,24.0,143.0,276.0,98.0,38.0,52.0,9.0,14.0,16.0,9.0,16.0,24.0,8.0,13.0,27.0,10.0,16.0,27.0,7.0,13.0,21.0,7.0,10.0,11.0,8.0,10.0,10.0,18.0,21.0,29.0,38.0,41.0,1.0,11.0
2019,4,9,1,147,23,2,3,12,0,79000000,42.4,37.0,1.0,2.0,13.0,7.0,9.0,23.0,10.0,16.0,26.0,29.0,26.0,32.0,45.0,36.0,47.0,3.0,6.0,6.0,5.0,7.0,10.0,242.0,67.0,42.0,53.0,144.0,56.0,18.0,9.0,15.0,17.0,9.0,16.0,23.0,9.0,13.0,26.0,10.0,16.0,27.0,8.0,13.0,21.0,7.0,10.0,11.0,8.0,10.0,10.0,1.0,28.0,35.0,36.0,46.0,6.0,9.0
2019,4,12,4,146,45,3,4,15,1,17000000,38.2,19.0,18.0,1.0,2.0,21.0,7.0,9.0,29.0,10.0,16.0,38.0,29.0,26.0,41.0,45.0,36.0,1.0,3.0,6.0,11.0,5.0,7.0,7.0,178.0,339.0,231.0,28.0,10.0,31.0,8.0,14.0,17.0,9.0,17.0,23.0,9.0,14.0,27.0,10.0,17.0,27.0,7.0,12.0,21.0,6.0,10.0,11.0,7.0,10.0,10.0,1.0,8.0,15.0,44.0,49.0,2.0,11.0
2019,4,16,1,117,48,2,2,13,1,25000000,55.0,14.0,1.0,18.0,1.0,28.0,21.0,7.0,35.0,29.0,10.0,36.0,38.0,29.0,46.0,41.0,45.0,6.0,1.0,3.0,9.0,11.0,5.0,4.0,56.0,116.0,189.0,60.0,21.0,7.0,7.0,14.0,17.0,10.0,17.0,22.0,9.0,15.0,26.0,10.0,18.0,27.0,7.0,12.0,21.0,6.0,9.0,11.0,7.0,10.0,10.0,7.0,8.0,32.0,41.0,49.0,5.0,11.0
2019,4,19,4,137,42,2,3,16,0,36000000,10.2,8.5,1.0,1.0,18.0,8.0,28.0,21.0,15.0,35.0,29.0,44.0,36.0,38.0,49.0,46.0,41.0,2.0,6.0,1.0,11.0,9.0,11.0,105.0,3.0,161.0,66.0,3.0,91.0,3.0,7.0,14.0,17.0,9.0,17.0,22.0,9.0,16.0,26.0,10.0,18.0,27.0,7.0,12.0,21.0,6.0,10.0,11.0,7.0,10.0,10.0,18.0,23.0,27.0,42.0,44.0,2.0,7.0
2019,4,23,1,154,26,3,3,9,1,44000000,29.0,14.0,7.0,1.0,1.0,8.0,8.0,28.0,32.0,15.0,35.0,41.0,44.0,36.0,49.0,49.0,46.0,5.0,2.0,6.0,11.0,11.0,9.0,14.0,25.0,175.0,39.0,130.0,7.0,21.0,7.0,14.0,17.0,8.0,17.0,22.0,9.0,17.0,26.0,10.0,17.0,27.0,8.0,12.0,21.0,5.0,10.0,11.0,6.0,10.0,10.0,14.0,33.0,35.0,47.0,50.0,9.0,11.0
2019,4,26,4,179,36,2,4,20,0,17000000,49.6,10.5,18.0,7.0,1.0,23.0,8.0,8.0,27.0,32.0,15.0,42.0,41.0,44.0,44.0,49.0,49.0,2.0,5.0,2.0,7.0,11.0,11.0,80.0,1557.0,14.0,189.0,63.0,42.0,7.0,7.0,14.0,17.0,8.0,17.0,23.0,9.0,17.0,26.0,10.0,18.0,28.0,8.0,12.0,21.0,6.0,10.0,11.0,6.0,10.0,10.0,5.0,12.0,20.0,26.0,48.0,2.0,11.0
2019,4,30,1,111,43,4,2,13,1,25000000,73.6,5.5,14.0,18.0,7.0,33.0,23.0,8.0,35.0,27.0,32.0,47.0,42.0,41.0,50.0,44.0,49.0,9.0,2.0,5.0,11.0,7.0,11.0,49.0,81.0,217.0,28.0,109.0,7.0,4.0,7.0,14.0,17.0,8.0,17.0,23.0,9.0,18.0,27.0,9.0,18.0,27.0,9.0,13.0,21.0,6.0,10.0,11.0,5.0,10.0,10.0,2.0,9.0,20.0,27.0,43.0,5.0,6.0
2019,5,3,4,101,41,2,2,11,1,17000000,22.6,17.5,5.0,14.0,18.0,12.0,33.0,23.0,20.0,35.0,27.0,26.0,47.0,42.0,48.0,50.0,44.0,2.0,9.0,2.0,11.0,11.0,7.0,31.0,31.0,3.0,119.0,42.0,14.0,38.0,6.0,14.0,17.0,8.0,16.0,23.0,8.0,17.0,27.0,9.0,18.0,27.0,9.0,13.0,21.0,6.0,10.0,11.0,5.0,9.0,10.0,7.0,20.0,26.0,32.0,47.0,2.0,11.0
2019,5,7,1,132,40,3,3,13,1,25000000,11.6,7.0,2.0,5.0,14.0,9.0,12.0,33.0,20.0,20.0,35.0,27.0,26.0,47.0,43.0,48.0,50.0,5.0,2.0,9.0,6.0,11.0,11.0,18.0,154.0,39.0,39.0,39.0,7.0,7.0,6.0,13.0,17.0,9.0,17.0,23.0,8.0,17.0,27.0,10.0,18.0,26.0,9.0,13.0,21.0,6.0,10.0,11.0,5.0,9.0,10.0,1.0,4.0,27.0,45.0,48.0,1.0,7.0
2019,5,10,4,125,47,2,3,8,0,17000000,25.0,24.0,7.0,2.0,5.0,20.0,9.0,12.0,26.0,20.0,20.0,32.0,27.0,26.0,47.0,43.0,48.0,2.0,5.0,2.0,11.0,6.0,11.0,24.0,224.0,17.0,171.0,10.0,31.0,17.0,6.0,13.0,17.0,9.0,17.0,24.0,7.0,16.0,27.0,10.0,19.0,25.0,8.0,13.0,21.0,5.0,10.0,11.0,4.0,9.0,10.0,10.0,14.0,17.0,25.0,50.0,2.0,10.0
2019,5,14,1,116,40,3,1,12,2,25000000,45.2,26.5,1.0,7.0,2.0,4.0,20.0,9.0,27.0,26.0,20.0,45.0,32.0,27.0,48.0,47.0,43.0,1.0,2.0,5.0,7.0,11.0,6.0,445.0,252.0,168.0,133.0,18.0,7.0,46.0,7.0,13.0,18.0,9.0,18.0,25.0,7.0,16.0,26.0,10.0,20.0,25.0,7.0,13.0,21.0,5.0,10.0,11.0,5.0,9.0,10.0,16.0,28.0,42.0,43.0,45.0,6.0,7.0
2019,5,17,4,174,29,3,4,13,1,36000000,25.0,10.5,10.0,1.0,7.0,14.0,4.0,20.0,17.0,27.0,26.0,25.0,45.0,32.0,50.0,48.0,47.0,2.0,1.0,2.0,10.0,7.0,11.0,269.0,35.0,269.0,52.0,42.0,35.0,7.0,8.0,14.0,19.0,9.0,18.0,25.0,8.0,16.0,26.0,10.0,20.0,25.0,7.0,12.0,20.0,5.0,10.0,11.0,4.0,9.0,10.0,32.0,33.0,34.0,39.0,47.0,8.0,12.0
2019,5,21,1,185,15,2,5,20,2,44000000,38.6,68.5,16.0,10.0,1.0,28.0,14.0,4.0,42.0,17.0,27.0,43.0,25.0,45.0,45.0,50.0,48.0,6.0,2.0,1.0,7.0,10.0,7.0,1110.0,25.0,95.0,77.0,14.0,77.0,63.0,9.0,15.0,20.0,9.0,17.0,25.0,8.0,17.0,26.0,10.0,19.0,24.0,7.0,12.0,20.0,6.0,10.0,11.0,5.0,9.0,10.0,5.0,16.0,23.0,30.0,49.0,6.0,7.0
2019,5,24,4,123,44,2,2,13,1,57000000,32.0,7.0,32.0,16.0,10.0,33.0,28.0,14.0,34.0,42.0,17.0,39.0,43.0,25.0,47.0,45.0,50.0,8.0,6.0,2.0,12.0,7.0,10.0,24.0,147.0,59.0,63.0,35.0,7.0,7.0,9.0,15.0,20.0,9.0,18.0,25.0,8.0,17.0,25.0,10.0,18.0,24.0,7.0,12.0,19.0,6.0,10.0,11.0,5.0,8.0,10.0,7.0,19.0,20.0,28.0,29.0,1.0,5.0
2019,5,28,1,103,22,2,2,6,0,66000000,33.0,21.5,5.0,32.0,16.0,16.0,33.0,28.0,23.0,34.0,42.0,30.0,39.0,43.0,49.0,47.0,45.0,6.0,8.0,6.0,7.0,12.0,7.0,21.0,63.0,25.0,193.0,462.0,18.0,53.0,8.0,15.0,19.0,9.0,18.0,25.0,8.0,17.0,24.0,10.0,19.0,25.0,7.0,13.0,20.0,6.0,9.0,11.0,6.0,8.0,10.0,1.0,23.0,24.0,26.0,35.0,1.0,11.0
2019,5,31,4,109,34,2,2,12,0,17000000,32.8,13.5,7.0,5.0,32.0,19.0,16.0,33.0,20.0,23.0,34.0,28.0,30.0,39.0,29.0,49.0,47.0,1.0,6.0,8.0,5.0,7.0,12.0,21.0,38.0,77.0,31.0,136.0,3.0,24.0,7.0,14.0,19.0,10.0,17.0,25.0,8.0,17.0,24.0,9.0,19.0,25.0,8.0,14.0,20.0,5.0,9.0,11.0,6.0,8.0,10.0,9.0,31.0,32.0,39.0,41.0,2.0,8.0
2019,6,4,1,152,32,1,4,10,2,24000000,38.0,17.5,1.0,7.0,5.0,23.0,19.0,16.0,24.0,20.0,23.0,26.0,28.0,30.0,35.0,29.0,49.0,1.0,1.0,6.0,11.0,5.0,7.0,133.0,462.0,46.0,14.0,56.0,21.0,88.0,8.0,14.0,19.0,10.0,17.0,26.0,9.0,16.0,24.0,9.0,18.0,24.0,9.0,13.0,19.0,5.0,8.0,11.0,7.0,8.0,10.0,1.0,4.0,16.0,20.0,34.0,2.0,5.0
2019,6,7,4,75,33,4,1,7,1,130000000,15.2,6.5,9.0,1.0,7.0,31.0,23.0,19.0,32.0,24.0,20.0,39.0,26.0,28.0,41.0,35.0,29.0,2.0,1.0,1.0,8.0,11.0,5.0,7.0,28.0,66.0,752.0,546.0,3.0,10.0,7.0,14.0,19.0,9.0,17.0,25.0,10.0,15.0,23.0,9.0,18.0,25.0,9.0,13.0,20.0,4.0,8.0,11.0,6.0,8.0,10.0,25.0,27.0,39.0,42.0,46.0,11.0,12.0
2019,6,11,1,179,21,2,4,23,1,139000000,30.4,16.0,1.0,9.0,1.0,4.0,31.0,23.0,16.0,32.0,24.0,20.0,39.0,26.0,34.0,41.0,35.0,2.0,2.0,1.0,5.0,8.0,11.0,543.0,109.0,203.0,49.0,60.0,102.0,21.0,8.0,14.0,20.0,9.0,17.0,25.0,10.0,16.0,24.0,9.0,18.0,25.0,10.0,13.0,20.0,5.0,9.0,11.0,6.0,8.0,10.0,1.0,13.0,30.0,31.0,39.0,2.0,7.0
2019,6,14,4,114,38,1,3,9,1,17000000,23.6,14.0,25.0,1.0,9.0,27.0,4.0,31.0,39.0,16.0,32.0,42.0,20.0,39.0,46.0,34.0,41.0,11.0,2.0,2.0,12.0,5.0,8.0,7.0,486.0,535.0,157.0,115.0,7.0,21.0,8.0,14.0,20.0,10.0,17.0,26.0,10.0,16.0,25.0,9.0,18.0,25.0,10.0,14.0,20.0,5.0,8.0,11.0,6.0,8.0,10.0,12.0,24.0,37.0,40.0,44.0,3.0,7.0
2019,6,18,1,157,32,4,3,10,0,24000000,71.6,39.0,1.0,25.0,1.0,13.0,27.0,4.0,30.0,39.0,16.0,31.0,42.0,20.0,39.0,46.0,34.0,2.0,11.0,2.0,7.0,12.0,5.0,84.0,140.0,245.0,224.0,56.0,74.0,4.0,8.0,13.0,20.0,10.0,17.0,25.0,10.0,17.0,25.0,9.0,19.0,26.0,10.0,14.0,20.0,6.0,8.0,11.0,5.0,8.0,10.0,5.0,8.0,9.0,25.0,39.0,3.0,7.0
2019,6,21,4,86,34,1,1,10,0,36000000,25.0,3.0,12.0,1.0,25.0,24.0,13.0,27.0,37.0,30.0,39.0,40.0,31.0,42.0,44.0,39.0,46.0,3.0,2.0,11.0,7.0,7.0,12.0,28.0,63.0,94.0,38.0,7.0,3.0,3.0,7.0,13.0,20.0,10.0,17.0,25.0,10.0,18.0,25.0,9.0,19.0,26.0,9.0,14.0,20.0,6.0,8.0,10.0,5.0,8.0,10.0,6.0,26.0,27.0,34.0,46.0,1.0,9.0
2019,6,25,1,139,40,4,4,10,0,45000000,33.8,42.5,5.0,12.0,1.0,8.0,24.0,13.0,9.0,37.0,30.0,25.0,40.0,31.0,39.0,44.0,39.0,3.0,3.0,2.0,7.0,7.0,7.0,112.0,326.0,46.0,98.0,14.0,25.0,74.0,7.0,13.0,20.0,10.0,18.0,26.0,10.0,18.0,24.0,10.0,20.0,26.0,8.0,14.0,19.0,5.0,8.0,10.0,6.0,8.0,10.0,1.0,3.0,16.0,33.0,49.0,2.0,11.0
2019,6,28,4,102,48,1,2,13,1,56000000,42.6,15.5,6.0,5.0,12.0,26.0,8.0,24.0,27.0,9.0,37.0,34.0,25.0,40.0,46.0,39.0,44.0,1.0,3.0,3.0,9.0,7.0,7.0,14.0,252.0,21.0,126.0,35.0,14.0,28.0,7.0,13.0,20.0,10.0,19.0,26.0,9.0,18.0,24.0,10.0,21.0,26.0,8.0,13.0,18.0,4.0,8.0,10.0,6.0,8.0,10.0,11.0,19.0,29.0,44.0,45.0,8.0,12.0
2019,7,2,1,148,34,1,3,20,2,66000000,54.8,24.5,1.0,6.0,5.0,3.0,26.0,8.0,16.0,27.0,9.0,33.0,34.0,25.0,49.0,46.0,39.0,2.0,1.0,3.0,11.0,9.0,7.0,144.0,35.0,84.0,77.0,46.0,42.0,21.0,7.0,14.0,20.0,10.0,18.0,26.0,9.0,17.0,23.0,10.0,20.0,26.0,8.0,13.0,17.0,5.0,8.0,10.0,6.0,8.0,10.0,2.0,9.0,20.0,34.0,42.0,6.0,9.0
2019,7,5,4,107,40,4,2,15,1,74000000,27.8,26.0,11.0,1.0,6.0,19.0,3.0,26.0,29.0,16.0,27.0,44.0,33.0,34.0,45.0,49.0,46.0,8.0,2.0,1.0,12.0,11.0,9.0,63.0,63.0,38.0,10.0,206.0,42.0,10.0,8.0,14.0,20.0,10.0,17.0,26.0,9.0,17.0,23.0,9.0,19.0,26.0,8.0,14.0,18.0,6.0,8.0,10.0,6.0,8.0,10.0,7.0,29.0,32.0,36.0,41.0,6.0,7.0
2019,7,9,1,145,34,2,4,13,1,81000000,41.4,11.0,2.0,11.0,1.0,9.0,19.0,3.0,20.0,29.0,16.0,34.0,44.0,33.0,42.0,45.0,49.0,6.0,8.0,2.0,9.0,12.0,11.0,42.0,207.0,35.0,88.0,35.0,4.0,18.0,8.0,14.0,19.0,10.0,18.0,27.0,9.0,17.0,23.0,9.0,19.0,26.0,8.0,14.0,18.0,6.0,8.0,10.0,5.0,8.0,10.0,2.0,31.0,39.0,45.0,47.0,4.0,8.0
2019,7,12,4,164,45,1,4,12,2,90000000,23.6,68.0,7.0,2.0,11.0,29.0,9.0,19.0,32.0,20.0,29.0,36.0,34.0,44.0,41.0,42.0,45.0,6.0,6.0,8.0,7.0,9.0,12.0,7.0,38.0,31.0,63.0,52.0,126.0,38.0,8.0,14.0,19.0,10.0,18.0,27.0,9.0,16.0,23.0,9.0,19.0,26.0,8.0,14.0,18.0,7.0,9.0,10.0,5.0,8.0,10.0,3.0,5.0,13.0,18.0,39.0,7.0,8.0
2019,7,16,1,78,36,1,1,15,1,97000000,32.6,5.5,2.0,7.0,2.0,31.0,29.0,9.0,39.0,32.0,20.0,45.0,36.0,34.0,47.0,41.0,42.0,4.0,6.0,6.0,8.0,7.0,9.0,123.0,203.0,126.0,231.0,25.0,119.0,4.0,8.0,15.0,19.0,10.0,19.0,28.0,10.0,17.0,23.0,9.0,19.0,27.0,8.0,14.0,18.0,7.0,10.0,10.0,5.0,8.0,10.0,13.0,14.0,17.0,26.0,28.0,2.0,7.0
2019,7,19,4,98,15,3,2,9,1,108000000,42.2,12.0,3.0,2.0,7.0,5.0,31.0,29.0,13.0,39.0,32.0,18.0,45.0,36.0,39.0,47.0,41.0,7.0,4.0,6.0,8.0,8.0,7.0,112.0,66.0,66.0,49.0,199.0,21.0,10.0,9.0,15.0,19.0,10.0,19.0,28.0,10.0,17.0,23.0,9.0,19.0,26.0,9.0,15.0,18.0,7.0,10.0,10.0,5.0,8.0,10.0,1.0,14.0,19.0,23.0,38.0,3.0,7.0
2019,7,23,1,95,37,2,1,10,0,17000000,41.6,18.0,13.0,3.0,2.0,14.0,5.0,31.0,17.0,13.0,39.0,26.0,18.0,45.0,28.0,39.0,47.0,2.0,7.0,4.0,7.0,8.0,8.0,25.0,4.0,137.0,224.0,301.0,32.0,4.0,8.0,14.0,19.0,9.0,19.0,28.0,10.0,17.0,23.0,9.0,19.0,27.0,9.0,16.0,19.0,7.0,9.0,10.0,5.0,8.0,10.0,2.0,5.0,27.0,37.0,42.0,3.0,10.0
2019,7,26,4,113,40,2,3,13,1,28000000,22.8,38.0,1.0,13.0,3.0,14.0,14.0,5.0,19.0,17.0,13.0,23.0,26.0,18.0,38.0,28.0,39.0,3.0,2.0,7.0,7.0,7.0,8.0,14.0,10.0,31.0,171.0,21.0,3.0,73.0,7.0,14.0,19.0,8.0,18.0,28.0,9.0,17.0,23.0,9.0,20.0,27.0,9.0,16.0,19.0,7.0,9.0,10.0,6.0,8.0,10.0,15.0,20.0,23.0,27.0,40.0,3.0,6.0
2019,7,30,1,125,25,2,2,9,1,36000000,36.6,12.5,2.0,1.0,13.0,5.0,14.0,14.0,27.0,19.0,17.0,37.0,23.0,26.0,42.0,38.0,28.0,3.0,3.0,2.0,10.0,7.0,7.0,165.0,84.0,67.0,88.0,144.0,4.0,88.0,7.0,15.0,19.0,8.0,18.0,27.0,10.0,17.0,22.0,10.0,20.0,27.0,9.0,16.0,19.0,6.0,8.0,10.0,7.0,8.0,9.0,13.0,22.0,33.0,44.0,50.0,2.0,5.0
2019,8,2,4,162,37,3,3,7,1,48000000,71.8,35.0,15.0,2.0,1.0,20.0,5.0,14.0,23.0,27.0,19.0,27.0,37.0,23.0,40.0,42.0,38.0,3.0,3.0,3.0,6.0,10.0,7.0,14.0,448.0,322.0,31.0,80.0,14.0,56.0,7.0,15.0,19.0,8.0,19.0,28.0,10.0,17.0,23.0,9.0,19.0,27.0,9.0,16.0,19.0,6.0,8.0,10.0,7.0,8.0,9.0,12.0,13.0,29.0,36.0,38.0,4.0,12.0
2019,8,6,1,128,26,3,3,16,2,57000000,24.6,30.0,13.0,15.0,2.0,22.0,20.0,5.0,33.0,23.0,27.0,44.0,27.0,37.0,50.0,40.0,42.0,2.0,3.0,3.0,5.0,6.0,10.0,49.0,53.0,35.0,28.0,14.0,25.0,35.0,7.0,15.0,19.0,8.0,19.0,27.0,10.0,17.0,22.0,9.0,19.0,27.0,8.0,15.0,19.0,5.0,8.0,10.0,7.0,8.0,9.0,2.0,14.0,35.0,41.0,42.0,10.0,11.0
2019,8,9,4,134,40,3,3,21,1,69000000,29.2,28.0,12.0,13.0,15.0,13.0,22.0,20.0,29.0,33.0,23.0,36.0,44.0,27.0,38.0,50.0,40.0,4.0,2.0,3.0,12.0,5.0,6.0,14.0,17.0,105.0,112.0,14.0,224.0,42.0,7.0,14.0,19.0,7.0,19.0,27.0,10.0,18.0,22.0,9.0,20.0,27.0,8.0,15.0,19.0,6.0,9.0,11.0,7.0,8.0,9.0,13.0,29.0,31.0,33.0,40.0,2.0,3.0
2019,8,13,1,146,27,1,4,5,1,75000000,14.2,12.5,2.0,12.0,13.0,14.0,13.0,22.0,35.0,29.0,33.0,41.0,36.0,44.0,42.0,38.0,50.0,10.0,4.0,2.0,11.0,12.0,5.0,11.0,35.0,189.0,46.0,14.0,11.0,189.0,6.0,13.0,19.0,7.0,18.0,27.0,10.0,18.0,22.0,10.0,19.0,27.0,7.0,15.0,19.0,5.0,9.0,11.0,8.0,9.0,10.0,9.0,10.0,27.0,37.0,42.0,1.0,5.0
2019,8,16,4,125,33,2,3,6,0,84000000,36.2,33.0,13.0,2.0,12.0,29.0,14.0,13.0,31.0,35.0,29.0,33.0,41.0,36.0,40.0,42.0,38.0,2.0,10.0,4.0,3.0,11.0,12.0,73.0,164.0,21.0,21.0,7.0,52.0,14.0,7.0,12.0,19.0,7.0,18.0,27.0,9.0,17.0,22.0,9.0,19.0,27.0,6.0,15.0,19.0,6.0,9.0,11.0,8.0,9.0,10.0,20.0,22.0,23.0,24.0,37.0,1.0,4.0
2019,8,20,1,126,17,3,1,5,1,91000000,25.4,9.0,9.0,13.0,2.0,10.0,29.0,14.0,27.0,31.0,35.0,37.0,33.0,41.0,42.0,40.0,42.0,1.0,2.0,10.0,5.0,3.0,11.0,385.0,18.0,21.0,165.0,228.0,4.0,175.0,7.0,13.0,20.0,7.0,17.0,27.0,8.0,17.0,22.0,9.0,19.0,26.0,6.0,16.0,20.0,5.0,9.0,11.0,8.0,10.0,10.0,4.0,17.0,35.0,42.0,45.0,2.0,8.0
2019,8,23,4,143,41,2,3,10,2,100000000,35.0,24.0,20.0,9.0,13.0,22.0,10.0,29.0,23.0,27.0,31.0,24.0,37.0,33.0,37.0,42.0,40.0,1.0,1.0,2.0,4.0,5.0,3.0,154.0,154.0,14.0,73.0,52.0,10.0,38.0,8.0,14.0,20.0,8.0,18.0,27.0,7.0,17.0,22.0,9.0,18.0,26.0,6.0,15.0,20.0,5.0,9.0,11.0,9.0,10.0,10.0,8.0,26.0,35.0,43.0,47.0,1.0,9.0
2019,8,27,1,159,39,2,4,10,0,108000000,51.6,30.0,4.0,20.0,9.0,17.0,22.0,10.0,35.0,23.0,27.0,42.0,24.0,37.0,45.0,37.0,42.0,2.0,1.0,1.0,8.0,4.0,5.0,326.0,63.0,4.0,102.0,46.0,7.0,53.0,8.0,15.0,21.0,9.0,17.0,27.0,6.0,16.0,22.0,9.0,19.0,26.0,7.0,14.0,20.0,5.0,9.0,11.0,9.0,10.0,10.0,25.0,27.0,45.0,46.0,49.0,4.0,6.0
2019,8,30,4,192,24,1,4,10,2,119000000,44.0,20.5,8.0,4.0,20.0,26.0,17.0,22.0,35.0,35.0,23.0,43.0,42.0,24.0,47.0,45.0,37.0,1.0,2.0,1.0,9.0,8.0,4.0,80.0,80.0,3332.0,507.0,63.0,24.0,31.0,9.0,15.0,20.0,9.0,17.0,26.0,7.0,17.0,23.0,10.0,19.0,27.0,8.0,14.0,20.0,5.0,9.0,11.0,8.0,10.0,10.0,7.0,11.0,38.0,39.0,44.0,7.0,10.0
2019,9,3,1,139,37,2,3,17,1,127000000,45.6,33.5,25.0,8.0,4.0,27.0,26.0,17.0,45.0,35.0,35.0,46.0,43.0,42.0,49.0,47.0,45.0,4.0,1.0,2.0,6.0,9.0,8.0,56.0,242.0,263.0,91.0,77.0,49.0,39.0,9.0,15.0,20.0,9.0,17.0,27.0,8.0,18.0,24.0,10.0,19.0,26.0,9.0,13.0,19.0,5.0,9.0,11.0,9.0,10.0,10.0,10.0,13.0,22.0,40.0,48.0,2.0,5.0
2019,9,6,4,133,38,4,2,7,1,139000000,41.0,17.5,7.0,25.0,8.0,11.0,27.0,26.0,38.0,45.0,35.0,39.0,46.0,43.0,44.0,49.0,47.0,7.0,4.0,1.0,10.0,6.0,9.0,115.0,31.0,241.0,80.0,119.0,14.0,21.0,10.0,16.0,20.0,9.0,17.0,26.0,8.0,19.0,25.0,10.0,19.0,26.0,9.0,14.0,19.0,5.0,8.0,11.0,9.0,10.0,10.0,3.0,22.0,25.0,30.0,49.0,3.0,6.0
2019,9,10,1,129,46,2,2,9,1,149000000,34.0,19.5,10.0,7.0,25.0,13.0,11.0,27.0,22.0,38.0,45.0,40.0,39.0,46.0,48.0,44.0,49.0,2.0,7.0,4.0,5.0,10.0,6.0,56.0,21.0,291.0,109.0,11.0,42.0,11.0,10.0,16.0,20.0,9.0,17.0,25.0,8.0,19.0,26.0,10.0,19.0,26.0,8.0,14.0,19.0,6.0,8.0,11.0,8.0,10.0,10.0,1.0,12.0,27.0,42.0,47.0,6.0,7.0
2019,9,13,4,129,46,2,3,13,1,162000000,28.4,6.5,3.0,10.0,7.0,22.0,13.0,11.0,25.0,22.0,38.0,30.0,40.0,39.0,49.0,48.0,44.0,3.0,2.0,7.0,6.0,5.0,10.0,52.0,136.0,28.0,21.0,17.0,66.0,52.0,10.0,16.0,20.0,9.0,17.0,25.0,8.0,18.0,26.0,9.0,19.0,26.0,8.0,14.0,19.0,6.0,8.0,11.0,8.0,10.0,10.0,22.0,37.0,43.0,44.0,45.0,1.0,12.0
2019,9,17,1,191,23,2,4,13,1,173000000,17.6,31.5,1.0,3.0,10.0,12.0,22.0,13.0,27.0,25.0,22.0,42.0,30.0,40.0,47.0,49.0,48.0,6.0,3.0,2.0,7.0,6.0,5.0,245.0,644.0,651.0,46.0,25.0,21.0,42.0,10.0,16.0,21.0,9.0,17.0,26.0,8.0,18.0,27.0,9.0,18.0,26.0,7.0,14.0,19.0,6.0,8.0,11.0,8.0,10.0,10.0,8.0,21.0,25.0,38.0,50.0,4.0,8.0
2019,9,20,4,142,42,3,2,12,2,188000000,52.8,24.5,22.0,1.0,3.0,37.0,12.0,22.0,43.0,27.0,25.0,44.0,42.0,30.0,45.0,47.0,49.0,1.0,6.0,3.0,12.0,7.0,6.0,24.0,164.0,10.0,164.0,49.0,21.0,28.0,9.0,15.0,21.0,9.0,18.0,26.0,8.0,18.0,27.0,9.0,19.0,26.0,7.0,13.0,19.0,6.0,8.0,11.0,8.0,10.0,10.0,2.0,33.0,42.0,47.0,48.0,1.0,2.0
2019,9,24,1,172,46,3,4,3,1,190000000,25.6,12.5,8.0,22.0,1.0,21.0,37.0,12.0,25.0,43.0,27.0,38.0,44.0,42.0,50.0,45.0,47.0,4.0,1.0,6.0,8.0,12.0,7.0,46.0,126.0,130.0,151.0,18.0,7.0,1624.0,9.0,15.0,21.0,10.0,18.0,26.0,8.0,18.0,27.0,9.0,20.0,26.0,6.0,13.0,18.0,6.0,8.0,11.0,8.0,11.0,11.0,24.0,37.0,41.0,43.0,46.0,2.0,8.0
2019,9,27,4,191,22,2,4,10,2,190000000,27.0,5.0,2.0,8.0,22.0,33.0,21.0,37.0,42.0,25.0,43.0,47.0,38.0,44.0,48.0,50.0,45.0,1.0,4.0,1.0,2.0,8.0,12.0,1613.0,10.0,577.0,31.0,94.0,21.0,7.0,9.0,15.0,22.0,9.0,17.0,25.0,9.0,19.0,27.0,9.0,20.0,25.0,7.0,14.0,18.0,6.0,7.0,11.0,8.0,11.0,11.0,2.0,11.0,18.0,40.0,46.0,1.0,4.0
2019,10,1,1,117,44,4,2,5,1,190000000,28.2,9.0,24.0,2.0,8.0,37.0,33.0,21.0,41.0,42.0,25.0,43.0,47.0,38.0,46.0,48.0,50.0,2.0,1.0,4.0,8.0,2.0,8.0,7.0,28.0,224.0,25.0,4.0,7.0,42.0,9.0,15.0,22.0,8.0,16.0,25.0,9.0,19.0,28.0,9.0,19.0,25.0,7.0,14.0,18.0,6.0,7.0,11.0,8.0,11.0,11.0,6.0,9.0,35.0,41.0,44.0,6.0,9.0
2019,10,4,4,135,38,2,3,15,1,190000000,42.4,29.5,2.0,24.0,2.0,11.0,37.0,33.0,18.0,41.0,42.0,40.0,43.0,47.0,46.0,46.0,48.0,1.0,2.0,1.0,4.0,8.0,2.0,101.0,91.0,38.0,56.0,31.0,21.0,38.0,9.0,16.0,22.0,8.0,17.0,25.0,9.0,18.0,28.0,9.0,19.0,25.0,7.0,13.0,18.0,6.0,7.0,11.0,9.0,11.0,11.0,7.0,10.0,15.0,44.0,49.0,3.0,12.0
2019,10,8,1,125,42,2,2,15,1,190000000,33.8,24.5,6.0,2.0,24.0,9.0,11.0,37.0,35.0,18.0,41.0,41.0,40.0,43.0,44.0,46.0,46.0,6.0,1.0,2.0,9.0,4.0,8.0,35.0,53.0,175.0,21.0,28.0,28.0,21.0,9.0,16.0,22.0,9.0,16.0,25.0,9.0,18.0,28.0,8.0,18.0,25.0,7.0,13.0,18.0,5.0,7.0,11.0,8.0,11.0,11.0,2.0,14.0,19.0,42.0,45.0,5.0,6.0
2019,10,11,4,122,43,3,2,11,1,17000000,38.8,21.0,7.0,6.0,2.0,10.0,9.0,11.0,15.0,35.0,18.0,44.0,41.0,40.0,49.0,44.0,46.0,3.0,6.0,1.0,12.0,9.0,4.0,10.0,63.0,80.0,28.0,24.0,161.0,31.0,8.0,16.0,22.0,9.0,16.0,25.0,9.0,17.0,28.0,8.0,17.0,25.0,7.0,12.0,18.0,6.0,8.0,11.0,7.0,11.0,11.0,3.0,28.0,31.0,32.0,34.0,4.0,5.0
2019,10,15,1,128,31,3,4,9,1,26000000,77.2,9.0,2.0,7.0,6.0,14.0,10.0,9.0,19.0,15.0,35.0,42.0,44.0,41.0,45.0,49.0,44.0,5.0,3.0,6.0,6.0,12.0,9.0,35.0,151.0,63.0,161.0,130.0,25.0,39.0,8.0,16.0,21.0,9.0,17.0,25.0,10.0,16.0,28.0,8.0,17.0,25.0,8.0,12.0,18.0,6.0,8.0,11.0,8.0,11.0,11.0,8.0,18.0,22.0,41.0,42.0,11.0,12.0
2019,10,18,4,131,34,4,2,23,1,37000000,19.4,40.0,3.0,2.0,7.0,28.0,14.0,10.0,31.0,19.0,15.0,32.0,42.0,44.0,34.0,45.0,49.0,4.0,5.0,3.0,5.0,6.0,12.0,28.0,224.0,42.0,14.0,63.0,129.0,10.0,7.0,16.0,20.0,9.0,18.0,26.0,10.0,16.0,28.0,8.0,16.0,25.0,8.0,12.0,18.0,7.0,9.0,10.0,7.0,11.0,11.0,2.0,5.0,32.0,33.0,47.0,7.0,8.0
2019,10,22,1,119,45,2,3,15,1,47000000,32.4,32.0,8.0,3.0,2.0,18.0,28.0,14.0,22.0,31.0,19.0,41.0,32.0,42.0,42.0,34.0,45.0,11.0,4.0,5.0,12.0,5.0,6.0,11.0,88.0,105.0,70.0,39.0,49.0,25.0,6.0,16.0,20.0,10.0,18.0,26.0,10.0,17.0,28.0,9.0,16.0,25.0,9.0,12.0,18.0,8.0,9.0,10.0,7.0,11.0,11.0,34.0,37.0,39.0,40.0,50.0,4.0,10.0
2019,10,25,4,200,16,3,5,14,2,61000000,29.8,31.0,2.0,8.0,3.0,5.0,18.0,28.0,32.0,22.0,31.0,33.0,41.0,32.0,47.0,42.0,34.0,7.0,11.0,4.0,8.0,12.0,5.0,3549.0,28.0,105.0,24.0,35.0,10.0,52.0,7.0,16.0,21.0,9.0,17.0,26.0,10.0,18.0,28.0,8.0,15.0,25.0,9.0,12.0,17.0,8.0,9.0,10.0,8.0,11.0,11.0,16.0,18.0,28.0,42.0,49.0,5.0,10.0
2019,10,29,1,153,33,4,3,15,1,71000000,36.0,9.0,34.0,2.0,8.0,37.0,5.0,18.0,39.0,32.0,22.0,40.0,33.0,41.0,50.0,47.0,42.0,4.0,7.0,11.0,10.0,8.0,12.0,165.0,11.0,420.0,18.0,21.0,18.0,4.0,8.0,17.0,21.0,8.0,17.0,26.0,10.0,18.0,28.0,7.0,15.0,25.0,8.0,12.0,17.0,8.0,9.0,10.0,7.0,11.0,11.0,2.0,20.0,39.0,44.0,48.0,5.0,7.0
2019,11,1,4,153,46,4,3,12,0,80000000,30.4,6.5,16.0,34.0,2.0,18.0,37.0,5.0,28.0,39.0,32.0,42.0,40.0,33.0,49.0,50.0,47.0,5.0,4.0,7.0,10.0,10.0,8.0,10.0,94.0,7.0,24.0,38.0,3.0,49.0,7.0,16.0,21.0,9.0,18.0,26.0,9.0,17.0,28.0,6.0,14.0,25.0,9.0,11.0,17.0,7.0,9.0,10.0,8.0,11.0,11.0,9.0,14.0,25.0,33.0,48.0,2.0,12.0
2019,11,5,1,129,39,2,2,14,2,86000000,24.2,28.5,2.0,16.0,34.0,20.0,18.0,37.0,39.0,28.0,39.0,44.0,42.0,40.0,48.0,49.0,50.0,5.0,5.0,4.0,7.0,10.0,10.0,81.0,25.0,46.0,14.0,4.0,39.0,18.0,8.0,16.0,21.0,8.0,18.0,26.0,9.0,17.0,28.0,6.0,14.0,25.0,8.0,11.0,17.0,7.0,8.0,10.0,7.0,10.0,11.0,8.0,17.0,20.0,23.0,45.0,2.0,8.0
2019,11,8,4,113,37,2,1,10,2,96000000,42.6,10.0,9.0,2.0,16.0,14.0,20.0,18.0,25.0,39.0,28.0,33.0,44.0,42.0,48.0,48.0,49.0,2.0,5.0,5.0,12.0,7.0,10.0,21.0,77.0,126.0,108.0,28.0,3.0,17.0,7.0,15.0,21.0,8.0,17.0,26.0,9.0,18.0,28.0,7.0,15.0,25.0,7.0,10.0,17.0,6.0,8.0,10.0,6.0,9.0,11.0,1.0,21.0,23.0,25.0,39.0,2.0,4.0
2019,11,12,1,109,38,0,1,6,2,104000000,27.0,11.0,8.0,9.0,2.0,17.0,14.0,20.0,20.0,25.0,39.0,23.0,33.0,44.0,45.0,48.0,48.0,2.0,2.0,5.0,8.0,12.0,7.0,60.0,53.0,84.0,144.0,119.0,4.0,42.0,7.0,15.0,20.0,8.0,17.0,26.0,9.0,18.0,27.0,8.0,15.0,25.0,8.0,11.0,17.0,5.0,8.0,10.0,7.0,9.0,11.0,3.0,13.0,20.0,32.0,34.0,4.0,11.0
2019,11,15,4,102,31,3,2,15,1,114000000,30.6,15.5,1.0,8.0,9.0,21.0,17.0,14.0,23.0,20.0,25.0,25.0,23.0,33.0,39.0,45.0,48.0,2.0,2.0,2.0,4.0,8.0,12.0,31.0,70.0,7.0,31.0,31.0,21.0,98.0,7.0,14.0,20.0,9.0,17.0,25.0,8.0,18.0,27.0,8.0,14.0,25.0,8.0,10.0,17.0,5.0,8.0,10.0,7.0,10.0,11.0,8.0,10.0,15.0,30.0,42.0,4.0,6.0
2019,11,19,1,105,34,4,2,10,2,123000000,37.2,21.5,3.0,1.0,8.0,13.0,21.0,17.0,20.0,23.0,20.0,32.0,25.0,23.0,34.0,39.0,45.0,4.0,2.0,2.0,11.0,4.0,8.0,11.0,42.0,42.0,70.0,32.0,4.0,39.0,7.0,13.0,20.0,9.0,17.0,25.0,8.0,18.0,27.0,9.0,14.0,24.0,8.0,10.0,16.0,5.0,8.0,10.0,7.0,10.0,11.0,3.0,21.0,32.0,34.0,48.0,3.0,11.0
2019,11,22,4,138,45,3,3,14,0,17000000,9.6,26.0,8.0,3.0,1.0,10.0,13.0,21.0,15.0,20.0,23.0,30.0,32.0,25.0,42.0,34.0,39.0,4.0,4.0,2.0,6.0,11.0,4.0,7.0,10.0,31.0,140.0,17.0,45.0,7.0,7.0,13.0,20.0,9.0,16.0,24.0,7.0,18.0,26.0,9.0,15.0,24.0,8.0,10.0,15.0,5.0,8.0,10.0,7.0,10.0,11.0,2.0,3.0,15.0,19.0,34.0,5.0,8.0
2019,11,26,1,73,32,2,1,13,1,25000000,17.2,21.5,3.0,8.0,3.0,21.0,10.0,13.0,32.0,15.0,20.0,34.0,30.0,32.0,48.0,42.0,34.0,3.0,4.0,4.0,11.0,6.0,11.0,25.0,151.0,7.0,259.0,11.0,25.0,18.0,7.0,12.0,20.0,9.0,16.0,24.0,7.0,17.0,26.0,10.0,15.0,25.0,7.0,10.0,15.0,4.0,8.0,10.0,7.0,10.0,11.0,3.0,7.0,12.0,42.0,50.0,6.0,8.0
2019,11,29,4,114,47,3,2,14,2,37000000,35.4,6.5,2.0,3.0,8.0,3.0,21.0,10.0,15.0,32.0,15.0,19.0,34.0,30.0,34.0,48.0,42.0,5.0,3.0,4.0,8.0,11.0,6.0,7.0,238.0,364.0,31.0,35.0,56.0,3.0,6.0,12.0,20.0,9.0,17.0,24.0,8.0,17.0,27.0,9.0,14.0,24.0,7.0,10.0,15.0,5.0,8.0,10.0,7.0,10.0,11.0,18.0,31.0,32.0,38.0,48.0,4.0,12.0
2019,12,3,1,167,30,4,4,16,2,47000000,36.0,21.0,3.0,2.0,3.0,7.0,3.0,21.0,12.0,15.0,32.0,42.0,19.0,34.0,50.0,34.0,48.0,6.0,5.0,3.0,8.0,8.0,11.0,224.0,144.0,11.0,74.0,11.0,14.0,28.0,6.0,12.0,21.0,9.0,18.0,24.0,7.0,17.0,27.0,10.0,14.0,24.0,6.0,10.0,15.0,5.0,8.0,10.0,6.0,10.0,11.0,1.0,3.0,27.0,39.0,46.0,1.0,10.0
2019,12,6,4,116,45,1,3,11,1,17000000,41.0,52.0,18.0,3.0,2.0,31.0,7.0,3.0,32.0,12.0,15.0,38.0,42.0,19.0,48.0,50.0,34.0,4.0,6.0,5.0,12.0,8.0,8.0,24.0,10.0,84.0,94.0,66.0,66.0,38.0,6.0,12.0,21.0,8.0,17.0,24.0,7.0,17.0,26.0,10.0,15.0,23.0,7.0,10.0,15.0,6.0,8.0,10.0,6.0,10.0,11.0,2.0,10.0,19.0,21.0,47.0,2.0,8.0
2019,12,10,1,99,45,2,1,10,2,25000000,23.2,19.5,1.0,18.0,3.0,3.0,31.0,7.0,27.0,32.0,12.0,39.0,38.0,42.0,46.0,48.0,50.0,1.0,4.0,6.0,10.0,12.0,8.0,14.0,21.0,60.0,413.0,49.0,28.0,11.0,5.0,12.0,21.0,7.0,16.0,23.0,7.0,17.0,25.0,10.0,16.0,24.0,8.0,10.0,15.0,6.0,8.0,10.0,6.0,10.0,11.0,9.0,16.0,18.0,23.0,32.0,2.0,10.0
2019,12,13,4,98,23,3,1,12,2,37000000,26.8,5.0,2.0,1.0,18.0,10.0,3.0,31.0,19.0,27.0,32.0,21.0,39.0,38.0,47.0,46.0,48.0,2.0,1.0,4.0,8.0,10.0,12.0,38.0,203.0,73.0,35.0,339.0,3.0,7.0,6.0,11.0,20.0,7.0,17.0,23.0,8.0,16.0,24.0,10.0,16.0,24.0,8.0,11.0,16.0,6.0,8.0,10.0,6.0,10.0,11.0,1.0,7.0,12.0,25.0,49.0,6.0,9.0
2019,12,17,1,94,48,1,1,15,1,47000000,26.2,46.0,9.0,2.0,1.0,16.0,10.0,3.0,18.0,19.0,27.0,23.0,21.0,39.0,32.0,47.0,46.0,2.0,2.0,1.0,10.0,8.0,10.0,11.0,18.0,18.0,35.0,49.0,18.0,74.0,6.0,11.0,20.0,7.0,17.0,23.0,7.0,16.0,24.0,10.0,16.0,24.0,8.0,11.0,16.0,6.0,8.0,10.0,6.0,10.0,11.0,8.0,24.0,30.0,32.0,34.0,3.0,4.0
2019,12,20,4,128,26,5,3,7,1,0,35.4,22.5,1.0,9.0,2.0,7.0,16.0,10.0,12.0,18.0,19.0,25.0,23.0,21.0,49.0,32.0,47.0,6.0,2.0,2.0,9.0,10.0,8.0,31.0,185.0,189.0,35.0,24.0,28.0,38.0,6.0,11.0,20.0,7.0,17.0,24.0,7.0,16.0,24.0,10.0,15.0,24.0,8.0,11.0,16.0,6.0,8.0,10.0,7.0,9.0,11.0,3.0,11.0,13.0,14.0,47.0,3.0,6.0
2019,12,24,1,88,44,1,1,9,1,25000000,40.8,5.5,8.0,1.0,9.0,24.0,7.0,16.0,30.0,12.0,18.0,32.0,25.0,23.0,34.0,49.0,32.0,3.0,6.0,2.0,4.0,9.0,10.0,25.0,84.0,161.0,844.0,14.0,4.0,35.0,6.0,10.0,19.0,8.0,17.0,23.0,8.0,16.0,24.0,10.0,15.0,25.0,7.0,11.0,16.0,6.0,8.0,9.0,7.0,9.0,11.0,1.0,7.0,22.0,26.0,35.0,5.0,10.0
2019,12,27,4,91,34,2,2,15,1,38000000,59.2,22.5,3.0,8.0,1.0,11.0,24.0,7.0,13.0,30.0,12.0,14.0,32.0,25.0,47.0,34.0,49.0,3.0,3.0,6.0,6.0,4.0,9.0,10.0,10.0,70.0,161.0,210.0,31.0,14.0,6.0,10.0,19.0,7.0,17.0,23.0,9.0,16.0,24.0,10.0,16.0,25.0,8.0,12.0,17.0,6.0,8.0,9.0,6.0,9.0,11.0,26.0,31.0,33.0,41.0,48.0,2.0,4.0
2019,12,31,1,179,22,2,5,6,2,49000000,38.0,14.5,1.0,3.0,8.0,7.0,11.0,24.0,22.0,13.0,30.0,26.0,14.0,32.0,35.0,47.0,34.0,5.0,3.0,3.0,10.0,6.0,4.0,651.0,28.0,151.0,74.0,28.0,18.0,11.0,7.0,10.0,20.0,7.0,16.0,23.0,9.0,16.0,24.0,10.0,16.0,25.0,8.0,11.0,16.0,6.0,8.0,9.0,6.0,9.0,11.0,5.0,15.0,20.0,36.0,47.0,8.0,12.0
2020,1,3,4,123,42,2,2,20,2,62000000,64.0,27.5,26.0,1.0,3.0,31.0,7.0,11.0,33.0,22.0,13.0,41.0,26.0,14.0,48.0,35.0,47.0,2.0,5.0,3.0,4.0,10.0,6.0,196.0,294.0,49.0,150.0,10.0,185.0,31.0,8.0,10.0,21.0,8.0,17.0,24.0,10.0,16.0,24.0,10.0,17.0,24.0,7.0,11.0,16.0,7.0,9.0,10.0,6.0,9.0,11.0,5.0,8.0,12.0,37.0,43.0,6.0,11.0
2020,1,7,1,105,38,2,2,17,1,75000000,43.8,30.0,5.0,26.0,1.0,15.0,31.0,7.0,20.0,33.0,22.0,36.0,41.0,26.0,47.0,48.0,35.0,8.0,2.0,5.0,12.0,4.0,10.0,4.0,200.0,21.0,144.0,249.0,21.0,46.0,7.0,10.0,21.0,9.0,18.0,25.0,9.0,16.0,24.0,10.0,18.0,23.0,8.0,12.0,17.0,6.0,9.0,10.0,7.0,9.0,11.0,6.0,17.0,32.0,44.0,46.0,2.0,6.0
2020,1,10,4,145,40,4,3,8,2,83000000,57.4,6.5,5.0,5.0,26.0,8.0,15.0,31.0,12.0,20.0,33.0,37.0,36.0,41.0,43.0,47.0,48.0,6.0,8.0,2.0,11.0,12.0,4.0,98.0,63.0,38.0,70.0,35.0,10.0,17.0,8.0,11.0,21.0,9.0,17.0,25.0,9.0,15.0,23.0,10.0,18.0,23.0,8.0,12.0,16.0,5.0,9.0,10.0,7.0,8.0,11.0,21.0,25.0,29.0,39.0,44.0,8.0,9.0
2020,1,14,1,158,23,1,3,17,1,90000000,52.0,19.5,6.0,5.0,5.0,17.0,8.0,15.0,32.0,12.0,20.0,44.0,37.0,36.0,46.0,43.0,47.0,2.0,6.0,8.0,6.0,11.0,12.0,1141.0,343.0,161.0,39.0,102.0,11.0,28.0,8.0,12.0,22.0,9.0,18.0,26.0,9.0,16.0,23.0,10.0,18.0,23.0,9.0,13.0,16.0,5.0,8.0,10.0,6.0,8.0,11.0,8.0,19.0,20.0,29.0,44.0,3.0,8.0
2020,1,17,4,120,36,3,2,11,1,100000000,13.6,13.5,21.0,6.0,5.0,25.0,17.0,8.0,29.0,32.0,12.0,39.0,44.0,37.0,44.0,46.0,43.0,8.0,2.0,6.0,9.0,6.0,11.0,28.0,199.0,14.0,287.0,3.0,24.0,38.0,7.0,12.0,22.0,9.0,18.0,27.0,8.0,16.0,23.0,10.0,19.0,24.0,8.0,13.0,16.0,5.0,7.0,10.0,7.0,8.0,11.0,10.0,11.0,24.0,36.0,46.0,3.0,5.0
2020,1,21,1,127,36,4,2,8,0,17000000,26.2,14.5,8.0,21.0,6.0,19.0,25.0,17.0,20.0,29.0,32.0,29.0,39.0,44.0,44.0,44.0,46.0,3.0,8.0,2.0,8.0,9.0,6.0,137.0,28.0,235.0,18.0,11.0,4.0,98.0,8.0,12.0,21.0,9.0,17.0,27.0,9.0,17.0,24.0,9.0,18.0,23.0,7.0,13.0,16.0,5.0,7.0,10.0,8.0,9.0,11.0,3.0,4.0,6.0,9.0,24.0,5.0,8.0
2020,1,28,1,116,37,1,3,9,1,17000000,36.0,16.0,3.0,10.0,8.0,4.0,11.0,19.0,6.0,24.0,20.0,9.0,36.0,29.0,24.0,46.0,44.0,5.0,3.0,3.0,8.0,5.0,8.0,32.0,11.0,53.0,228.0,175.0,56.0,7.0,8.0,11.0,20.0,9.0,16.0,28.0,9.0,16.0,25.0,9.0,20.0,25.0,8.0,15.0,17.0,6.0,7.0,10.0,8.0,8.0,11.0,13.0,18.0,20.0,23.0,30.0,2.0,4.0
2020,1,31,4,104,17,3,1,6,2,28000000,38.4,12.0,1.0,3.0,10.0,19.0,4.0,11.0,27.0,6.0,24.0,31.0,9.0,36.0,38.0,24.0,46.0,4.0,5.0,3.0,5.0,8.0,5.0,171.0,94.0,14.0,49.0,434.0,21.0,31.0,9.0,12.0,20.0,9.0,16.0,28.0,8.0,15.0,25.0,9.0,19.0,25.0,8.0,16.0,18.0,6.0,7.0,9.0,7.0,8.0,11.0,21.0,23.0,33.0,35.0,47.0,6.0,7.0
2020,2,4,1,159,26,0,3,13,1,38000000,26.2,60.0,13.0,1.0,3.0,18.0,19.0,4.0,20.0,27.0,6.0,23.0,31.0,9.0,30.0,38.0,24.0,2.0,4.0,5.0,4.0,5.0,8.0,21.0,249.0,35.0,343.0,32.0,28.0,95.0,8.0,12.0,20.0,9.0,17.0,28.0,8.0,15.0,25.0,9.0,20.0,26.0,7.0,15.0,17.0,6.0,7.0,9.0,8.0,9.0,10.0,9.0,15.0,17.0,25.0,40.0,3.0,9.0
2020,2,7,4,106,31,1,1,12,0,130000000,41.2,20.5,21.0,13.0,1.0,23.0,18.0,19.0,33.0,20.0,27.0,35.0,23.0,31.0,47.0,30.0,38.0,6.0,2.0,4.0,7.0,4.0,5.0,56.0,35.0,203.0,52.0,178.0,17.0,24.0,9.0,12.0,20.0,9.0,17.0,28.0,9.0,15.0,26.0,10.0,20.0,26.0,8.0,15.0,18.0,6.0,7.0,9.0,7.0,9.0,10.0,24.0,26.0,32.0,43.0,46.0,6.0,10.0
2020,2,11,1,171,22,4,4,16,2,17000000,29.6,26.5,9.0,21.0,13.0,15.0,23.0,18.0,17.0,33.0,20.0,25.0,35.0,23.0,40.0,47.0,30.0,3.0,6.0,2.0,9.0,7.0,4.0,137.0,168.0,32.0,137.0,21.0,7.0,46.0,9.0,13.0,19.0,9.0,17.0,28.0,8.0,15.0,26.0,10.0,21.0,25.0,7.0,15.0,17.0,6.0,7.0,9.0,7.0,9.0,10.0,5.0,20.0,35.0,41.0,49.0,6.0,10.0
2020,2,14,4,150,44,1,3,16,2,17000000,33.2,3.0,24.0,9.0,21.0,26.0,15.0,23.0,32.0,17.0,33.0,43.0,25.0,35.0,46.0,40.0,47.0,6.0,3.0,6.0,10.0,9.0,7.0,38.0,105.0,133.0,45.0,59.0,3.0,3.0,9.0,13.0,18.0,9.0,18.0,28.0,9.0,16.0,26.0,10.0,20.0,25.0,8.0,14.0,17.0,6.0,7.0,9.0,6.0,9.0,10.0,11.0,32.0,34.0,38.0,47.0,2.0,10.0
2020,2,18,1,162,36,3,4,12,2,27000000,26.0,11.0,5.0,24.0,9.0,20.0,26.0,15.0,35.0,32.0,17.0,41.0,43.0,25.0,49.0,46.0,40.0,6.0,6.0,3.0,10.0,10.0,9.0,231.0,1330.0,273.0,77.0,14.0,18.0,4.0,10.0,14.0,19.0,9.0,18.0,29.0,9.0,17.0,27.0,10.0,19.0,25.0,8.0,14.0,17.0,5.0,7.0,9.0,6.0,9.0,10.0,7.0,23.0,30.0,32.0,45.0,5.0,9.0
2020,2,21,4,137,38,2,3,14,0,41000000,40.4,19.0,11.0,5.0,24.0,32.0,20.0,26.0,34.0,35.0,32.0,38.0,41.0,43.0,47.0,49.0,46.0,2.0,6.0,6.0,10.0,10.0,10.0,136.0,17.0,63.0,63.0,105.0,28.0,14.0,10.0,15.0,18.0,9.0,18.0,28.0,10.0,16.0,26.0,10.0,18.0,24.0,8.0,15.0,17.0,5.0,7.0,9.0,6.0,9.0,10.0,1.0,4.0,18.0,27.0,42.0,4.0,6.0
2020,2,25,1,92,41,3,2,10,2,51000000,40.2,18.0,7.0,11.0,5.0,23.0,32.0,20.0,30.0,34.0,35.0,32.0,38.0,41.0,45.0,47.0,49.0,5.0,2.0,6.0,9.0,10.0,10.0,28.0,32.0,74.0,210.0,98.0,28.0,46.0,9.0,15.0,18.0,8.0,18.0,28.0,10.0,16.0,25.0,10.0,18.0,25.0,9.0,15.0,17.0,5.0,7.0,9.0,7.0,9.0,10.0,8.0,11.0,20.0,22.0,23.0,3.0,4.0
2020,2,28,4,84,15,3,0,7,1,66000000,27.2,12.0,1.0,7.0,11.0,4.0,23.0,32.0,18.0,30.0,34.0,27.0,32.0,38.0,42.0,45.0,47.0,4.0,5.0,2.0,6.0,9.0,10.0,42.0,38.0,28.0,1025.0,1130.0,21.0,28.0,9.0,14.0,18.0,9.0,18.0,28.0,9.0,16.0,25.0,10.0,19.0,26.0,9.0,16.0,18.0,5.0,7.0,9.0,6.0,9.0,10.0,4.0,14.0,27.0,44.0,45.0,1.0,10.0
2020,3,3,1,134,41,3,3,11,1,17000000,28.2,51.0,8.0,1.0,7.0,11.0,4.0,23.0,20.0,18.0,30.0,22.0,27.0,32.0,23.0,42.0,45.0,3.0,4.0,5.0,4.0,6.0,9.0,193.0,119.0,35.0,53.0,11.0,88.0,14.0,10.0,15.0,19.0,9.0,18.0,27.0,9.0,16.0,25.0,10.0,19.0,26.0,8.0,16.0,18.0,6.0,7.0,9.0,5.0,9.0,10.0,15.0,38.0,43.0,45.0,46.0,1.0,11.0
2020,3,6,4,187,31,2,4,12,0,30000000,19.2,31.0,4.0,8.0,1.0,14.0,11.0,4.0,27.0,20.0,18.0,44.0,22.0,27.0,45.0,23.0,42.0,1.0,3.0,4.0,10.0,4.0,6.0,220.0,2607.0,171.0,238.0,24.0,3.0,59.0,10.0,15.0,20.0,9.0,18.0,27.0,10.0,16.0,25.0,10.0,19.0,27.0,7.0,16.0,18.0,6.0,7.0,9.0,6.0,9.0,10.0,11.0,23.0,30.0,37.0,43.0,5.0,12.0
2020,3,10,1,144,32,1,3,17,1,40000000,21.4,42.5,15.0,4.0,8.0,38.0,14.0,11.0,43.0,27.0,20.0,45.0,44.0,22.0,46.0,45.0,23.0,1.0,1.0,3.0,11.0,10.0,4.0,21.0,18.0,18.0,63.0,63.0,18.0,67.0,9.0,15.0,19.0,9.0,17.0,27.0,9.0,16.0,25.0,10.0,19.0,27.0,8.0,15.0,18.0,6.0,7.0,9.0,6.0,9.0,10.0,3.0,11.0,21.0,27.0,36.0,9.0,10.0
2020,3,13,4,98,33,1,2,19,1,54000000,30.4,15.5,11.0,15.0,4.0,23.0,38.0,14.0,30.0,43.0,27.0,37.0,45.0,44.0,43.0,46.0,45.0,5.0,1.0,1.0,12.0,11.0,10.0,49.0,14.0,465.0,17.0,346.0,322.0,10.0,9.0,15.0,19.0,8.0,17.0,27.0,9.0,17.0,26.0,9.0,19.0,27.0,8.0,16.0,19.0,7.0,8.0,10.0,6.0,9.0,10.0,5.0,7.0,8.0,16.0,20.0,2.0,12.0
2020,3,20,4,106,37,3,2,18,2,17000000,25.0,13.5,5.0,3.0,11.0,7.0,11.0,23.0,8.0,21.0,30.0,16.0,27.0,37.0,20.0,36.0,43.0,2.0,9.0,5.0,12.0,10.0,12.0,7.0,168.0,21.0,119.0,42.0,35.0,3.0,8.0,15.0,19.0,8.0,17.0,26.0,8.0,17.0,25.0,9.0,20.0,27.0,9.0,16.0,20.0,7.0,8.0,10.0,6.0,9.0,9.0,7.0,12.0,26.0,30.0,33.0,10.0,11.0
2020,3,24,1,108,26,3,3,21,1,17000000,37.8,14.5,3.0,5.0,3.0,9.0,7.0,11.0,20.0,8.0,21.0,34.0,16.0,27.0,40.0,20.0,36.0,6.0,2.0,9.0,12.0,12.0,10.0,32.0,193.0,322.0,126.0,882.0,228.0,18.0,8.0,15.0,19.0,8.0,18.0,27.0,8.0,17.0,26.0,9.0,20.0,27.0,9.0,16.0,21.0,8.0,9.0,11.0,6.0,9.0,9.0,11.0,14.0,27.0,41.0,46.0,2.0,3.0
2020,3,27,4,139,35,2,3,5,1,24000000,23.0,19.0,7.0,3.0,5.0,12.0,9.0,7.0,26.0,20.0,8.0,30.0,34.0,16.0,33.0,40.0,20.0,10.0,6.0,2.0,11.0,12.0,12.0,17.0,24.0,24.0,42.0,21.0,10.0,227.0,8.0,14.0,19.0,8.0,17.0,27.0,8.0,17.0,26.0,9.0,20.0,27.0,9.0,15.0,21.0,8.0,9.0,11.0,6.0,10.0,10.0,12.0,17.0,24.0,30.0,36.0,1.0,9.0
2020,3,31,1,119,24,4,2,10,0,29000000,26.8,21.5,11.0,7.0,3.0,14.0,12.0,9.0,27.0,26.0,20.0,41.0,30.0,34.0,46.0,33.0,40.0,2.0,10.0,6.0,3.0,11.0,12.0,238.0,81.0,70.0,7.0,18.0,25.0,39.0,8.0,15.0,20.0,8.0,17.0,27.0,8.0,17.0,26.0,9.0,20.0,27.0,8.0,15.0,21.0,7.0,9.0,11.0,6.0,10.0,10.0,16.0,19.0,34.0,46.0,50.0,2.0,6.0
2020,4,3,4,165,34,4,3,8,2,37000000,46.0,10.5,12.0,11.0,7.0,17.0,14.0,12.0,24.0,27.0,26.0,30.0,41.0,30.0,36.0,46.0,33.0,1.0,2.0,10.0,9.0,3.0,11.0,157.0,66.0,45.0,217.0,126.0,7.0,38.0,8.0,16.0,20.0,9.0,16.0,27.0,9.0,16.0,26.0,9.0,21.0,28.0,8.0,16.0,21.0,6.0,9.0,11.0,6.0,10.0,10.0,4.0,5.0,14.0,33.0,48.0,7.0,12.0
2020,4,7,1,104,44,3,2,19,1,45000000,35.8,40.5,16.0,12.0,11.0,19.0,17.0,14.0,34.0,24.0,27.0,46.0,30.0,41.0,50.0,36.0,46.0,2.0,1.0,2.0,6.0,9.0,3.0,35.0,168.0,634.0,154.0,98.0,168.0,18.0,8.0,15.0,20.0,10.0,17.0,26.0,10.0,17.0,26.0,9.0,22.0,28.0,8.0,17.0,21.0,7.0,10.0,11.0,6.0,10.0,10.0,3.0,10.0,17.0,33.0,39.0,1.0,4.0
2020,4,10,4,102,36,1,2,5,1,52000000,40.2,26.0,4.0,16.0,12.0,5.0,19.0,17.0,14.0,34.0,24.0,33.0,46.0,30.0,48.0,50.0,36.0,7.0,2.0,1.0,12.0,6.0,9.0,21.0,122.0,63.0,3.0,150.0,10.0,42.0,7.0,15.0,20.0,10.0,17.0,26.0,10.0,16.0,26.0,8.0,21.0,28.0,9.0,18.0,21.0,7.0,9.0,10.0,7.0,10.0,10.0,6.0,29.0,34.0,35.0,40.0,4.0,11.0
2020,4,14,1,144,34,3,4,15,1,58000000,53.0,12.5,3.0,4.0,16.0,10.0,5.0,19.0,17.0,14.0,34.0,33.0,33.0,46.0,39.0,48.0,50.0,1.0,7.0,2.0,4.0,12.0,6.0,95.0,245.0,11.0,70.0,25.0,49.0,21.0,8.0,16.0,20.0,10.0,18.0,27.0,9.0,16.0,26.0,8.0,20.0,28.0,8.0,17.0,21.0,7.0,9.0,10.0,7.0,10.0,10.0,16.0,28.0,32.0,37.0,45.0,1.0,11.0
2020,4,17,4,158,29,3,4,12,0,66000000,64.2,5.0,6.0,3.0,4.0,29.0,10.0,5.0,34.0,17.0,14.0,35.0,33.0,33.0,40.0,39.0,48.0,4.0,1.0,7.0,11.0,4.0,12.0,14.0,185.0,66.0,38.0,45.0,7.0,3.0,8.0,15.0,19.0,10.0,19.0,27.0,9.0,16.0,26.0,8.0,19.0,27.0,9.0,17.0,21.0,6.0,9.0,10.0,6.0,10.0,10.0,10.0,11.0,14.0,23.0,28.0,6.0,8.0
2020,4,21,1,86,18,3,1,14,2,17000000,19.2,53.0,16.0,6.0,3.0,28.0,29.0,10.0,32.0,34.0,17.0,37.0,35.0,33.0,45.0,40.0,39.0,1.0,4.0,1.0,11.0,11.0,4.0,91.0,39.0,14.0,81.0,277.0,32.0,88.0,8.0,16.0,19.0,10.0,19.0,27.0,8.0,15.0,25.0,8.0,18.0,27.0,9.0,17.0,22.0,6.0,9.0,10.0,7.0,10.0,10.0,1.0,5.0,19.0,21.0,28.0,4.0,7.0
2020,4,24,4,74,27,1,1,11,1,25000000,28.4,13.5,10.0,16.0,6.0,11.0,28.0,29.0,14.0,32.0,34.0,23.0,37.0,35.0,28.0,45.0,40.0,6.0,1.0,4.0,8.0,11.0,11.0,59.0,17.0,136.0,136.0,3.0,10.0,80.0,9.0,16.0,19.0,9.0,19.0,27.0,8.0,16.0,24.0,8.0,18.0,27.0,9.0,16.0,22.0,6.0,9.0,10.0,8.0,9.0,10.0,15.0,23.0,26.0,28.0,32.0,1.0,5.0
2020,4,28,1,124,17,3,3,6,0,32000000,22.0,30.0,1.0,10.0,16.0,5.0,11.0,28.0,19.0,14.0,32.0,21.0,23.0,37.0,28.0,28.0,45.0,4.0,6.0,1.0,7.0,8.0,11.0,53.0,49.0,35.0,336.0,137.0,11.0,91.0,9.0,15.0,19.0,9.0,18.0,27.0,8.0,16.0,23.0,9.0,19.0,28.0,9.0,16.0,22.0,5.0,9.0,10.0,9.0,10.0,10.0,19.0,20.0,38.0,45.0,47.0,2.0,6.0
2020,5,1,4,169,28,2,3,8,2,40000000,38.4,19.0,15.0,1.0,10.0,23.0,5.0,11.0,26.0,19.0,14.0,28.0,21.0,23.0,32.0,28.0,28.0,1.0,4.0,6.0,5.0,7.0,8.0,514.0,77.0,241.0,56.0,73.0,28.0,28.0,9.0,15.0,20.0,9.0,18.0,27.0,8.0,16.0,24.0,9.0,19.0,28.0,9.0,16.0,22.0,5.0,9.0,10.0,8.0,10.0,10.0,2.0,10.0,22.0,27.0,41.0,2.0,3.0
2020,5,5,1,102,39,3,2,5,1,48000000,61.2,21.5,19.0,15.0,1.0,20.0,23.0,5.0,38.0,26.0,19.0,45.0,28.0,21.0,47.0,32.0,28.0,2.0,1.0,4.0,6.0,5.0,7.0,147.0,25.0,130.0,53.0,301.0,4.0,39.0,9.0,15.0,20.0,8.0,17.0,27.0,8.0,17.0,23.0,9.0,18.0,28.0,9.0,17.0,23.0,5.0,9.0,10.0,8.0,10.0,10.0,8.0,25.0,32.0,33.0,38.0,7.0,9.0
2020,5,8,4,136,30,3,3,16,0,56000000,37.6,26.0,2.0,19.0,15.0,10.0,20.0,23.0,22.0,38.0,26.0,27.0,45.0,28.0,41.0,47.0,32.0,2.0,2.0,1.0,3.0,6.0,5.0,70.0,115.0,21.0,28.0,101.0,31.0,38.0,10.0,14.0,20.0,8.0,17.0,26.0,8.0,17.0,23.0,8.0,17.0,28.0,9.0,18.0,23.0,5.0,9.0,10.0,9.0,10.0,10.0,9.0,16.0,29.0,37.0,39.0,4.0,11.0
2020,5,12,1,130,30,1,3,15,1,63000000,32.6,21.5,8.0,2.0,19.0,25.0,10.0,20.0,32.0,22.0,38.0,33.0,27.0,45.0,38.0,41.0,47.0,7.0,2.0,2.0,9.0,3.0,6.0,95.0,151.0,119.0,25.0,32.0,18.0,25.0,10.0,15.0,20.0,9.0,18.0,26.0,9.0,17.0,23.0,8.0,17.0,28.0,8.0,17.0,23.0,5.0,9.0,10.0,8.0,10.0,10.0,11.0,23.0,32.0,34.0,39.0,1.0,6.0
2020,5,15,4,139,28,2,3,7,1,72000000,16.4,15.5,9.0,8.0,2.0,16.0,25.0,10.0,29.0,32.0,22.0,37.0,33.0,27.0,39.0,38.0,41.0,4.0,7.0,2.0,11.0,9.0,3.0,49.0,17.0,7.0,56.0,3.0,17.0,14.0,10.0,15.0,20.0,9.0,17.0,25.0,8.0,17.0,23.0,9.0,16.0,28.0,8.0,17.0,23.0,5.0,9.0,10.0,7.0,10.0,10.0,5.0,25.0,32.0,37.0,43.0,6.0,7.0
2020,5,19,1,142,38,1,3,13,1,17000000,23.4,7.5,11.0,9.0,8.0,23.0,16.0,25.0,32.0,29.0,32.0,34.0,37.0,33.0,39.0,39.0,38.0,1.0,4.0,7.0,6.0,11.0,9.0,63.0,11.0,4.0,7.0,70.0,28.0,25.0,10.0,15.0,20.0,8.0,17.0,25.0,7.0,17.0,22.0,8.0,15.0,27.0,8.0,17.0,23.0,5.0,9.0,10.0,7.0,10.0,10.0,3.0,18.0,22.0,27.0,32.0,2.0,7.0
2020,5,22,4,102,29,3,2,9,1,27000000,33.2,10.0,5.0,11.0,9.0,25.0,23.0,16.0,32.0,32.0,29.0,37.0,34.0,37.0,43.0,39.0,39.0,6.0,1.0,4.0,7.0,6.0,11.0,42.0,112.0,17.0,17.0,24.0,17.0,3.0,10.0,15.0,20.0,8.0,17.0,25.0,7.0,16.0,22.0,8.0,15.0,26.0,7.0,16.0,23.0,5.0,9.0,10.0,7.0,10.0,10.0,4.0,9.0,14.0,21.0,27.0,4.0,6.0
2020,5,26,1,75,23,2,1,10,2,37000000,26.8,10.5,3.0,5.0,11.0,18.0,25.0,23.0,22.0,32.0,32.0,27.0,37.0,34.0,32.0,43.0,39.0,2.0,6.0,1.0,7.0,7.0,6.0,49.0,67.0,35.0,32.0,1008.0,14.0,11.0,10.0,15.0,19.0,8.0,17.0,25.0,7.0,16.0,22.0,7.0,14.0,26.0,8.0,16.0,24.0,5.0,8.0,10.0,6.0,10.0,10.0,4.0,8.0,11.0,19.0,46.0,4.0,8.0
2020,5,29,4,88,42,3,1,12,2,17000000,24.4,20.5,4.0,3.0,5.0,9.0,18.0,25.0,14.0,22.0,32.0,21.0,27.0,37.0,27.0,32.0,43.0,4.0,2.0,6.0,6.0,7.0,7.0,3.0,143.0,514.0,185.0,63.0,3.0,38.0,9.0,15.0,19.0,8.0,18.0,24.0,7.0,17.0,23.0,8.0,14.0,27.0,8.0,16.0,24.0,5.0,8.0,10.0,7.0,10.0,10.0,10.0,12.0,22.0,26.0,49.0,7.0,11.0
2020,6,2,1,119,39,4,2,18,0,17000000,49.2,16.0,4.0,4.0,3.0,8.0,9.0,18.0,11.0,14.0,22.0,19.0,21.0,27.0,46.0,27.0,32.0,4.0,4.0,2.0,8.0,6.0,7.0,42.0,70.0,11.0,158.0,109.0,25.0,21.0,9.0,15.0,19.0,9.0,17.0,24.0,6.0,16.0,23.0,8.0,15.0,27.0,9.0,17.0,24.0,5.0,8.0,10.0,6.0,10.0,10.0,5.0,11.0,17.0,24.0,37.0,3.0,6.0
2020,6,5,4,94,32,1,1,9,1,28000000,32.6,20.5,10.0,4.0,4.0,12.0,8.0,9.0,22.0,11.0,14.0,26.0,19.0,21.0,49.0,46.0,27.0,7.0,4.0,4.0,11.0,8.0,6.0,17.0,45.0,56.0,290.0,290.0,98.0,10.0,8.0,15.0,19.0,9.0,17.0,24.0,6.0,15.0,23.0,8.0,16.0,28.0,9.0,18.0,25.0,6.0,8.0,10.0,6.0,10.0,10.0,5.0,15.0,27.0,36.0,46.0,2.0,8.0
2020,6,9,1,129,41,2,3,10,2,37000000,28.2,14.5,5.0,10.0,4.0,11.0,12.0,8.0,17.0,22.0,11.0,24.0,26.0,19.0,37.0,49.0,46.0,3.0,7.0,4.0,6.0,11.0,8.0,4.0,123.0,74.0,140.0,11.0,18.0,11.0,7.0,15.0,19.0,9.0,18.0,24.0,7.0,14.0,23.0,9.0,17.0,28.0,8.0,18.0,25.0,6.0,7.0,10.0,5.0,9.0,10.0,2.0,24.0,39.0,45.0,46.0,4.0,8.0
2020,6,12,4,156,44,3,3,12,2,50000000,23.6,8.5,5.0,5.0,10.0,15.0,11.0,12.0,27.0,17.0,22.0,36.0,24.0,26.0,46.0,37.0,49.0,2.0,3.0,7.0,8.0,6.0,11.0,38.0,175.0,224.0,42.0,3.0,14.0,3.0,7.0,15.0,19.0,10.0,18.0,24.0,8.0,14.0,24.0,9.0,16.0,28.0,7.0,17.0,24.0,6.0,7.0,10.0,4.0,9.0,10.0,4.0,9.0,11.0,17.0,39.0,2.0,10.0
2020,6,16,1,80,35,1,1,12,2,17000000,13.0,45.5,2.0,5.0,5.0,24.0,15.0,11.0,39.0,27.0,17.0,45.0,36.0,24.0,46.0,46.0,37.0,4.0,2.0,3.0,8.0,8.0,6.0,18.0,21.0,18.0,1029.0,32.0,7.0,95.0,6.0,15.0,19.0,9.0,18.0,24.0,7.0,13.0,23.0,10.0,17.0,28.0,7.0,17.0,24.0,6.0,7.0,10.0,5.0,10.0,10.0,5.0,14.0,19.0,24.0,43.0,3.0,11.0
2020,6,19,4,105,38,2,1,14,0,28000000,18.6,15.5,4.0,2.0,5.0,9.0,24.0,15.0,11.0,39.0,27.0,17.0,45.0,36.0,39.0,46.0,46.0,2.0,4.0,2.0,10.0,8.0,8.0,10.0,84.0,56.0,14.0,31.0,14.0,17.0,5.0,14.0,19.0,9.0,18.0,24.0,8.0,13.0,23.0,9.0,17.0,28.0,7.0,16.0,23.0,5.0,6.0,10.0,5.0,10.0,10.0,2.0,12.0,19.0,46.0,49.0,1.0,8.0
2020,6,23,1,128,47,3,2,9,1,38000000,13.6,25.0,5.0,4.0,2.0,14.0,9.0,24.0,19.0,11.0,39.0,24.0,17.0,45.0,43.0,39.0,46.0,3.0,2.0,4.0,11.0,10.0,8.0,11.0,21.0,4.0,81.0,21.0,39.0,11.0,5.0,14.0,18.0,8.0,18.0,23.0,7.0,13.0,23.0,9.0,16.0,28.0,7.0,16.0,23.0,5.0,6.0,10.0,5.0,10.0,10.0,1.0,10.0,12.0,21.0,26.0,5.0,11.0
2020,6,26,4,70,25,3,1,16,0,51000000,29.0,33.0,2.0,5.0,4.0,12.0,14.0,9.0,19.0,19.0,11.0,46.0,24.0,17.0,49.0,43.0,39.0,1.0,3.0,2.0,8.0,11.0,10.0,63.0,52.0,171.0,31.0,574.0,108.0,7.0,5.0,13.0,18.0,8.0,17.0,23.0,8.0,13.0,23.0,8.0,15.0,28.0,7.0,16.0,24.0,6.0,7.0,10.0,4.0,10.0,10.0,1.0,6.0,11.0,28.0,42.0,2.0,10.0
2020,6,30,1,88,41,3,2,12,2,61000000,56.8,14.0,1.0,2.0,5.0,10.0,12.0,14.0,12.0,19.0,19.0,21.0,46.0,24.0,26.0,49.0,43.0,5.0,1.0,3.0,11.0,8.0,11.0,4.0,469.0,14.0,63.0,126.0,14.0,14.0,5.0,13.0,18.0,9.0,17.0,24.0,7.0,13.0,23.0,9.0,15.0,28.0,7.0,16.0,24.0,6.0,7.0,10.0,4.0,10.0,10.0,4.0,16.0,27.0,37.0,39.0,3.0,6.0
2020,7,3,4,123,35,2,3,9,1,130000000,27.6,21.0,1.0,1.0,2.0,6.0,10.0,12.0,11.0,12.0,19.0,28.0,21.0,46.0,42.0,26.0,49.0,2.0,5.0,1.0,10.0,11.0,8.0,17.0,52.0,24.0,45.0,17.0,14.0,28.0,5.0,13.0,18.0,9.0,17.0,24.0,7.0,13.0,23.0,9.0,15.0,28.0,7.0,15.0,24.0,6.0,7.0,10.0,4.0,9.0,10.0,12.0,16.0,23.0,33.0,41.0,8.0,10.0
2020,7,7,1,125,29,2,2,18,2,143000000,38.2,10.5,4.0,1.0,1.0,16.0,6.0,10.0,27.0,11.0,12.0,37.0,28.0,21.0,39.0,42.0,26.0,3.0,2.0,5.0,6.0,10.0,11.0,98.0,4.0,238.0,60.0,63.0,175.0,7.0,5.0,14.0,18.0,9.0,17.0,24.0,7.0,14.0,24.0,9.0,15.0,27.0,8.0,15.0,24.0,6.0,8.0,10.0,4.0,8.0,10.0,15.0,17.0,23.0,30.0,38.0,2.0,7.0
2020,7,10,4,123,23,2,2,9,1,17000000,44.4,24.0,12.0,4.0,1.0,16.0,16.0,6.0,23.0,27.0,11.0,33.0,37.0,28.0,41.0,39.0,42.0,8.0,3.0,2.0,10.0,6.0,10.0,73.0,101.0,3.0,101.0,63.0,10.0,49.0,6.0,13.0,18.0,9.0,17.0,24.0,6.0,13.0,24.0,10.0,15.0,26.0,8.0,14.0,23.0,6.0,8.0,10.0,5.0,8.0,10.0,11.0,22.0,30.0,37.0,47.0,9.0,10.0
2020,7,14,1,147,36,2,3,19,1,26000000,29.0,37.0,15.0,12.0,4.0,17.0,16.0,16.0,23.0,23.0,27.0,30.0,33.0,37.0,38.0,41.0,39.0,2.0,8.0,3.0,7.0,10.0,6.0,60.0,308.0,126.0,11.0,74.0,123.0,7.0,7.0,12.0,18.0,9.0,17.0,25.0,7.0,14.0,24.0,9.0,15.0,26.0,9.0,13.0,23.0,7.0,9.0,10.0,5.0,8.0,10.0,7.0,15.0,27.0,41.0,43.0,7.0,9.0
2020,7,17,4,133,36,0,3,16,0,39000000,34.8,5.0,11.0,15.0,12.0,22.0,17.0,16.0,30.0,23.0,23.0,37.0,30.0,33.0,47.0,38.0,41.0,9.0,2.0,8.0,10.0,7.0,10.0,115.0,38.0,14.0,112.0,28.0,45.0,70.0,8.0,13.0,18.0,9.0,17.0,25.0,6.0,14.0,23.0,9.0,15.0,25.0,8.0,13.0,22.0,7.0,9.0,10.0,6.0,8.0,10.0,14.0,15.0,24.0,29.0,42.0,2.0,4.0
2020,7,21,1,124,28,3,2,6,2,50000000,31.8,25.0,7.0,11.0,15.0,15.0,22.0,17.0,27.0,30.0,23.0,41.0,37.0,30.0,43.0,47.0,38.0,7.0,9.0,2.0,9.0,10.0,7.0,452.0,4.0,112.0,186.0,21.0,11.0,102.0,9.0,14.0,19.0,8.0,16.0,25.0,7.0,15.0,23.0,9.0,16.0,25.0,8.0,12.0,22.0,7.0,9.0,10.0,7.0,9.0,10.0,8.0,9.0,27.0,28.0,50.0,4.0,12.0
2020,7,24,4,122,42,3,3,16,2,17000000,47.4,55.5,14.0,7.0,11.0,15.0,15.0,22.0,24.0,27.0,30.0,29.0,41.0,37.0,42.0,43.0,47.0,2.0,7.0,9.0,4.0,9.0,10.0,77.0,38.0,7.0,24.0,112.0,42.0,108.0,9.0,14.0,18.0,8.0,16.0,25.0,7.0,14.0,23.0,8.0,16.0,25.0,9.0,13.0,21.0,8.0,9.0,10.0,8.0,9.0,10.0,9.0,13.0,15.0,17.0,34.0,2.0,7.0
2020,7,28,1,88,25,1,1,9,1,26000000,56.4,9.0,8.0,14.0,7.0,9.0,15.0,15.0,27.0,24.0,27.0,28.0,29.0,41.0,50.0,42.0,43.0,4.0,2.0,7.0,12.0,4.0,9.0,77.0,256.0,245.0,42.0,221.0,7.0,18.0,9.0,13.0,17.0,8.0,16.0,26.0,7.0,14.0,23.0,8.0,16.0,25.0,9.0,14.0,22.0,7.0,9.0,10.0,7.0,9.0,10.0,21.0,24.0,30.0,46.0,49.0,2.0,5.0
2020,7,31,4,170,28,3,3,7,1,39000000,27.6,19.0,9.0,8.0,14.0,13.0,9.0,15.0,15.0,27.0,24.0,17.0,28.0,29.0,34.0,50.0,42.0,2.0,4.0,2.0,7.0,12.0,4.0,178.0,49.0,17.0,38.0,38.0,3.0,94.0,10.0,14.0,18.0,8.0,16.0,26.0,6.0,14.0,23.0,8.0,16.0,24.0,9.0,14.0,22.0,6.0,9.0,10.0,7.0,9.0,10.0,1.0,2.0,5.0,15.0,42.0,5.0,8.0
2020,8,4,1,65,41,2,1,13,1,49000000,28.8,16.0,21.0,9.0,8.0,24.0,13.0,9.0,30.0,15.0,27.0,46.0,17.0,28.0,49.0,34.0,50.0,2.0,2.0,4.0,5.0,7.0,12.0,35.0,651.0,651.0,557.0,14.0,39.0,42.0,10.0,14.0,17.0,8.0,17.0,26.0,6.0,15.0,24.0,9.0,17.0,24.0,9.0,14.0,22.0,7.0,9.0,10.0,8.0,9.0,10.0,5.0,20.0,21.0,36.0,41.0,6.0,11.0
2020,8,7,4,123,36,2,2,17,1,64000000,37.6,38.5,1.0,21.0,9.0,2.0,24.0,13.0,5.0,30.0,15.0,15.0,46.0,17.0,42.0,49.0,34.0,5.0,2.0,2.0,8.0,5.0,7.0,49.0,98.0,147.0,59.0,31.0,80.0,42.0,10.0,14.0,17.0,9.0,18.0,26.0,7.0,15.0,23.0,10.0,17.0,24.0,8.0,14.0,22.0,7.0,9.0,10.0,8.0,9.0,10.0,8.0,13.0,14.0,42.0,50.0,3.0,9.0
2020,8,11,1,127,42,4,2,12,0,73000000,15.6,32.0,5.0,1.0,21.0,20.0,2.0,24.0,21.0,5.0,30.0,36.0,15.0,46.0,41.0,42.0,49.0,6.0,5.0,2.0,11.0,8.0,5.0,18.0,14.0,77.0,256.0,18.0,39.0,25.0,9.0,14.0,17.0,8.0,17.0,25.0,8.0,15.0,23.0,10.0,17.0,24.0,8.0,14.0,22.0,7.0,9.0,10.0,8.0,9.0,10.0,9.0,10.0,19.0,42.0,49.0,4.0,12.0
2020,8,14,4,129,40,2,2,16,2,85000000,27.0,21.0,8.0,5.0,1.0,13.0,20.0,2.0,14.0,21.0,5.0,42.0,36.0,15.0,50.0,41.0,42.0,3.0,6.0,5.0,9.0,11.0,8.0,17.0,49.0,52.0,3.0,14.0,21.0,21.0,8.0,14.0,17.0,8.0,16.0,25.0,8.0,14.0,23.0,9.0,17.0,23.0,7.0,14.0,22.0,7.0,9.0,10.0,8.0,9.0,10.0,6.0,12.0,17.0,34.0,42.0,5.0,12.0
2020,8,18,1,111,36,4,2,17,1,95000000,27.4,9.0,9.0,8.0,5.0,10.0,13.0,20.0,19.0,14.0,21.0,42.0,42.0,36.0,49.0,50.0,41.0,4.0,3.0,6.0,12.0,9.0,11.0,126.0,56.0,74.0,95.0,14.0,14.0,4.0,8.0,14.0,17.0,8.0,15.0,24.0,9.0,14.0,22.0,9.0,17.0,23.0,6.0,13.0,22.0,6.0,9.0,10.0,7.0,9.0,10.0,10.0,15.0,35.0,44.0,50.0,3.0,5.0
2020,8,21,4,154,40,3,3,8,0,110000000,66.8,6.5,6.0,9.0,8.0,12.0,10.0,13.0,17.0,19.0,14.0,34.0,42.0,42.0,42.0,49.0,50.0,5.0,4.0,3.0,12.0,12.0,9.0,80.0,31.0,189.0,171.0,10.0,10.0,21.0,8.0,14.0,17.0,8.0,15.0,24.0,10.0,15.0,23.0,9.0,18.0,22.0,5.0,12.0,21.0,5.0,9.0,10.0,7.0,9.0,10.0,7.0,18.0,30.0,37.0,39.0,8.0,10.0
2020,8,25,1,131,32,2,3,18,2,122000000,50.8,31.5,10.0,6.0,9.0,15.0,12.0,10.0,35.0,17.0,19.0,44.0,34.0,42.0,50.0,42.0,49.0,3.0,5.0,4.0,5.0,12.0,12.0,39.0,95.0,25.0,42.0,53.0,49.0,42.0,8.0,14.0,17.0,9.0,15.0,24.0,9.0,15.0,23.0,9.0,17.0,22.0,6.0,12.0,21.0,6.0,9.0,10.0,7.0,9.0,10.0,7.0,12.0,16.0,17.0,31.0,7.0,9.0
2020,8,28,4,83,24,2,1,16,0,140000000,57.6,24.0,7.0,10.0,6.0,18.0,15.0,12.0,30.0,35.0,17.0,37.0,44.0,34.0,39.0,50.0,42.0,8.0,3.0,5.0,10.0,5.0,12.0,3.0,10.0,427.0,31.0,535.0,42.0,17.0,8.0,14.0,17.0,8.0,15.0,23.0,9.0,15.0,23.0,8.0,16.0,22.0,7.0,13.0,22.0,7.0,9.0,10.0,7.0,9.0,10.0,4.0,8.0,10.0,33.0,46.0,8.0,11.0
2020,9,1,1,101,42,4,2,19,1,156000000,36.0,16.0,7.0,7.0,10.0,12.0,18.0,15.0,16.0,30.0,35.0,17.0,37.0,44.0,31.0,39.0,50.0,7.0,8.0,3.0,9.0,10.0,5.0,60.0,95.0,515.0,56.0,81.0,7.0,25.0,9.0,14.0,17.0,9.0,15.0,23.0,9.0,16.0,24.0,9.0,16.0,22.0,7.0,12.0,22.0,7.0,9.0,10.0,6.0,9.0,10.0,6.0,22.0,29.0,40.0,43.0,4.0,7.0
2020,9,4,4,140,37,3,3,11,1,17000000,61.2,14.0,4.0,7.0,7.0,8.0,12.0,18.0,10.0,16.0,30.0,33.0,17.0,37.0,46.0,31.0,39.0,8.0,7.0,8.0,11.0,9.0,10.0,17.0,52.0,115.0,315.0,49.0,21.0,38.0,8.0,14.0,17.0,9.0,15.0,23.0,10.0,17.0,24.0,9.0,17.0,23.0,8.0,12.0,22.0,6.0,9.0,10.0,7.0,9.0,10.0,2.0,9.0,31.0,35.0,41.0,9.0,12.0
2020,9,8,1,118,39,1,3,21,1,26000000,24.2,16.0,6.0,4.0,7.0,22.0,8.0,12.0,29.0,10.0,16.0,40.0,33.0,17.0,43.0,46.0,31.0,4.0,8.0,7.0,7.0,11.0,9.0,77.0,46.0,329.0,147.0,32.0,56.0,21.0,8.0,14.0,17.0,9.0,15.0,22.0,10.0,17.0,24.0,9.0,17.0,22.0,8.0,12.0,21.0,7.0,9.0,10.0,6.0,9.0,10.0,34.0,38.0,42.0,43.0,45.0,9.0,12.0
2020,9,11,4,202,11,3,5,21,1,40000000,41.8,3.0,2.0,6.0,4.0,9.0,22.0,8.0,31.0,29.0,10.0,35.0,40.0,33.0,41.0,43.0,46.0,9.0,4.0,8.0,12.0,7.0,11.0,322.0,189.0,353.0,213.0,147.0,3.0,3.0,8.0,15.0,18.0,9.0,16.0,23.0,10.0,18.0,24.0,9.0,18.0,23.0,9.0,13.0,21.0,6.0,9.0,10.0,6.0,9.0,10.0,16.0,20.0,25.0,30.0,38.0,6.0,8.0
2020,9,15,1,129,22,4,2,14,2,50000000,40.2,26.5,34.0,2.0,6.0,38.0,9.0,22.0,42.0,31.0,29.0,43.0,35.0,40.0,45.0,41.0,43.0,9.0,9.0,4.0,12.0,12.0,7.0,151.0,39.0,315.0,67.0,67.0,39.0,42.0,8.0,16.0,18.0,9.0,15.0,23.0,10.0,19.0,25.0,10.0,17.0,23.0,10.0,13.0,20.0,7.0,9.0,9.0,7.0,9.0,10.0,2.0,10.0,19.0,25.0,45.0,1.0,7.0
2020,9,18,4,101,43,2,1,8,0,67000000,14.4,50.5,16.0,34.0,2.0,20.0,38.0,9.0,25.0,42.0,31.0,30.0,43.0,35.0,38.0,45.0,41.0,6.0,9.0,9.0,8.0,12.0,12.0,10.0,35.0,35.0,224.0,7.0,87.0,14.0,7.0,16.0,18.0,9.0,15.0,23.0,10.0,19.0,25.0,10.0,18.0,24.0,9.0,13.0,20.0,8.0,9.0,9.0,7.0,9.0,10.0,16.0,25.0,28.0,39.0,40.0,1.0,6.0
2020,9,22,1,148,24,3,3,7,1,76000000,23.4,5.5,2.0,16.0,34.0,10.0,20.0,38.0,19.0,25.0,42.0,25.0,30.0,43.0,45.0,38.0,45.0,1.0,6.0,9.0,7.0,8.0,12.0,7.0,126.0,329.0,252.0,161.0,4.0,81.0,7.0,16.0,18.0,10.0,16.0,23.0,10.0,19.0,26.0,10.0,18.0,25.0,9.0,13.0,19.0,7.0,9.0,9.0,8.0,9.0,10.0,19.0,23.0,34.0,37.0,45.0,1.0,7.0
2020,9,25,4,158,26,1,3,8,0,130000000,27.2,5.0,16.0,2.0,16.0,25.0,10.0,20.0,28.0,19.0,25.0,39.0,25.0,30.0,40.0,45.0,38.0,1.0,1.0,6.0,6.0,7.0,8.0,147.0,133.0,164.0,31.0,7.0,3.0,7.0,7.0,17.0,18.0,10.0,16.0,22.0,10.0,19.0,26.0,9.0,18.0,25.0,8.0,13.0,19.0,6.0,9.0,9.0,7.0,9.0,10.0,4.0,14.0,16.0,41.0,44.0,11.0,12.0
2020,9,29,1,119,40,4,2,23,1,17000000,28.8,23.0,19.0,16.0,2.0,23.0,25.0,10.0,34.0,28.0,19.0,37.0,39.0,25.0,45.0,40.0,45.0,1.0,1.0,1.0,7.0,6.0,7.0,28.0,102.0,32.0,74.0,256.0,347.0,18.0,7.0,17.0,18.0,10.0,17.0,22.0,9.0,19.0,26.0,10.0,18.0,25.0,8.0,14.0,19.0,7.0,10.0,10.0,6.0,9.0,10.0,6.0,12.0,15.0,40.0,45.0,3.0,9.0
2020,10,2,4,118,39,3,2,12,0,29000000,24.4,31.5,4.0,19.0,16.0,14.0,23.0,25.0,16.0,34.0,28.0,41.0,37.0,39.0,44.0,45.0,40.0,11.0,1.0,1.0,12.0,7.0,6.0,28.0,35.0,66.0,28.0,7.0,42.0,35.0,6.0,16.0,18.0,10.0,16.0,22.0,10.0,19.0,26.0,9.0,18.0,25.0,7.0,14.0,19.0,7.0,10.0,10.0,6.0,9.0,10.0,4.0,21.0,36.0,41.0,47.0,9.0,11.0
2020,10,6,1,149,43,2,3,20,0,17000000,43.6,5.5,6.0,4.0,19.0,12.0,14.0,23.0,15.0,16.0,34.0,40.0,41.0,37.0,45.0,44.0,45.0,3.0,11.0,1.0,9.0,12.0,7.0,7.0,319.0,602.0,7.0,84.0,25.0,35.0,6.0,15.0,18.0,10.0,16.0,22.0,10.0,19.0,27.0,8.0,18.0,25.0,7.0,14.0,19.0,6.0,10.0,10.0,6.0,9.0,10.0,11.0,15.0,35.0,41.0,50.0,5.0,8.0
2020,10,9,4,152,39,1,3,13,1,29000000,35.4,36.5,4.0,6.0,4.0,21.0,12.0,14.0,36.0,15.0,16.0,41.0,40.0,41.0,47.0,45.0,44.0,9.0,3.0,11.0,11.0,9.0,12.0,87.0,49.0,49.0,3.0,49.0,52.0,24.0,7.0,15.0,18.0,10.0,16.0,21.0,10.0,19.0,27.0,8.0,18.0,25.0,7.0,14.0,19.0,6.0,10.0,10.0,6.0,9.0,10.0,5.0,14.0,38.0,41.0,46.0,1.0,10.0
2020,10,13,1,144,41,3,3,11,1,39000000,31.0,33.5,11.0,4.0,6.0,15.0,21.0,12.0,35.0,36.0,15.0,41.0,41.0,40.0,50.0,47.0,45.0,5.0,9.0,3.0,8.0,11.0,9.0,67.0,14.0,165.0,4.0,42.0,18.0,49.0,8.0,15.0,18.0,9.0,16.0,21.0,10.0,20.0,27.0,7.0,18.0,24.0,7.0,14.0,19.0,6.0,10.0,10.0,7.0,9.0,10.0,15.0,33.0,38.0,40.0,50.0,3.0,6.0
2020,10,16,4,176,35,3,4,9,1,53000000,15.2,19.0,5.0,11.0,4.0,14.0,15.0,21.0,38.0,35.0,36.0,41.0,41.0,41.0,46.0,50.0,47.0,1.0,5.0,9.0,10.0,8.0,11.0,98.0,388.0,3.0,14.0,7.0,14.0,24.0,8.0,15.0,18.0,9.0,17.0,21.0,9.0,19.0,27.0,6.0,17.0,24.0,7.0,14.0,18.0,6.0,10.0,10.0,7.0,8.0,10.0,5.0,6.0,15.0,37.0,42.0,3.0,4.0
2020,10,20,1,105,37,2,2,7,1,64000000,18.6,25.0,15.0,5.0,11.0,33.0,14.0,15.0,38.0,38.0,35.0,40.0,41.0,41.0,50.0,46.0,50.0,3.0,1.0,5.0,6.0,10.0,8.0,7.0,112.0,18.0,25.0,63.0,4.0,91.0,8.0,15.0,18.0,9.0,18.0,21.0,8.0,18.0,26.0,5.0,16.0,24.0,7.0,14.0,18.0,5.0,10.0,10.0,8.0,9.0,10.0,10.0,15.0,19.0,21.0,23.0,3.0,12.0
2020,10,23,4,88,13,1,0,15,1,77000000,22.2,13.5,5.0,15.0,5.0,6.0,33.0,14.0,15.0,38.0,38.0,37.0,40.0,41.0,42.0,50.0,46.0,3.0,3.0,1.0,4.0,6.0,10.0,63.0,14.0,35.0,119.0,238.0,3.0,24.0,8.0,15.0,18.0,8.0,18.0,21.0,8.0,18.0,26.0,5.0,17.0,24.0,8.0,14.0,19.0,5.0,10.0,10.0,8.0,9.0,10.0,13.0,15.0,28.0,32.0,44.0,3.0,12.0
2020,10,27,1,132,31,3,3,15,1,87000000,60.4,4.0,10.0,5.0,15.0,15.0,6.0,33.0,19.0,15.0,38.0,21.0,37.0,40.0,23.0,42.0,50.0,3.0,3.0,3.0,12.0,4.0,6.0,270.0,4.0,35.0,249.0,28.0,4.0,4.0,8.0,15.0,19.0,7.0,17.0,21.0,8.0,18.0,26.0,5.0,17.0,25.0,7.0,14.0,19.0,5.0,9.0,10.0,8.0,9.0,9.0,12.0,16.0,20.0,21.0,28.0,3.0,9.0
2020,10,30,4,97,16,4,1,12,0,17000000,22.8,13.5,13.0,10.0,5.0,15.0,15.0,6.0,28.0,19.0,15.0,32.0,21.0,37.0,44.0,23.0,42.0,3.0,3.0,3.0,12.0,12.0,4.0,115.0,115.0,224.0,7.0,189.0,3.0,28.0,8.0,15.0,19.0,7.0,17.0,21.0,8.0,18.0,27.0,5.0,16.0,25.0,8.0,15.0,20.0,5.0,9.0,10.0,7.0,9.0,9.0,5.0,7.0,18.0,20.0,30.0,6.0,7.0
2020,11,3,1,80,25,3,1,13,1,26000000,40.8,28.5,12.0,13.0,10.0,16.0,15.0,15.0,20.0,28.0,19.0,21.0,32.0,21.0,28.0,44.0,23.0,3.0,3.0,3.0,9.0,12.0,12.0,14.0,231.0,252.0,515.0,277.0,49.0,39.0,8.0,15.0,19.0,8.0,18.0,22.0,8.0,18.0,28.0,6.0,16.0,26.0,9.0,16.0,21.0,5.0,9.0,10.0,8.0,9.0,9.0,7.0,12.0,37.0,40.0,50.0,1.0,2.0
2020,11,6,4,146,43,3,3,3,1,39000000,13.8,61.0,5.0,12.0,13.0,7.0,16.0,15.0,18.0,20.0,28.0,20.0,21.0,32.0,30.0,28.0,44.0,6.0,3.0,3.0,7.0,9.0,12.0,70.0,35.0,507.0,21.0,21.0,24.0,409.0,8.0,14.0,19.0,8.0,17.0,22.0,9.0,18.0,29.0,6.0,16.0,26.0,8.0,16.0,21.0,5.0,9.0,10.0,9.0,10.0,10.0,3.0,19.0,29.0,32.0,38.0,5.0,12.0
2020,11,10,1,121,35,2,3,17,1,49000000,59.2,23.0,7.0,5.0,12.0,12.0,7.0,16.0,37.0,18.0,20.0,40.0,20.0,21.0,50.0,30.0,28.0,1.0,6.0,3.0,2.0,7.0,9.0,172.0,221.0,67.0,14.0,56.0,32.0,14.0,8.0,14.0,19.0,8.0,18.0,23.0,9.0,18.0,28.0,6.0,15.0,26.0,8.0,15.0,21.0,4.0,9.0,10.0,8.0,10.0,10.0,1.0,5.0,17.0,28.0,31.0,1.0,10.0
2020,11,13,4,82,30,1,2,11,1,64000000,53.6,19.0,3.0,7.0,5.0,19.0,12.0,7.0,29.0,37.0,18.0,32.0,40.0,20.0,38.0,50.0,30.0,5.0,1.0,6.0,12.0,2.0,7.0,101.0,203.0,87.0,112.0,77.0,7.0,31.0,8.0,15.0,19.0,9.0,19.0,24.0,9.0,18.0,28.0,7.0,15.0,25.0,9.0,15.0,20.0,4.0,9.0,10.0,7.0,10.0,10.0,16.0,19.0,25.0,30.0,44.0,2.0,6.0
2020,11,17,1,134,28,3,2,8,2,74000000,23.2,12.5,1.0,3.0,7.0,5.0,19.0,12.0,17.0,29.0,37.0,28.0,32.0,40.0,31.0,38.0,50.0,1.0,5.0,1.0,10.0,12.0,2.0,56.0,7.0,63.0,63.0,21.0,109.0,32.0,9.0,15.0,19.0,8.0,19.0,24.0,10.0,18.0,28.0,7.0,14.0,25.0,8.0,15.0,19.0,5.0,10.0,10.0,7.0,9.0,10.0,28.0,29.0,39.0,48.0,50.0,5.0,7.0
2020,11,20,4,194,22,3,5,12,0,130000000,63.4,13.5,16.0,1.0,3.0,19.0,5.0,19.0,25.0,17.0,29.0,30.0,28.0,32.0,44.0,31.0,38.0,2.0,1.0,5.0,6.0,10.0,12.0,2922.0,220.0,161.0,857.0,14.0,10.0,17.0,9.0,16.0,20.0,8.0,19.0,25.0,10.0,18.0,28.0,8.0,15.0,25.0,8.0,14.0,19.0,5.0,10.0,10.0,7.0,9.0,10.0,25.0,33.0,38.0,42.0,50.0,8.0,12.0
2020,11,24,1,188,25,3,4,20,2,143000000,19.8,30.0,28.0,16.0,1.0,29.0,19.0,5.0,39.0,25.0,17.0,48.0,30.0,28.0,50.0,44.0,31.0,5.0,2.0,1.0,7.0,6.0,10.0,452.0,39.0,39.0,102.0,4.0,84.0,14.0,10.0,17.0,21.0,8.0,19.0,25.0,10.0,18.0,27.0,8.0,15.0,24.0,7.0,14.0,19.0,6.0,9.0,10.0,6.0,9.0,10.0,2.0,5.0,8.0,14.0,16.0,8.0,9.0
2020,11,27,4,45,14,4,0,17,1,162000000,45.2,15.5,25.0,28.0,16.0,33.0,29.0,19.0,38.0,39.0,25.0,42.0,48.0,30.0,50.0,50.0,44.0,8.0,5.0,2.0,12.0,7.0,6.0,70.0,14.0,255.0,339.0,672.0,3.0,28.0,10.0,17.0,21.0,8.0,18.0,24.0,10.0,18.0,28.0,9.0,15.0,25.0,7.0,15.0,19.0,6.0,9.0,10.0,6.0,9.0,10.0,14.0,20.0,29.0,47.0,49.0,4.0,12.0
2020,12,1,1,159,35,2,3,16,2,178000000,41.6,24.5,2.0,25.0,28.0,5.0,33.0,29.0,8.0,38.0,39.0,14.0,42.0,48.0,16.0,50.0,50.0,8.0,8.0,5.0,9.0,12.0,7.0,133.0,77.0,21.0,434.0,109.0,88.0,7.0,10.0,18.0,21.0,8.0,17.0,24.0,9.0,18.0,28.0,10.0,16.0,26.0,8.0,15.0,19.0,7.0,9.0,10.0,6.0,9.0,10.0,14.0,20.0,27.0,34.0,38.0,1.0,11.0
2020,12,4,4,133,24,4,3,12,0,200000000,43.8,40.0,14.0,2.0,25.0,20.0,5.0,33.0,29.0,8.0,38.0,47.0,14.0,42.0,49.0,16.0,50.0,4.0,8.0,8.0,12.0,9.0,12.0,3.0,3.0,133.0,108.0,24.0,21.0,59.0,9.0,18.0,21.0,7.0,16.0,24.0,9.0,18.0,28.0,10.0,16.0,25.0,7.0,14.0,19.0,6.0,9.0,10.0,7.0,9.0,10.0,1.0,4.0,21.0,24.0,46.0,2.0,12.0
2020,12,8,1,96,45,3,1,14,2,200000000,62.6,14.0,14.0,14.0,2.0,20.0,20.0,5.0,27.0,29.0,8.0,34.0,47.0,14.0,38.0,49.0,16.0,1.0,4.0,8.0,11.0,12.0,9.0,25.0,287.0,123.0,172.0,56.0,21.0,7.0,8.0,17.0,21.0,7.0,16.0,25.0,9.0,18.0,28.0,10.0,16.0,25.0,7.0,14.0,19.0,5.0,9.0,10.0,7.0,9.0,10.0,6.0,9.0,13.0,24.0,41.0,3.0,12.0
2020,12,11,4,93,35,2,1,15,1,200000000,50.6,22.5,1.0,14.0,14.0,4.0,20.0,20.0,21.0,27.0,29.0,24.0,34.0,47.0,46.0,38.0,49.0,2.0,1.0,4.0,12.0,11.0,12.0,70.0,94.0,353.0,3.0,94.0,42.0,3.0,8.0,17.0,21.0,7.0,17.0,25.0,9.0,19.0,29.0,9.0,16.0,25.0,8.0,15.0,19.0,6.0,9.0,10.0,6.0,9.0,10.0,9.0,13.0,21.0,29.0,35.0,1.0,2.0
2020,12,15,1,107,26,0,2,3,1,0,19.2,9.0,6.0,1.0,14.0,9.0,4.0,20.0,13.0,21.0,27.0,24.0,24.0,34.0,41.0,46.0,38.0,3.0,2.0,1.0,12.0,12.0,11.0,123.0,126.0,7.0,147.0,354.0,11.0,39.0,8.0,18.0,21.0,8.0,17.0,25.0,9.0,19.0,29.0,9.0,16.0,25.0,9.0,16.0,20.0,6.0,9.0,10.0,7.0,9.0,10.0,2.0,3.0,13.0,17.0,21.0,7.0,8.0
2020,12,18,4,56,19,1,0,15,1,30000000,20.0,24.5,9.0,6.0,1.0,13.0,9.0,4.0,21.0,13.0,21.0,29.0,24.0,24.0,35.0,41.0,46.0,1.0,3.0,2.0,2.0,12.0,12.0,21.0,378.0,7.0,112.0,1617.0,112.0,70.0,8.0,18.0,21.0,9.0,17.0,26.0,8.0,19.0,28.0,9.0,16.0,25.0,9.0,16.0,20.0,7.0,10.0,10.0,7.0,9.0,10.0,2.0,10.0,16.0,42.0,50.0,4.0,11.0
2020,12,22,1,120,48,5,2,15,1,41000000,29.0,19.5,2.0,9.0,6.0,3.0,13.0,9.0,13.0,21.0,13.0,17.0,29.0,24.0,21.0,35.0,41.0,7.0,1.0,3.0,8.0,2.0,12.0,4.0,95.0,84.0,28.0,28.0,21.0,18.0,7.0,17.0,21.0,9.0,17.0,26.0,8.0,18.0,27.0,8.0,16.0,25.0,8.0,16.0,20.0,7.0,10.0,10.0,6.0,9.0,10.0,16.0,21.0,27.0,30.0,32.0,3.0,5.0
2020,12,25,4,126,16,3,3,8,0,0,22.8,24.5,2.0,2.0,9.0,10.0,3.0,13.0,16.0,13.0,21.0,42.0,17.0,29.0,50.0,21.0,35.0,4.0,7.0,1.0,11.0,8.0,2.0,38.0,80.0,21.0,38.0,217.0,14.0,126.0,7.0,17.0,21.0,9.0,17.0,26.0,7.0,18.0,27.0,8.0,16.0,25.0,9.0,17.0,21.0,6.0,9.0,10.0,6.0,10.0,10.0,7.0,32.0,39.0,40.0,45.0,3.0,8.0
2020,12,29,1,163,38,2,4,11,1,28000000,47.4,7.5,16.0,2.0,2.0,21.0,10.0,3.0,27.0,16.0,13.0,30.0,42.0,17.0,32.0,50.0,21.0,3.0,4.0,7.0,5.0,11.0,8.0,53.0,315.0,39.0,53.0,88.0,4.0,11.0,7.0,17.0,21.0,9.0,18.0,27.0,7.0,18.0,27.0,9.0,16.0,25.0,10.0,17.0,21.0,6.0,9.0,10.0,6.0,10.0,10.0,16.0,28.0,32.0,44.0,48.0,1.0,9.0
2021,1,1,4,168,32,5,4,10,0,42000000,27.8,26.0,7.0,16.0,2.0,32.0,21.0,10.0,39.0,27.0,16.0,40.0,30.0,42.0,45.0,32.0,50.0,3.0,3.0,4.0,8.0,5.0,11.0,7.0,259.0,227.0,133.0,269.0,17.0,35.0,7.0,16.0,21.0,9.0,19.0,27.0,7.0,18.0,27.0,9.0,17.0,25.0,10.0,17.0,22.0,5.0,8.0,10.0,6.0,10.0,10.0,12.0,34.0,37.0,38.0,42.0,1.0,3.0
2021,1,5,1,163,30,4,4,4,0,17000000,39.6,5.5,16.0,7.0,16.0,28.0,32.0,21.0,32.0,39.0,27.0,44.0,40.0,30.0,48.0,45.0,32.0,1.0,3.0,3.0,9.0,8.0,5.0,67.0,693.0,60.0,322.0,77.0,4.0,245.0,8.0,15.0,21.0,10.0,20.0,28.0,7.0,17.0,27.0,9.0,18.0,26.0,10.0,17.0,22.0,5.0,8.0,10.0,7.0,11.0,11.0,18.0,23.0,37.0,41.0,42.0,4.0,6.0
2021,1,8,4,161,24,2,3,10,2,30000000,35.4,34.5,12.0,16.0,7.0,34.0,28.0,32.0,37.0,32.0,39.0,38.0,44.0,40.0,42.0,48.0,45.0,1.0,1.0,3.0,3.0,9.0,8.0,402.0,105.0,3.0,87.0,3.0,17.0,52.0,8.0,16.0,22.0,10.0,20.0,28.0,7.0,17.0,27.0,9.0,18.0,26.0,9.0,17.0,22.0,5.0,8.0,10.0,8.0,11.0,11.0,2.0,10.0,18.0,34.0,35.0,6.0,9.0
2021,1,12,1,99,33,4,2,15,1,41000000,16.2,7.5,18.0,12.0,16.0,23.0,34.0,28.0,37.0,37.0,32.0,41.0,38.0,44.0,42.0,42.0,48.0,4.0,1.0,1.0,6.0,3.0,9.0,21.0,21.0,70.0,39.0,28.0,70.0,11.0,7.0,15.0,22.0,9.0,20.0,28.0,8.0,17.0,26.0,10.0,18.0,26.0,8.0,17.0,22.0,5.0,8.0,10.0,8.0,11.0,11.0,4.0,10.0,27.0,38.0,40.0,3.0,11.0
2021,1,15,4,119,36,4,3,14,0,55000000,17.8,17.0,2.0,18.0,12.0,10.0,23.0,34.0,18.0,37.0,37.0,34.0,41.0,38.0,35.0,42.0,42.0,6.0,4.0,1.0,9.0,6.0,3.0,101.0,3.0,21.0,10.0,115.0,17.0,24.0,7.0,16.0,22.0,8.0,19.0,28.0,8.0,16.0,26.0,9.0,17.0,26.0,8.0,18.0,22.0,5.0,8.0,10.0,7.0,10.0,11.0,25.0,27.0,31.0,35.0,43.0,5.0,6.0
2021,1,19,1,161,18,0,4,11,1,67000000,52.8,16.0,4.0,2.0,18.0,10.0,10.0,23.0,27.0,18.0,37.0,38.0,34.0,41.0,40.0,35.0,42.0,3.0,6.0,4.0,11.0,9.0,6.0,56.0,508.0,133.0,133.0,137.0,60.0,11.0,7.0,15.0,22.0,8.0,20.0,29.0,8.0,16.0,26.0,9.0,18.0,26.0,9.0,18.0,21.0,6.0,8.0,10.0,6.0,10.0,11.0,8.0,16.0,42.0,44.0,47.0,6.0,7.0
2021,1,22,4,157,39,4,3,13,1,79000000,32.8,19.0,25.0,4.0,2.0,27.0,10.0,10.0,31.0,27.0,18.0,35.0,38.0,34.0,43.0,40.0,35.0,5.0,3.0,6.0,6.0,11.0,9.0,164.0,84.0,133.0,21.0,108.0,10.0,63.0,8.0,15.0,21.0,8.0,19.0,28.0,8.0,16.0,26.0,8.0,18.0,25.0,9.0,19.0,21.0,5.0,8.0,10.0,7.0,10.0,11.0,5.0,7.0,25.0,37.0,40.0,2.0,8.0
2021,1,26,1,114,35,1,2,10,2,17000000,24.8,35.0,8.0,25.0,4.0,16.0,27.0,10.0,42.0,31.0,27.0,44.0,35.0,38.0,47.0,43.0,40.0,6.0,5.0,3.0,7.0,6.0,11.0,84.0,84.0,70.0,98.0,11.0,49.0,28.0,9.0,15.0,21.0,9.0,19.0,27.0,8.0,15.0,25.0,8.0,18.0,24.0,8.0,18.0,21.0,6.0,8.0,10.0,7.0,10.0,11.0,1.0,5.0,27.0,36.0,42.0,1.0,6.0
2021,1,29,4,111,41,2,3,7,1,30000000,37.4,15.5,5.0,8.0,25.0,7.0,16.0,27.0,25.0,42.0,31.0,37.0,44.0,35.0,40.0,47.0,43.0,2.0,6.0,5.0,8.0,7.0,6.0,52.0,63.0,14.0,175.0,21.0,24.0,10.0,10.0,15.0,21.0,9.0,19.0,27.0,8.0,15.0,25.0,8.0,18.0,24.0,7.0,17.0,21.0,6.0,8.0,10.0,6.0,10.0,11.0,18.0,20.0,35.0,38.0,48.0,9.0,12.0
2021,2,2,1,159,30,4,3,21,1,40000000,29.0,37.0,1.0,5.0,8.0,5.0,7.0,16.0,27.0,25.0,42.0,36.0,37.0,44.0,42.0,40.0,47.0,1.0,2.0,6.0,6.0,8.0,7.0,25.0,60.0,116.0,18.0,32.0,119.0,53.0,9.0,15.0,21.0,9.0,18.0,27.0,8.0,16.0,24.0,7.0,18.0,24.0,6.0,17.0,21.0,7.0,9.0,10.0,7.0,10.0,11.0,12.0,19.0,37.0,44.0,45.0,2.0,6.0
2021,2,5,4,157,33,2,3,8,2,130000000,34.6,8.5,18.0,1.0,5.0,20.0,5.0,7.0,35.0,27.0,25.0,38.0,36.0,37.0,48.0,42.0,40.0,9.0,1.0,2.0,12.0,6.0,8.0,31.0,80.0,28.0,14.0,38.0,10.0,7.0,8.0,14.0,21.0,9.0,18.0,27.0,7.0,16.0,24.0,7.0,17.0,24.0,7.0,17.0,21.0,7.0,9.0,10.0,7.0,10.0,11.0,5.0,10.0,24.0,31.0,37.0,9.0,10.0
2021,2,9,1,107,32,2,2,19,1,144000000,24.2,47.5,12.0,18.0,1.0,19.0,20.0,5.0,37.0,35.0,27.0,44.0,38.0,36.0,45.0,48.0,42.0,2.0,9.0,1.0,6.0,12.0,6.0,14.0,25.0,203.0,378.0,249.0,7.0,88.0,8.0,14.0,21.0,8.0,18.0,27.0,8.0,16.0,25.0,8.0,17.0,25.0,8.0,17.0,22.0,7.0,9.0,10.0,7.0,10.0,11.0,7.0,23.0,30.0,32.0,36.0,8.0,12.0
2021,2,12,4,128,29,3,3,20,2,163000000,31.4,13.5,5.0,12.0,18.0,10.0,19.0,20.0,24.0,37.0,35.0,31.0,44.0,38.0,37.0,45.0,48.0,9.0,2.0,9.0,10.0,6.0,12.0,45.0,35.0,171.0,94.0,318.0,77.0,10.0,9.0,14.0,21.0,8.0,18.0,27.0,9.0,17.0,25.0,8.0,18.0,25.0,9.0,17.0,23.0,7.0,9.0,10.0,7.0,10.0,11.0,5.0,9.0,25.0,29.0,30.0,6.0,7.0
2021,2,16,1,98,25,1,2,13,1,179000000,31.6,18.0,7.0,5.0,12.0,23.0,10.0,19.0,30.0,24.0,37.0,32.0,31.0,44.0,36.0,37.0,45.0,8.0,9.0,2.0,12.0,10.0,6.0,7.0,67.0,21.0,63.0,105.0,25.0,25.0,8.0,13.0,21.0,9.0,17.0,26.0,8.0,17.0,25.0,8.0,17.0,25.0,9.0,18.0,22.0,7.0,9.0,10.0,6.0,10.0,11.0,4.0,12.0,25.0,46.0,48.0,7.0,12.0
2021,2,19,4,135,44,4,2,19,1,202000000,28.4,5.0,5.0,7.0,5.0,9.0,23.0,10.0,25.0,30.0,24.0,29.0,32.0,31.0,30.0,36.0,37.0,6.0,8.0,9.0,7.0,12.0,10.0,35.0,105.0,3.0,203.0,17.0,63.0,7.0,8.0,13.0,21.0,10.0,17.0,26.0,8.0,16.0,25.0,9.0,18.0,26.0,9.0,18.0,22.0,7.0,9.0,10.0,5.0,10.0,11.0,9.0,18.0,30.0,39.0,45.0,1.0,3.0
2021,2,23,1,141,36,2,3,4,0,210000000,21.8,32.0,4.0,5.0,7.0,12.0,9.0,23.0,25.0,25.0,30.0,46.0,29.0,32.0,48.0,30.0,36.0,7.0,6.0,8.0,12.0,7.0,12.0,70.0,182.0,11.0,154.0,18.0,25.0,49.0,8.0,13.0,21.0,10.0,18.0,26.0,7.0,15.0,24.0,9.0,18.0,25.0,8.0,17.0,22.0,6.0,9.0,10.0,6.0,10.0,11.0,6.0,12.0,22.0,29.0,33.0,6.0,11.0
2021,2,26,4,102,27,3,2,17,1,210000000,72.6,26.0,9.0,4.0,5.0,18.0,12.0,9.0,30.0,25.0,25.0,39.0,46.0,29.0,45.0,48.0,30.0,1.0,7.0,6.0,3.0,12.0,7.0,77.0,7.0,269.0,10.0,339.0,10.0,42.0,8.0,13.0,21.0,9.0,18.0,25.0,7.0,15.0,25.0,9.0,17.0,25.0,8.0,17.0,23.0,6.0,9.0,10.0,7.0,10.0,11.0,2.0,19.0,24.0,26.0,49.0,6.0,7.0
2021,3,2,1,120,47,3,2,13,1,17000000,87.0,7.5,6.0,9.0,4.0,12.0,18.0,12.0,22.0,30.0,25.0,29.0,39.0,46.0,33.0,45.0,48.0,6.0,1.0,7.0,11.0,3.0,12.0,49.0,25.0,21.0,273.0,91.0,4.0,14.0,9.0,12.0,21.0,8.0,18.0,25.0,7.0,15.0,25.0,9.0,18.0,26.0,8.0,17.0,23.0,6.0,9.0,10.0,6.0,10.0,11.0,4.0,5.0,39.0,46.0,48.0,7.0,10.0
2021,3,5,4,142,44,3,3,17,1,30000000,13.8,13.5,2.0,6.0,9.0,19.0,12.0,18.0,24.0,22.0,30.0,26.0,29.0,39.0,49.0,33.0,45.0,6.0,6.0,1.0,7.0,11.0,3.0,14.0,35.0,66.0,14.0,14.0,14.0,24.0,8.0,12.0,20.0,8.0,17.0,24.0,7.0,15.0,25.0,8.0,18.0,25.0,7.0,16.0,23.0,6.0,9.0,10.0,6.0,10.0,11.0,1.0,16.0,21.0,32.0,33.0,11.0,12.0
2021,3,9,1,103,32,2,2,23,1,43000000,39.0,14.5,4.0,2.0,6.0,5.0,19.0,12.0,39.0,24.0,22.0,46.0,26.0,29.0,48.0,49.0,33.0,7.0,6.0,6.0,10.0,7.0,11.0,39.0,46.0,84.0,25.0,11.0,161.0,18.0,8.0,12.0,20.0,8.0,17.0,24.0,7.0,15.0,25.0,7.0,17.0,25.0,7.0,15.0,23.0,7.0,10.0,10.0,6.0,10.0,11.0,4.0,6.0,9.0,11.0,44.0,10.0,11.0
2021,3,12,4,74,40,3,1,21,1,58000000,45.4,5.0,1.0,4.0,2.0,16.0,5.0,19.0,21.0,39.0,24.0,32.0,46.0,26.0,33.0,48.0,49.0,11.0,7.0,6.0,12.0,10.0,7.0,7.0,143.0,630.0,2100.0,115.0,353.0,14.0,7.0,12.0,20.0,9.0,17.0,24.0,7.0,16.0,26.0,7.0,18.0,25.0,8.0,16.0,23.0,7.0,11.0,11.0,5.0,9.0,11.0,23.0,25.0,32.0,35.0,47.0,2.0,6.0
2021,3,16,1,162,24,1,3,8,2,71000000,31.8,26.5,4.0,1.0,4.0,6.0,16.0,5.0,9.0,21.0,39.0,11.0,32.0,46.0,44.0,33.0,48.0,10.0,11.0,7.0,11.0,12.0,10.0,1005.0,175.0,74.0,56.0,53.0,39.0,39.0,8.0,13.0,21.0,9.0,17.0,24.0,8.0,15.0,26.0,7.0,17.0,25.0,8.0,15.0,23.0,7.0,11.0,11.0,6.0,9.0,11.0,3.0,9.0,35.0,43.0,44.0,1.0,10.0
2021,3,19,4,134,41,1,3,11,1,86000000,33.4,15.5,23.0,4.0,1.0,25.0,6.0,16.0,32.0,9.0,21.0,35.0,11.0,32.0,47.0,44.0,33.0,2.0,10.0,11.0,6.0,11.0,12.0,129.0,31.0,45.0,189.0,7.0,24.0,14.0,8.0,14.0,20.0,8.0,17.0,24.0,9.0,14.0,25.0,8.0,17.0,26.0,7.0,14.0,23.0,6.0,11.0,11.0,6.0,9.0,11.0,2.0,26.0,29.0,36.0,49.0,3.0,9.0
2021,3,23,1,142,47,3,4,12,0,97000000,25.4,35.0,3.0,23.0,4.0,9.0,25.0,6.0,35.0,32.0,9.0,43.0,35.0,11.0,44.0,47.0,44.0,1.0,2.0,10.0,10.0,6.0,11.0,21.0,406.0,112.0,53.0,21.0,67.0,70.0,7.0,14.0,20.0,9.0,17.0,25.0,10.0,15.0,25.0,9.0,16.0,26.0,6.0,13.0,23.0,7.0,11.0,11.0,7.0,8.0,11.0,10.0,12.0,37.0,49.0,50.0,3.0,8.0
2021,3,26,4,158,40,3,3,11,1,115000000,43.0,22.5,2.0,3.0,23.0,26.0,9.0,25.0,29.0,35.0,32.0,36.0,43.0,35.0,49.0,44.0,47.0,3.0,1.0,2.0,9.0,10.0,6.0,154.0,28.0,49.0,1050.0,94.0,3.0,59.0,8.0,15.0,20.0,9.0,16.0,25.0,10.0,15.0,25.0,10.0,16.0,27.0,7.0,14.0,23.0,7.0,11.0,11.0,8.0,8.0,11.0,24.0,27.0,28.0,29.0,42.0,4.0,8.0
2021,3,30,1,150,18,3,4,12,2,125000000,48.6,42.5,10.0,2.0,3.0,12.0,26.0,9.0,37.0,29.0,35.0,49.0,36.0,43.0,50.0,49.0,44.0,3.0,3.0,1.0,8.0,9.0,10.0,413.0,70.0,154.0,32.0,60.0,81.0,4.0,8.0,15.0,21.0,9.0,15.0,25.0,10.0,16.0,24.0,9.0,16.0,27.0,7.0,14.0,23.0,8.0,11.0,11.0,7.0,8.0,11.0,4.0,21.0,34.0,40.0,47.0,2.0,5.0
2021,4,2,4,146,43,3,3,7,1,144000000,41.6,45.0,24.0,10.0,2.0,27.0,12.0,26.0,28.0,37.0,29.0,29.0,49.0,36.0,42.0,50.0,49.0,4.0,3.0,3.0,8.0,8.0,9.0,21.0,98.0,189.0,94.0,17.0,17.0,98.0,7.0,15.0,20.0,10.0,15.0,25.0,10.0,17.0,25.0,10.0,17.0,27.0,7.0,14.0,23.0,8.0,11.0,11.0,8.0,9.0,11.0,2.0,21.0,37.0,38.0,50.0,7.0,8.0
2021,4,6,1,148,48,3,3,15,1,17000000,20.6,19.5,4.0,24.0,10.0,21.0,27.0,12.0,34.0,28.0,37.0,40.0,29.0,49.0,47.0,42.0,50.0,2.0,4.0,3.0,5.0,8.0,8.0,14.0,4.0,11.0,63.0,11.0,32.0,7.0,7.0,15.0,20.0,9.0,15.0,24.0,9.0,17.0,25.0,10.0,16.0,27.0,7.0,14.0,23.0,7.0,11.0,11.0,7.0,9.0,11.0,2.0,8.0,32.0,35.0,44.0,8.0,11.0
2021,4,9,4,121,42,4,3,19,1,31000000,29.2,15.5,2.0,4.0,24.0,21.0,21.0,27.0,37.0,34.0,28.0,38.0,40.0,29.0,50.0,47.0,42.0,7.0,2.0,4.0,8.0,5.0,8.0,3.0,220.0,24.0,24.0,21.0,56.0,28.0,7.0,15.0,19.0,9.0,16.0,25.0,8.0,16.0,25.0,9.0,15.0,27.0,6.0,13.0,23.0,8.0,11.0,11.0,7.0,9.0,11.0,16.0,20.0,31.0,47.0,50.0,2.0,8.0
2021,4,13,1,164,34,3,3,10,2,42000000,37.2,7.5,2.0,2.0,4.0,8.0,21.0,21.0,32.0,37.0,34.0,35.0,38.0,40.0,44.0,50.0,47.0,8.0,7.0,2.0,11.0,8.0,5.0,102.0,70.0,84.0,133.0,7.0,11.0,7.0,7.0,16.0,19.0,9.0,16.0,25.0,8.0,16.0,24.0,9.0,16.0,27.0,5.0,13.0,23.0,7.0,11.0,11.0,6.0,9.0,10.0,6.0,11.0,29.0,40.0,48.0,5.0,9.0
2021,4,16,4,134,42,3,3,14,0,58000000,28.6,19.0,16.0,2.0,2.0,20.0,8.0,21.0,31.0,32.0,37.0,47.0,35.0,38.0,50.0,44.0,50.0,2.0,8.0,7.0,8.0,11.0,8.0,49.0,315.0,24.0,14.0,42.0,87.0,24.0,8.0,15.0,19.0,9.0,17.0,26.0,7.0,16.0,23.0,8.0,16.0,27.0,6.0,12.0,22.0,7.0,11.0,11.0,6.0,9.0,10.0,5.0,17.0,28.0,41.0,46.0,10.0,11.0
2021,4,20,1,137,41,2,3,21,1,69000000,67.6,21.5,6.0,16.0,2.0,11.0,20.0,8.0,29.0,31.0,32.0,40.0,47.0,35.0,48.0,50.0,44.0,5.0,2.0,8.0,9.0,8.0,11.0,63.0,284.0,21.0,102.0,133.0,39.0,11.0,8.0,14.0,18.0,9.0,18.0,26.0,7.0,15.0,23.0,9.0,17.0,27.0,7.0,13.0,22.0,8.0,11.0,11.0,5.0,9.0,10.0,3.0,14.0,15.0,19.0,29.0,2.0,8.0
2021,4,23,4,80,26,1,1,10,2,17000000,82.4,10.0,5.0,6.0,16.0,17.0,11.0,20.0,28.0,29.0,31.0,41.0,40.0,47.0,46.0,48.0,50.0,10.0,5.0,2.0,11.0,9.0,8.0,35.0,192.0,185.0,329.0,696.0,10.0,10.0,8.0,14.0,18.0,9.0,18.0,27.0,7.0,16.0,23.0,9.0,17.0,27.0,8.0,13.0,22.0,7.0,11.0,11.0,4.0,9.0,10.0,13.0,14.0,24.0,35.0,49.0,1.0,10.0
2021,4,27,1,135,36,2,2,11,1,26000000,42.4,23.0,3.0,5.0,6.0,14.0,17.0,11.0,15.0,28.0,29.0,19.0,41.0,40.0,29.0,46.0,48.0,2.0,10.0,5.0,8.0,11.0,9.0,182.0,4.0,56.0,18.0,35.0,39.0,39.0,9.0,15.0,19.0,8.0,18.0,27.0,8.0,15.0,23.0,8.0,17.0,26.0,8.0,13.0,22.0,8.0,11.0,11.0,5.0,9.0,10.0,1.0,16.0,24.0,28.0,46.0,2.0,11.0
2021,4,30,4,115,45,4,2,13,1,42000000,18.4,8.5,13.0,3.0,5.0,14.0,14.0,17.0,24.0,15.0,28.0,35.0,19.0,41.0,49.0,29.0,46.0,1.0,2.0,10.0,10.0,8.0,11.0,52.0,52.0,3.0,168.0,10.0,7.0,10.0,9.0,14.0,19.0,8.0,18.0,27.0,8.0,15.0,23.0,8.0,18.0,26.0,8.0,13.0,22.0,7.0,11.0,11.0,5.0,9.0,10.0,3.0,10.0,13.0,28.0,46.0,4.0,11.0
2021,5,4,1,100,43,3,2,15,1,53000000,13.0,19.5,1.0,13.0,3.0,16.0,14.0,14.0,24.0,24.0,15.0,28.0,35.0,19.0,46.0,49.0,29.0,2.0,1.0,2.0,11.0,10.0,8.0,11.0,84.0,137.0,4.0,4.0,35.0,4.0,8.0,13.0,19.0,8.0,18.0,27.0,9.0,16.0,23.0,7.0,17.0,26.0,7.0,13.0,22.0,7.0,11.0,11.0,5.0,9.0,10.0,14.0,22.0,33.0,38.0,47.0,8.0,9.0
2021,5,7,4,154,33,3,3,17,1,69000000,38.8,17.5,3.0,1.0,13.0,10.0,16.0,14.0,13.0,24.0,24.0,28.0,28.0,35.0,46.0,46.0,49.0,4.0,2.0,1.0,11.0,11.0,10.0,154.0,245.0,458.0,31.0,35.0,28.0,21.0,8.0,14.0,19.0,9.0,19.0,28.0,9.0,17.0,23.0,7.0,16.0,26.0,7.0,12.0,21.0,7.0,10.0,11.0,4.0,9.0,10.0,14.0,25.0,34.0,43.0,46.0,5.0,6.0
2021,5,11,1,162,32,3,3,11,1,17000000,31.8,40.5,14.0,3.0,1.0,22.0,10.0,16.0,33.0,13.0,24.0,38.0,28.0,28.0,47.0,46.0,46.0,8.0,4.0,2.0,9.0,11.0,11.0,4.0,56.0,39.0,53.0,7.0,25.0,56.0,8.0,13.0,19.0,9.0,18.0,28.0,9.0,17.0,23.0,8.0,16.0,26.0,7.0,11.0,21.0,6.0,10.0,11.0,5.0,9.0,10.0,6.0,16.0,18.0,29.0,38.0,6.0,11.0
2021,5,14,4,107,32,4,2,17,1,30000000,30.0,6.5,14.0,14.0,3.0,25.0,22.0,10.0,34.0,33.0,13.0,43.0,38.0,28.0,46.0,47.0,46.0,5.0,8.0,4.0,6.0,9.0,11.0,28.0,14.0,122.0,45.0,161.0,73.0,10.0,7.0,13.0,18.0,8.0,18.0,27.0,9.0,18.0,23.0,9.0,16.0,25.0,7.0,11.0,21.0,7.0,10.0,11.0,5.0,9.0,10.0,5.0,13.0,38.0,39.0,40.0,4.0,12.0
2021,5,18,1,135,35,2,3,16,2,41000000,30.4,42.0,6.0,14.0,14.0,16.0,25.0,22.0,18.0,34.0,33.0,29.0,43.0,38.0,38.0,46.0,47.0,6.0,5.0,8.0,11.0,6.0,9.0,28.0,154.0,175.0,84.0,112.0,14.0,70.0,6.0,13.0,18.0,8.0,19.0,26.0,9.0,18.0,23.0,9.0,16.0,25.0,7.0,12.0,21.0,7.0,10.0,11.0,6.0,9.0,10.0,2.0,9.0,13.0,15.0,35.0,3.0,10.0
2021,5,21,4,74,33,1,1,13,1,55000000,32.0,40.0,5.0,6.0,14.0,13.0,16.0,25.0,38.0,18.0,34.0,39.0,29.0,43.0,40.0,38.0,46.0,4.0,6.0,5.0,12.0,11.0,6.0,42.0,63.0,17.0,290.0,129.0,56.0,24.0,7.0,12.0,18.0,8.0,18.0,26.0,8.0,17.0,22.0,9.0,17.0,25.0,7.0,12.0,20.0,8.0,10.0,11.0,6.0,8.0,10.0,1.0,21.0,26.0,30.0,38.0,2.0,8.0
2021,5,25,1,116,37,3,3,10,2,65000000,47.0,21.5,2.0,5.0,6.0,9.0,13.0,16.0,13.0,38.0,18.0,15.0,39.0,29.0,35.0,40.0,38.0,3.0,4.0,6.0,10.0,12.0,11.0,25.0,49.0,392.0,151.0,11.0,25.0,32.0,7.0,12.0,18.0,8.0,18.0,26.0,8.0,17.0,23.0,9.0,18.0,25.0,7.0,12.0,20.0,7.0,10.0,11.0,6.0,8.0,10.0,11.0,13.0,16.0,34.0,40.0,1.0,12.0
2021,5,28,4,114,29,3,2,13,1,78000000,18.0,20.5,1.0,2.0,5.0,21.0,9.0,13.0,26.0,13.0,38.0,30.0,15.0,39.0,38.0,35.0,40.0,2.0,3.0,4.0,8.0,10.0,12.0,231.0,10.0,157.0,136.0,10.0,31.0,10.0,8.0,13.0,19.0,8.0,17.0,26.0,8.0,18.0,23.0,9.0,18.0,25.0,6.0,12.0,20.0,7.0,10.0,11.0,6.0,7.0,10.0,3.0,10.0,26.0,35.0,44.0,6.0,7.0
2021,6,1,1,118,41,3,3,13,1,88000000,25.4,37.0,11.0,1.0,2.0,13.0,21.0,9.0,16.0,26.0,13.0,34.0,30.0,15.0,40.0,38.0,35.0,1.0,2.0,3.0,12.0,8.0,10.0,28.0,28.0,7.0,35.0,53.0,18.0,91.0,7.0,13.0,19.0,7.0,16.0,25.0,8.0,17.0,23.0,9.0,17.0,25.0,6.0,12.0,20.0,7.0,10.0,11.0,7.0,8.0,10.0,7.0,20.0,36.0,40.0,46.0,2.0,4.0
2021,6,4,4,149,39,4,3,6,2,130000000,53.6,13.5,3.0,11.0,1.0,10.0,13.0,21.0,26.0,16.0,26.0,35.0,34.0,30.0,44.0,40.0,38.0,6.0,1.0,2.0,7.0,12.0,8.0,112.0,52.0,241.0,49.0,24.0,10.0,227.0,8.0,14.0,19.0,8.0,16.0,25.0,8.0,17.0,24.0,10.0,16.0,24.0,6.0,11.0,19.0,7.0,9.0,11.0,8.0,9.0,11.0,2.0,11.0,26.0,36.0,47.0,7.0,9.0
2021,6,8,1,122,45,3,3,16,0,17000000,14.4,19.5,7.0,3.0,11.0,20.0,10.0,13.0,36.0,26.0,16.0,40.0,35.0,34.0,46.0,44.0,40.0,2.0,6.0,1.0,4.0,7.0,12.0,18.0,53.0,7.0,77.0,32.0,63.0,32.0,8.0,14.0,19.0,9.0,15.0,25.0,8.0,16.0,24.0,10.0,15.0,24.0,6.0,11.0,19.0,8.0,9.0,11.0,8.0,9.0,10.0,9.0,17.0,21.0,33.0,39.0,7.0,11.0
2021,6,11,4,119,30,0,2,18,0,30000000,29.8,15.5,2.0,7.0,3.0,11.0,20.0,10.0,26.0,36.0,26.0,36.0,40.0,35.0,47.0,46.0,44.0,7.0,2.0,6.0,9.0,4.0,7.0,108.0,52.0,94.0,283.0,290.0,3.0,28.0,9.0,14.0,19.0,9.0,15.0,24.0,8.0,17.0,24.0,10.0,16.0,24.0,7.0,12.0,19.0,7.0,9.0,11.0,8.0,9.0,10.0,11.0,21.0,26.0,30.0,31.0,2.0,3.0
2021,6,15,1,119,20,2,3,5,1,17000000,20.4,18.0,9.0,2.0,7.0,17.0,11.0,20.0,21.0,26.0,36.0,33.0,36.0,40.0,39.0,47.0,46.0,7.0,7.0,2.0,11.0,9.0,4.0,18.0,21.0,7.0,21.0,214.0,11.0,112.0,8.0,14.0,19.0,8.0,15.0,24.0,7.0,16.0,24.0,9.0,16.0,23.0,8.0,13.0,20.0,6.0,9.0,11.0,8.0,10.0,10.0,11.0,20.0,27.0,30.0,41.0,3.0,5.0
2021,6,18,4,129,30,2,3,8,0,30000000,31.8,20.5,11.0,9.0,2.0,21.0,17.0,11.0,26.0,21.0,26.0,30.0,33.0,36.0,31.0,39.0,47.0,2.0,7.0,7.0,3.0,11.0,9.0,3.0,14.0,140.0,3.0,189.0,28.0,77.0,7.0,14.0,19.0,7.0,14.0,24.0,7.0,17.0,24.0,8.0,16.0,23.0,9.0,14.0,20.0,6.0,9.0,11.0,9.0,10.0,10.0,6.0,24.0,26.0,27.0,41.0,3.0,8.0
2021,6,22,1,124,35,3,3,11,1,40000000,21.4,16.0,11.0,11.0,9.0,20.0,21.0,17.0,27.0,26.0,21.0,30.0,30.0,33.0,41.0,31.0,39.0,3.0,2.0,7.0,5.0,3.0,11.0,39.0,326.0,7.0,396.0,4.0,4.0,28.0,7.0,13.0,19.0,8.0,14.0,24.0,6.0,17.0,24.0,8.0,16.0,24.0,9.0,14.0,20.0,5.0,9.0,11.0,9.0,10.0,10.0,1.0,29.0,30.0,33.0,36.0,3.0,12.0
2021,6,25,4,129,35,2,4,15,1,54000000,22.2,15.5,6.0,11.0,11.0,24.0,20.0,21.0,26.0,27.0,26.0,27.0,30.0,30.0,41.0,41.0,31.0,3.0,3.0,2.0,8.0,5.0,3.0,31.0,217.0,122.0,14.0,133.0,3.0,28.0,7.0,12.0,19.0,8.0,14.0,24.0,6.0,18.0,24.0,7.0,16.0,24.0,9.0,14.0,20.0,5.0,9.0,11.0,8.0,10.0,10.0,6.0,12.0,20.0,24.0,48.0,5.0,6.0
2021,6,29,1,110,42,5,1,11,1,64000000,38.8,19.5,1.0,6.0,11.0,29.0,24.0,20.0,30.0,26.0,27.0,33.0,27.0,30.0,36.0,41.0,41.0,3.0,3.0,3.0,12.0,8.0,5.0,7.0,95.0,242.0,200.0,74.0,49.0,49.0,7.0,11.0,19.0,9.0,15.0,23.0,7.0,19.0,25.0,8.0,17.0,25.0,9.0,14.0,20.0,6.0,9.0,11.0,9.0,10.0,10.0,9.0,14.0,29.0,38.0,49.0,7.0,10.0
2021,7,2,4,139,40,2,3,17,1,77000000,36.8,31.5,6.0,1.0,6.0,12.0,29.0,24.0,20.0,30.0,26.0,24.0,33.0,27.0,48.0,36.0,41.0,5.0,3.0,3.0,6.0,12.0,8.0,21.0,66.0,77.0,56.0,66.0,21.0,42.0,7.0,11.0,19.0,9.0,15.0,23.0,7.0,18.0,25.0,8.0,17.0,25.0,9.0,14.0,20.0,5.0,9.0,11.0,10.0,10.0,10.0,2.0,5.0,21.0,27.0,42.0,9.0,11.0
2021,7,6,1,97,40,2,2,20,0,17000000,42.0,26.5,9.0,6.0,1.0,14.0,12.0,29.0,29.0,20.0,30.0,38.0,24.0,33.0,49.0,48.0,36.0,7.0,5.0,3.0,10.0,6.0,12.0,28.0,123.0,25.0,14.0,98.0,147.0,25.0,6.0,11.0,19.0,9.0,15.0,23.0,7.0,17.0,25.0,7.0,17.0,25.0,9.0,15.0,20.0,5.0,10.0,11.0,9.0,10.0,10.0,6.0,19.0,36.0,37.0,49.0,4.0,11.0
2021,7,9,4,147,43,2,3,15,1,17000000,40.4,19.0,2.0,9.0,6.0,5.0,14.0,12.0,21.0,29.0,20.0,27.0,38.0,24.0,42.0,49.0,48.0,9.0,7.0,5.0,11.0,10.0,6.0,10.0,129.0,35.0,164.0,7.0,52.0,3.0,5.0,10.0,19.0,10.0,16.0,23.0,7.0,16.0,25.0,7.0,17.0,25.0,8.0,14.0,20.0,6.0,10.0,11.0,8.0,10.0,10.0,5.0,6.0,8.0,11.0,22.0,3.0,4.0
2021,7,13,1,52,17,3,0,7,1,26000000,39.6,11.0,6.0,2.0,9.0,19.0,5.0,14.0,36.0,21.0,29.0,37.0,27.0,38.0,49.0,42.0,49.0,4.0,9.0,7.0,11.0,11.0,10.0,56.0,123.0,228.0,123.0,5254.0,18.0,39.0,6.0,10.0,18.0,10.0,17.0,23.0,8.0,17.0,26.0,7.0,18.0,25.0,8.0,15.0,20.0,6.0,10.0,11.0,8.0,10.0,10.0,5.0,16.0,42.0,47.0,49.0,3.0,11.0
2021,7,16,4,159,44,2,3,14,0,17000000,21.4,5.0,5.0,6.0,2.0,6.0,19.0,5.0,8.0,36.0,21.0,11.0,37.0,27.0,22.0,49.0,42.0,3.0,4.0,9.0,4.0,11.0,11.0,3.0,63.0,175.0,94.0,7.0,3.0,7.0,6.0,10.0,17.0,10.0,17.0,23.0,9.0,17.0,26.0,8.0,18.0,25.0,7.0,15.0,20.0,6.0,9.0,11.0,8.0,10.0,10.0,3.0,12.0,19.0,41.0,48.0,6.0,9.0
2021,7,20,1,123,45,2,2,15,1,26000000,26.0,17.5,5.0,5.0,6.0,16.0,6.0,19.0,42.0,8.0,36.0,47.0,11.0,37.0,49.0,22.0,49.0,3.0,3.0,4.0,11.0,4.0,11.0,49.0,21.0,270.0,91.0,21.0,49.0,42.0,7.0,10.0,17.0,9.0,17.0,22.0,10.0,17.0,27.0,9.0,18.0,25.0,6.0,14.0,20.0,6.0,9.0,11.0,8.0,10.0,10.0,23.0,24.0,26.0,34.0,50.0,2.0,4.0
2021,7,23,4,157,27,4,3,6,2,39000000,68.2,24.0,3.0,5.0,5.0,12.0,16.0,6.0,19.0,42.0,8.0,41.0,47.0,11.0,48.0,49.0,22.0,6.0,3.0,3.0,9.0,11.0,4.0,129.0,31.0,31.0,56.0,101.0,38.0,10.0,7.0,10.0,17.0,8.0,17.0,22.0,9.0,17.0,27.0,9.0,18.0,25.0,7.0,15.0,20.0,7.0,9.0,11.0,7.0,10.0,10.0,5.0,9.0,19.0,21.0,25.0,10.0,12.0
2021,7,27,1,79,20,0,0,22,2,48000000,28.2,28.5,23.0,3.0,5.0,24.0,12.0,16.0,26.0,19.0,42.0,34.0,41.0,47.0,50.0,48.0,49.0,2.0,6.0,3.0,4.0,9.0,11.0,11.0,67.0,7.0,270.0,1390.0,98.0,32.0,7.0,10.0,16.0,9.0,17.0,22.0,9.0,16.0,27.0,10.0,19.0,26.0,7.0,16.0,21.0,8.0,10.0,11.0,6.0,10.0,10.0,10.0,23.0,33.0,35.0,37.0,5.0,10.0
2021,7,30,4,138,27,1,3,15,1,62000000,36.2,17.0,5.0,23.0,3.0,9.0,24.0,12.0,19.0,26.0,19.0,21.0,34.0,41.0,25.0,50.0,48.0,10.0,2.0,6.0,12.0,4.0,9.0,126.0,168.0,84.0,59.0,171.0,31.0,28.0,7.0,11.0,15.0,9.0,18.0,22.0,9.0,16.0,27.0,10.0,18.0,25.0,7.0,17.0,21.0,8.0,10.0,11.0,6.0,10.0,10.0,17.0,21.0,23.0,45.0,46.0,7.0,11.0
2021,8,3,1,152,29,1,2,18,0,71000000,57.0,25.0,10.0,5.0,23.0,23.0,9.0,24.0,33.0,19.0,26.0,35.0,21.0,34.0,37.0,25.0,50.0,5.0,10.0,2.0,10.0,12.0,4.0,879.0,49.0,389.0,417.0,60.0,32.0,18.0,8.0,12.0,16.0,10.0,17.0,22.0,9.0,17.0,28.0,10.0,19.0,25.0,8.0,17.0,21.0,8.0,9.0,11.0,5.0,10.0,10.0,7.0,14.0,21.0,26.0,32.0,4.0,12.0
2021,8,6,4,100,25,3,2,16,2,84000000,46.8,12.0,17.0,10.0,5.0,21.0,23.0,9.0,23.0,33.0,19.0,45.0,35.0,21.0,46.0,37.0,25.0,7.0,5.0,10.0,11.0,10.0,12.0,63.0,35.0,31.0,157.0,224.0,28.0,10.0,8.0,11.0,16.0,10.0,16.0,22.0,8.0,16.0,28.0,10.0,19.0,25.0,9.0,18.0,22.0,8.0,9.0,11.0,5.0,10.0,10.0,9.0,37.0,47.0,48.0,49.0,2.0,7.0
2021,8,10,1,190,40,1,4,9,1,94000000,19.2,12.5,7.0,17.0,10.0,14.0,21.0,23.0,21.0,23.0,33.0,26.0,45.0,35.0,32.0,46.0,37.0,4.0,7.0,5.0,12.0,11.0,10.0,39.0,655.0,1736.0,263.0,25.0,18.0,70.0,8.0,11.0,16.0,10.0,17.0,23.0,9.0,16.0,29.0,10.0,19.0,26.0,8.0,18.0,21.0,7.0,9.0,11.0,6.0,10.0,10.0,6.0,12.0,44.0,47.0,49.0,8.0,12.0
2021,8,13,4,158,43,3,3,20,2,110000000,26.8,29.5,9.0,7.0,17.0,37.0,14.0,21.0,47.0,21.0,23.0,48.0,26.0,45.0,49.0,32.0,46.0,2.0,4.0,7.0,7.0,12.0,11.0,35.0,24.0,3125.0,28.0,3.0,98.0,7.0,8.0,11.0,16.0,9.0,17.0,23.0,9.0,16.0,29.0,9.0,18.0,26.0,8.0,18.0,21.0,8.0,10.0,11.0,6.0,10.0,10.0,12.0,31.0,41.0,42.0,47.0,4.0,6.0
2021,8,17,1,173,35,2,4,10,2,17000000,26.2,19.5,6.0,9.0,7.0,12.0,37.0,14.0,44.0,47.0,21.0,47.0,48.0,26.0,49.0,49.0,32.0,8.0,2.0,4.0,12.0,7.0,12.0,193.0,595.0,690.0,238.0,70.0,11.0,49.0,9.0,12.0,17.0,9.0,18.0,23.0,9.0,16.0,30.0,9.0,18.0,27.0,8.0,17.0,20.0,8.0,10.0,11.0,7.0,10.0,10.0,3.0,9.0,19.0,20.0,23.0,9.0,11.0
2021,8,20,4,74,20,1,0,20,0,29000000,26.8,24.0,12.0,6.0,9.0,31.0,12.0,37.0,41.0,44.0,47.0,42.0,47.0,48.0,47.0,49.0,49.0,4.0,8.0,2.0,6.0,12.0,7.0,31.0,24.0,24.0,290.0,301.0,45.0,17.0,9.0,12.0,17.0,8.0,18.0,23.0,8.0,16.0,29.0,10.0,19.0,28.0,9.0,17.0,21.0,8.0,10.0,11.0,7.0,10.0,10.0,19.0,21.0,36.0,44.0,50.0,3.0,10.0
2021,8,24,1,170,31,3,3,13,1,39000000,22.2,32.0,3.0,12.0,6.0,9.0,31.0,12.0,19.0,41.0,44.0,20.0,42.0,47.0,23.0,47.0,49.0,9.0,4.0,8.0,11.0,6.0,12.0,333.0,21.0,46.0,200.0,32.0,39.0,25.0,10.0,13.0,18.0,8.0,17.0,23.0,9.0,15.0,29.0,10.0,20.0,29.0,8.0,16.0,21.0,8.0,9.0,11.0,6.0,10.0,10.0,2.0,3.0,31.0,46.0,50.0,8.0,12.0
2021,8,27,4,132,48,3,3,20,2,53000000,19.2,14.0,19.0,3.0,12.0,21.0,9.0,31.0,36.0,19.0,41.0,44.0,20.0,42.0,50.0,23.0,47.0,3.0,9.0,4.0,10.0,11.0,6.0,52.0,252.0,136.0,175.0,3.0,14.0,14.0,10.0,13.0,18.0,8.0,17.0,24.0,9.0,16.0,28.0,10.0,21.0,29.0,8.0,15.0,21.0,8.0,9.0,11.0,5.0,10.0,10.0,5.0,13.0,17.0,32.0,43.0,2.0,10.0
2021,8,31,1,110,38,1,2,12,2,64000000,59.0,14.0,2.0,19.0,3.0,3.0,21.0,9.0,31.0,36.0,19.0,46.0,44.0,20.0,50.0,50.0,23.0,8.0,3.0,9.0,12.0,10.0,11.0,35.0,95.0,291.0,175.0,224.0,21.0,7.0,10.0,13.0,18.0,9.0,18.0,24.0,10.0,17.0,29.0,10.0,21.0,29.0,8.0,16.0,21.0,7.0,9.0,10.0,5.0,10.0,10.0,5.0,7.0,13.0,29.0,35.0,3.0,7.0
2021,9,3,4,89,30,0,2,10,0,17000000,26.4,17.0,5.0,2.0,19.0,13.0,3.0,21.0,17.0,31.0,36.0,32.0,46.0,44.0,43.0,50.0,50.0,2.0,8.0,3.0,10.0,12.0,10.0,3.0,220.0,105.0,112.0,105.0,10.0,24.0,9.0,13.0,18.0,9.0,18.0,25.0,10.0,18.0,28.0,10.0,21.0,29.0,8.0,17.0,21.0,6.0,9.0,10.0,5.0,10.0,10.0,7.0,19.0,35.0,42.0,43.0,7.0,9.0
2021,9,7,1,146,36,1,3,16,0,26000000,10.0,11.0,5.0,5.0,2.0,7.0,13.0,3.0,13.0,17.0,31.0,29.0,32.0,46.0,35.0,43.0,50.0,3.0,2.0,8.0,7.0,10.0,12.0,32.0,60.0,172.0,21.0,7.0,35.0,49.0,8.0,13.0,18.0,10.0,17.0,25.0,10.0,19.0,28.0,9.0,21.0,29.0,7.0,16.0,21.0,6.0,9.0,10.0,6.0,10.0,10.0,1.0,6.0,7.0,18.0,28.0,2.0,8.0
2021,9,10,4,60,27,3,1,10,2,17000000,71.2,12.0,7.0,5.0,5.0,19.0,7.0,13.0,35.0,13.0,17.0,42.0,29.0,32.0,43.0,35.0,43.0,7.0,3.0,2.0,9.0,7.0,10.0,77.0,59.0,1477.0,787.0,315.0,10.0,80.0,9.0,13.0,18.0,10.0,17.0,25.0,10.0,20.0,29.0,9.0,22.0,30.0,7.0,16.0,22.0,6.0,9.0,10.0,7.0,9.0,10.0,12.0,18.0,35.0,38.0,45.0,2.0,8.0
2021,9,14,1,148,33,3,3,10,2,26000000,31.0,4.0,1.0,7.0,5.0,6.0,19.0,7.0,7.0,35.0,13.0,18.0,42.0,29.0,28.0,43.0,35.0,2.0,7.0,3.0,8.0,9.0,7.0,28.0,203.0,7.0,74.0,203.0,4.0,4.0,8.0,12.0,18.0,10.0,17.0,25.0,9.0,19.0,29.0,9.0,21.0,30.0,8.0,17.0,23.0,6.0,9.0,10.0,7.0,8.0,10.0,5.0,7.0,8.0,10.0,34.0,1.0,9.0
2021,9,17,4,64,29,3,1,10,0,39000000,38.4,61.0,12.0,1.0,7.0,18.0,6.0,19.0,35.0,7.0,35.0,38.0,18.0,42.0,45.0,28.0,43.0,2.0,2.0,7.0,8.0,8.0,9.0,14.0,14.0,66.0,3069.0,416.0,112.0,10.0,7.0,12.0,18.0,9.0,17.0,25.0,9.0,19.0,29.0,9.0,22.0,30.0,8.0,17.0,24.0,7.0,10.0,10.0,7.0,8.0,10.0,20.0,25.0,26.0,30.0,38.0,2.0,8.0
2021,9,21,1,139,18,4,3,10,2,49000000,45.8,7.0,5.0,12.0,1.0,7.0,18.0,6.0,8.0,35.0,7.0,10.0,38.0,18.0,34.0,45.0,28.0,1.0,2.0,2.0,9.0,8.0,8.0,763.0,133.0,60.0,95.0,119.0,7.0,7.0,8.0,13.0,18.0,9.0,17.0,24.0,9.0,18.0,29.0,10.0,22.0,30.0,8.0,17.0,24.0,6.0,10.0,10.0,6.0,8.0,10.0,2.0,12.0,20.0,27.0,41.0,10.0,12.0
2021,9,24,4,102,39,3,2,22,2,130000000,31.8,26.0,20.0,5.0,12.0,25.0,7.0,18.0,26.0,8.0,35.0,30.0,10.0,38.0,38.0,34.0,45.0,2.0,1.0,2.0,8.0,9.0,8.0,28.0,42.0,87.0,80.0,94.0,59.0,28.0,7.0,13.0,17.0,9.0,17.0,24.0,9.0,18.0,29.0,10.0,21.0,30.0,8.0,18.0,24.0,6.0,10.0,10.0,5.0,8.0,10.0,6.0,7.0,12.0,33.0,39.0,1.0,7.0
2021,9,28,1,97,33,2,2,8,0,143000000,40.4,16.0,2.0,20.0,5.0,12.0,25.0,7.0,20.0,26.0,8.0,27.0,30.0,10.0,41.0,38.0,34.0,10.0,2.0,1.0,12.0,8.0,9.0,46.0,11.0,459.0,95.0,109.0,11.0,25.0,7.0,13.0,17.0,8.0,17.0,24.0,9.0,18.0,29.0,10.0,22.0,30.0,9.0,19.0,24.0,6.0,10.0,10.0,5.0,8.0,10.0,1.0,15.0,19.0,26.0,48.0,6.0,12.0
2021,10,1,4,109,47,2,2,18,2,163000000,48.0,26.0,6.0,2.0,20.0,7.0,12.0,25.0,12.0,20.0,26.0,33.0,27.0,30.0,39.0,41.0,38.0,1.0,10.0,2.0,7.0,12.0,8.0,21.0,339.0,42.0,56.0,73.0,73.0,7.0,7.0,13.0,17.0,8.0,17.0,24.0,9.0,18.0,28.0,10.0,22.0,30.0,9.0,18.0,24.0,6.0,10.0,10.0,5.0,8.0,10.0,11.0,13.0,14.0,36.0,45.0,7.0,9.0
2021,10,5,1,119,34,2,2,16,0,178000000,47.8,12.5,1.0,6.0,2.0,15.0,7.0,12.0,19.0,12.0,20.0,26.0,33.0,27.0,48.0,39.0,41.0,6.0,1.0,10.0,12.0,7.0,12.0,109.0,35.0,420.0,119.0,21.0,28.0,18.0,8.0,14.0,16.0,8.0,17.0,24.0,9.0,19.0,29.0,10.0,22.0,30.0,9.0,18.0,24.0,6.0,10.0,10.0,4.0,8.0,10.0,1.0,10.0,23.0,42.0,46.0,3.0,5.0
2021,10,8,4,122,45,3,2,8,0,202000000,30.0,52.5,11.0,1.0,6.0,13.0,15.0,7.0,14.0,19.0,12.0,36.0,26.0,33.0,45.0,48.0,39.0,7.0,6.0,1.0,9.0,12.0,7.0,7.0,129.0,66.0,31.0,66.0,35.0,112.0,8.0,14.0,16.0,9.0,18.0,24.0,9.0,19.0,29.0,9.0,21.0,30.0,9.0,17.0,24.0,6.0,10.0,10.0,5.0,9.0,10.0,6.0,13.0,22.0,45.0,49.0,10.0,11.0
2021,10,12,1,135,43,2,2,21,1,220000000,35.8,35.5,1.0,11.0,1.0,10.0,13.0,15.0,23.0,14.0,19.0,42.0,36.0,26.0,46.0,45.0,48.0,3.0,7.0,6.0,5.0,9.0,12.0,14.0,7.0,228.0,70.0,60.0,18.0,53.0,7.0,14.0,16.0,8.0,17.0,24.0,10.0,19.0,29.0,10.0,21.0,30.0,9.0,17.0,24.0,6.0,10.0,10.0,6.0,9.0,10.0,21.0,26.0,31.0,34.0,49.0,2.0,5.0
2021,10,15,4,161,28,2,4,7,1,220000000,29.2,15.5,6.0,1.0,11.0,13.0,10.0,13.0,22.0,23.0,14.0,45.0,42.0,36.0,49.0,46.0,45.0,10.0,3.0,7.0,11.0,5.0,9.0,441.0,206.0,49.0,84.0,3.0,24.0,7.0,8.0,15.0,17.0,8.0,18.0,25.0,10.0,19.0,28.0,10.0,20.0,29.0,8.0,17.0,23.0,6.0,10.0,10.0,6.0,9.0,10.0,4.0,20.0,36.0,40.0,41.0,1.0,6.0
2021,10,19,1,141,37,4,3,7,1,17000000,80.2,19.5,21.0,6.0,1.0,26.0,13.0,10.0,31.0,22.0,23.0,34.0,45.0,42.0,49.0,49.0,46.0,2.0,10.0,3.0,5.0,11.0,5.0,200.0,123.0,56.0,137.0,25.0,21.0,63.0,8.0,15.0,17.0,8.0,18.0,25.0,10.0,19.0,28.0,10.0,21.0,29.0,8.0,17.0,23.0,6.0,10.0,10.0,7.0,8.0,10.0,12.0,17.0,22.0,33.0,39.0,2.0,12.0
2021,10,22,4,123,27,2,2,14,2,30000000,26.8,14.0,4.0,21.0,6.0,20.0,26.0,13.0,36.0,31.0,22.0,40.0,34.0,45.0,41.0,49.0,49.0,1.0,2.0,10.0,6.0,5.0,11.0,38.0,133.0,10.0,24.0,24.0,7.0,21.0,8.0,15.0,17.0,9.0,19.0,25.0,9.0,19.0,27.0,9.0,20.0,29.0,7.0,16.0,23.0,6.0,10.0,10.0,7.0,8.0,10.0,12.0,15.0,20.0,42.0,44.0,1.0,2.0
2021,10,26,1,133,32,4,2,3,1,40000000,23.4,5.5,12.0,4.0,21.0,17.0,20.0,26.0,22.0,36.0,31.0,33.0,40.0,34.0,39.0,41.0,49.0,2.0,1.0,2.0,12.0,6.0,5.0,4.0,25.0,32.0,18.0,147.0,7.0,315.0,7.0,14.0,17.0,8.0,18.0,25.0,8.0,18.0,27.0,8.0,19.0,28.0,7.0,16.0,23.0,6.0,9.0,10.0,7.0,9.0,11.0,10.0,15.0,28.0,32.0,49.0,3.0,9.0
2021,10,29,4,134,39,3,3,12,0,54000000,29.2,22.5,12.0,12.0,4.0,15.0,17.0,20.0,20.0,22.0,36.0,42.0,33.0,40.0,44.0,39.0,41.0,1.0,2.0,1.0,2.0,12.0,6.0,91.0,3.0,192.0,59.0,14.0,21.0,24.0,7.0,14.0,17.0,7.0,18.0,24.0,9.0,19.0,28.0,8.0,19.0,28.0,7.0,16.0,23.0,6.0,9.0,10.0,7.0,9.0,11.0,2.0,3.0,17.0,29.0,43.0,1.0,4.0
2021,11,2,1,94,41,1,2,5,1,66000000,46.6,42.0,10.0,12.0,12.0,15.0,15.0,17.0,28.0,20.0,22.0,32.0,42.0,33.0,49.0,44.0,39.0,3.0,1.0,2.0,9.0,2.0,12.0,39.0,67.0,63.0,60.0,56.0,7.0,102.0,8.0,14.0,16.0,7.0,17.0,24.0,9.0,18.0,27.0,9.0,19.0,27.0,8.0,15.0,23.0,6.0,9.0,10.0,7.0,10.0,11.0,2.0,12.0,25.0,30.0,41.0,8.0,11.0
2021,11,5,4,110,39,3,2,19,1,79000000,24.0,34.5,2.0,10.0,12.0,3.0,15.0,15.0,17.0,28.0,20.0,29.0,32.0,42.0,43.0,49.0,44.0,1.0,3.0,1.0,4.0,9.0,2.0,3.0,42.0,259.0,45.0,17.0,70.0,24.0,8.0,13.0,16.0,8.0,16.0,24.0,9.0,18.0,27.0,9.0,18.0,27.0,7.0,15.0,23.0,6.0,9.0,10.0,7.0,10.0,11.0,17.0,25.0,26.0,33.0,36.0,1.0,8.0
2021,11,9,1,137,19,2,3,9,1,89000000,15.0,5.5,2.0,2.0,10.0,12.0,3.0,15.0,25.0,17.0,28.0,30.0,29.0,32.0,41.0,43.0,49.0,8.0,1.0,3.0,11.0,4.0,9.0,98.0,49.0,49.0,18.0,137.0,7.0,49.0,8.0,14.0,16.0,9.0,16.0,24.0,9.0,17.0,26.0,8.0,17.0,26.0,7.0,16.0,23.0,5.0,9.0,10.0,8.0,10.0,11.0,2.0,9.0,15.0,47.0,50.0,6.0,9.0
2021,11,12,4,123,48,2,2,15,1,104000000,53.8,19.0,17.0,2.0,2.0,25.0,12.0,3.0,26.0,25.0,17.0,33.0,30.0,29.0,36.0,41.0,43.0,1.0,8.0,1.0,8.0,11.0,4.0,7.0,84.0,203.0,91.0,77.0,42.0,14.0,7.0,14.0,16.0,9.0,15.0,24.0,9.0,17.0,27.0,9.0,18.0,25.0,7.0,15.0,23.0,6.0,8.0,10.0,8.0,10.0,11.0,9.0,19.0,21.0,32.0,36.0,3.0,4.0
2021,11,16,1,117,27,2,2,7,1,115000000,21.4,16.0,2.0,17.0,2.0,9.0,25.0,12.0,15.0,26.0,25.0,47.0,33.0,30.0,50.0,36.0,41.0,6.0,1.0,8.0,9.0,8.0,11.0,98.0,70.0,102.0,18.0,7.0,18.0,14.0,7.0,14.0,16.0,9.0,15.0,24.0,10.0,18.0,27.0,8.0,17.0,25.0,7.0,14.0,23.0,5.0,7.0,10.0,8.0,10.0,11.0,22.0,26.0,38.0,47.0,50.0,2.0,6.0
2021,11,19,4,183,28,4,4,8,2,131000000,22.2,15.5,9.0,2.0,17.0,19.0,9.0,25.0,21.0,15.0,26.0,32.0,47.0,33.0,36.0,50.0,36.0,3.0,6.0,1.0,4.0,9.0,8.0,794.0,35.0,185.0,7.0,7.0,28.0,31.0,7.0,14.0,17.0,9.0,14.0,24.0,10.0,19.0,27.0,7.0,16.0,25.0,7.0,14.0,22.0,5.0,7.0,10.0,7.0,10.0,11.0,17.0,21.0,36.0,42.0,46.0,7.0,10.0
2021,11,23,1,162,29,3,3,17,1,145000000,20.4,45.5,22.0,9.0,2.0,26.0,19.0,9.0,38.0,21.0,15.0,47.0,32.0,47.0,50.0,36.0,50.0,2.0,3.0,6.0,6.0,4.0,9.0,14.0,91.0,35.0,28.0,46.0,49.0,84.0,6.0,14.0,17.0,9.0,15.0,24.0,10.0,19.0,27.0,6.0,15.0,25.0,8.0,14.0,22.0,6.0,7.0,10.0,8.0,10.0,11.0,1.0,20.0,41.0,42.0,50.0,3.0,7.0
2021,11,26,4,154,49,3,3,10,0,163000000,22.2,6.5,17.0,22.0,9.0,21.0,26.0,19.0,36.0,38.0,21.0,42.0,47.0,32.0,46.0,50.0,36.0,7.0,2.0,3.0,10.0,6.0,4.0,49.0,38.0,101.0,3.0,7.0,10.0,59.0,7.0,14.0,17.0,9.0,15.0,24.0,10.0,20.0,27.0,6.0,15.0,25.0,7.0,14.0,22.0,6.0,7.0,10.0,8.0,10.0,11.0,19.0,20.0,26.0,33.0,43.0,1.0,4.0
2021,11,30,1,141,24,2,3,5,1,17000000,15.6,17.5,1.0,17.0,22.0,20.0,21.0,26.0,41.0,36.0,38.0,42.0,42.0,47.0,50.0,46.0,50.0,3.0,7.0,2.0,7.0,10.0,6.0,98.0,4.0,21.0,21.0,28.0,21.0,14.0,7.0,15.0,17.0,9.0,15.0,23.0,9.0,19.0,27.0,6.0,15.0,25.0,6.0,13.0,22.0,6.0,7.0,10.0,7.0,10.0,11.0,21.0,22.0,29.0,32.0,46.0,9.0,10.0
2021,12,3,4,150,25,3,3,19,1,130000000,16.4,15.5,19.0,1.0,17.0,20.0,20.0,21.0,26.0,41.0,36.0,33.0,42.0,42.0,43.0,50.0,46.0,1.0,3.0,7.0,4.0,7.0,10.0,49.0,210.0,154.0,17.0,10.0,105.0,10.0,7.0,14.0,17.0,9.0,16.0,24.0,9.0,20.0,27.0,6.0,15.0,25.0,5.0,13.0,22.0,7.0,8.0,10.0,7.0,10.0,11.0,22.0,31.0,38.0,46.0,47.0,7.0,11.0
2021,12,7,1,184,25,3,4,18,0,143000000,19.4,21.5,21.0,19.0,1.0,22.0,20.0,20.0,29.0,26.0,41.0,32.0,33.0,42.0,46.0,43.0,50.0,9.0,1.0,3.0,10.0,4.0,7.0,18.0,112.0,18.0,102.0,112.0,14.0,32.0,7.0,14.0,17.0,9.0,16.0,24.0,8.0,19.0,27.0,6.0,15.0,25.0,6.0,13.0,21.0,7.0,8.0,10.0,7.0,10.0,10.0,11.0,21.0,33.0,38.0,42.0,2.0,8.0
2021,12,10,4,145,31,2,3,10,2,17000000,20.0,26.0,22.0,21.0,19.0,31.0,22.0,20.0,38.0,29.0,26.0,46.0,32.0,33.0,47.0,46.0,43.0,7.0,9.0,1.0,11.0,10.0,4.0,66.0,17.0,133.0,87.0,157.0,21.0,31.0,8.0,14.0,17.0,8.0,15.0,24.0,8.0,19.0,26.0,6.0,15.0,25.0,6.0,14.0,21.0,6.0,8.0,10.0,7.0,10.0,10.0,19.0,21.0,37.0,47.0,48.0,3.0,6.0
2021,12,14,1,172,29,1,3,9,1,26000000,45.0,21.5,11.0,22.0,21.0,21.0,31.0,22.0,33.0,38.0,29.0,38.0,46.0,32.0,42.0,47.0,46.0,2.0,7.0,9.0,8.0,11.0,10.0,14.0,4.0,252.0,25.0,74.0,18.0,25.0,8.0,13.0,17.0,7.0,15.0,24.0,9.0,19.0,27.0,6.0,14.0,25.0,7.0,13.0,21.0,6.0,8.0,10.0,7.0,10.0,10.0,1.0,2.0,15.0,30.0,35.0,2.0,7.0
2021,12,17,4,83,34,2,2,9,1,40000000,45.4,8.5,19.0,11.0,22.0,21.0,21.0,31.0,37.0,33.0,38.0,47.0,38.0,46.0,48.0,42.0,47.0,3.0,2.0,7.0,6.0,8.0,11.0,21.0,500.0,35.0,42.0,105.0,7.0,21.0,7.0,12.0,17.0,7.0,16.0,24.0,9.0,19.0,26.0,7.0,14.0,25.0,8.0,13.0,21.0,5.0,8.0,10.0,6.0,10.0,10.0,12.0,17.0,21.0,34.0,38.0,2.0,3.0
2021,12,21,1,122,26,3,2,5,1,51000000,31.8,5.5,1.0,19.0,11.0,2.0,21.0,21.0,15.0,37.0,33.0,30.0,47.0,38.0,35.0,48.0,42.0,2.0,3.0,2.0,7.0,6.0,8.0,56.0,60.0,35.0,67.0,91.0,4.0,189.0,7.0,12.0,17.0,7.0,16.0,24.0,9.0,19.0,26.0,8.0,13.0,24.0,8.0,14.0,21.0,5.0,8.0,10.0,7.0,11.0,11.0,2.0,26.0,28.0,34.0,41.0,5.0,10.0
2021,12,24,4,131,39,4,4,15,1,68000000,23.6,45.5,12.0,1.0,19.0,17.0,2.0,21.0,21.0,15.0,37.0,34.0,30.0,47.0,38.0,35.0,48.0,2.0,2.0,3.0,3.0,7.0,6.0,42.0,35.0,56.0,3.0,49.0,147.0,21.0,8.0,12.0,17.0,7.0,15.0,24.0,10.0,18.0,26.0,8.0,13.0,24.0,9.0,14.0,21.0,6.0,9.0,10.0,7.0,11.0,11.0,4.0,6.0,15.0,17.0,29.0,9.0,12.0
2021,12,28,1,71,25,2,1,21,1,78000000,38.0,46.0,2.0,12.0,1.0,26.0,17.0,2.0,28.0,21.0,15.0,34.0,34.0,30.0,41.0,38.0,35.0,5.0,2.0,2.0,10.0,3.0,7.0,70.0,109.0,11.0,375.0,249.0,25.0,67.0,8.0,12.0,17.0,8.0,16.0,23.0,9.0,17.0,26.0,9.0,13.0,25.0,10.0,15.0,22.0,6.0,9.0,10.0,8.0,11.0,11.0,7.0,22.0,25.0,43.0,49.0,6.0,7.0
2021,12,31,4,146,42,1,2,13,1,17000000,52.8,15.5,4.0,2.0,12.0,6.0,26.0,17.0,15.0,28.0,21.0,17.0,34.0,34.0,29.0,41.0,38.0,9.0,5.0,2.0,12.0,10.0,3.0,115.0,28.0,56.0,234.0,63.0,49.0,14.0,9.0,13.0,17.0,8.0,16.0,23.0,9.0,16.0,26.0,9.0,13.0,25.0,10.0,14.0,22.0,7.0,9.0,10.0,8.0,11.0,11.0,18.0,28.0,35.0,36.0,41.0,6.0,11.0
2022,1,4,1,158,23,3,4,17,1,17000000,38.8,16.0,7.0,4.0,2.0,22.0,6.0,26.0,25.0,15.0,28.0,43.0,17.0,34.0,49.0,29.0,41.0,6.0,9.0,5.0,7.0,12.0,10.0,336.0,368.0,112.0,91.0,11.0,4.0,28.0,10.0,14.0,18.0,8.0,16.0,24.0,9.0,16.0,26.0,9.0,14.0,24.0,9.0,14.0,21.0,6.0,9.0,10.0,7.0,11.0,11.0,2.0,14.0,37.0,44.0,50.0,7.0,11.0
2022,1,7,4,147,48,4,3,18,0,30000000,49.4,5.0,18.0,7.0,4.0,28.0,22.0,6.0,35.0,25.0,15.0,36.0,43.0,17.0,41.0,49.0,29.0,6.0,6.0,9.0,11.0,7.0,12.0,14.0,154.0,24.0,136.0,42.0,31.0,3.0,9.0,13.0,18.0,9.0,16.0,23.0,8.0,16.0,25.0,9.0,14.0,24.0,9.0,14.0,21.0,6.0,8.0,10.0,7.0,11.0,11.0,4.0,23.0,32.0,33.0,44.0,9.0,12.0
2022,1,11,1,136,40,3,3,21,1,40000000,36.8,14.0,2.0,18.0,7.0,14.0,28.0,22.0,37.0,35.0,25.0,44.0,36.0,43.0,50.0,41.0,49.0,7.0,6.0,6.0,11.0,11.0,7.0,14.0,165.0,277.0,42.0,77.0,14.0,14.0,8.0,13.0,18.0,9.0,17.0,23.0,8.0,16.0,26.0,9.0,14.0,23.0,9.0,14.0,21.0,6.0,8.0,10.0,7.0,10.0,11.0,6.0,17.0,25.0,31.0,46.0,9.0,12.0
2022,1,14,4,125,40,2,2,21,1,54000000,24.8,3.0,4.0,2.0,18.0,23.0,14.0,28.0,32.0,37.0,35.0,33.0,44.0,36.0,44.0,50.0,41.0,9.0,7.0,6.0,12.0,11.0,11.0,94.0,24.0,14.0,339.0,42.0,3.0,3.0,8.0,14.0,17.0,9.0,17.0,22.0,7.0,16.0,26.0,9.0,14.0,24.0,9.0,14.0,21.0,6.0,8.0,10.0,6.0,10.0,11.0,3.0,12.0,19.0,24.0,30.0,2.0,5.0
2022,1,18,1,88,27,3,1,7,1,66000000,70.2,26.5,6.0,4.0,2.0,17.0,23.0,14.0,25.0,32.0,37.0,31.0,33.0,44.0,46.0,44.0,50.0,9.0,9.0,7.0,12.0,12.0,11.0,151.0,74.0,109.0,203.0,336.0,28.0,95.0,8.0,15.0,17.0,9.0,17.0,22.0,8.0,16.0,26.0,9.0,15.0,24.0,9.0,14.0,21.0,5.0,8.0,10.0,6.0,11.0,11.0,5.0,14.0,35.0,36.0,39.0,7.0,12.0
2022,1,21,4,129,34,2,3,19,1,17000000,53.0,10.5,3.0,6.0,4.0,12.0,17.0,23.0,19.0,25.0,32.0,24.0,31.0,33.0,30.0,46.0,44.0,2.0,9.0,9.0,5.0,12.0,12.0,126.0,14.0,17.0,17.0,91.0,14.0,7.0,8.0,16.0,17.0,8.0,17.0,22.0,8.0,15.0,26.0,8.0,15.0,23.0,9.0,15.0,20.0,5.0,8.0,10.0,6.0,10.0,11.0,6.0,16.0,18.0,39.0,47.0,2.0,4.0
2022,1,25,1,126,41,3,2,6,2,29000000,54.2,31.5,5.0,3.0,6.0,14.0,12.0,17.0,35.0,19.0,25.0,36.0,24.0,31.0,39.0,30.0,46.0,7.0,2.0,9.0,12.0,5.0,12.0,11.0,193.0,256.0,252.0,49.0,7.0,56.0,7.0,15.0,17.0,9.0,17.0,23.0,8.0,16.0,27.0,9.0,16.0,24.0,9.0,15.0,20.0,5.0,8.0,10.0,6.0,10.0,11.0,10.0,25.0,29.0,34.0,45.0,9.0,10.0
2022,1,28,4,143,35,2,3,19,1,49000000,55.8,24.5,6.0,5.0,3.0,16.0,14.0,12.0,18.0,35.0,19.0,39.0,36.0,24.0,47.0,39.0,30.0,2.0,7.0,2.0,4.0,12.0,5.0,91.0,80.0,56.0,35.0,115.0,14.0,35.0,8.0,16.0,17.0,9.0,16.0,23.0,8.0,15.0,27.0,9.0,15.0,24.0,10.0,16.0,19.0,4.0,8.0,10.0,6.0,10.0,11.0,1.0,19.0,36.0,38.0,49.0,6.0,9.0
2022,2,1,1,143,48,2,3,15,1,61000000,29.0,16.0,10.0,6.0,5.0,25.0,16.0,14.0,29.0,18.0,35.0,34.0,39.0,36.0,45.0,47.0,39.0,9.0,2.0,7.0,10.0,4.0,12.0,46.0,77.0,70.0,53.0,32.0,28.0,81.0,9.0,16.0,17.0,9.0,16.0,22.0,8.0,15.0,26.0,9.0,15.0,23.0,9.0,16.0,19.0,4.0,7.0,10.0,7.0,10.0,11.0,3.0,25.0,38.0,43.0,49.0,3.0,7.0
2022,2,4,4,158,46,1,3,10,0,130000000,13.0,29.5,1.0,10.0,6.0,19.0,25.0,16.0,36.0,29.0,18.0,38.0,34.0,39.0,49.0,45.0,47.0,6.0,9.0,2.0,9.0,10.0,4.0,17.0,7.0,59.0,35.0,3.0,52.0,35.0,8.0,16.0,17.0,8.0,16.0,22.0,9.0,15.0,25.0,9.0,15.0,23.0,9.0,16.0,19.0,5.0,7.0,10.0,7.0,10.0,11.0,6.0,20.0,34.0,37.0,43.0,7.0,10.0
2022,2,8,1,140,37,3,3,17,1,17000000,26.2,7.5,3.0,1.0,10.0,25.0,19.0,25.0,38.0,36.0,29.0,43.0,38.0,34.0,49.0,49.0,45.0,3.0,6.0,9.0,7.0,9.0,10.0,14.0,70.0,273.0,214.0,70.0,18.0,11.0,7.0,16.0,17.0,8.0,15.0,22.0,10.0,16.0,26.0,10.0,16.0,24.0,9.0,16.0,19.0,5.0,7.0,9.0,7.0,10.0,11.0,13.0,18.0,38.0,42.0,45.0,7.0,11.0
2022,2,11,4,156,32,3,3,18,0,30000000,44.6,19.0,6.0,3.0,1.0,20.0,25.0,19.0,34.0,38.0,36.0,37.0,43.0,38.0,43.0,49.0,49.0,7.0,3.0,6.0,10.0,7.0,9.0,290.0,150.0,7.0,77.0,14.0,3.0,35.0,7.0,16.0,18.0,9.0,16.0,22.0,9.0,16.0,26.0,10.0,16.0,23.0,8.0,15.0,18.0,5.0,7.0,9.0,7.0,10.0,11.0,9.0,20.0,31.0,33.0,44.0,2.0,12.0
2022,2,15,1,137,35,2,3,14,2,17000000,40.0,23.0,13.0,6.0,3.0,18.0,20.0,25.0,38.0,34.0,38.0,42.0,37.0,43.0,45.0,43.0,49.0,7.0,7.0,3.0,11.0,10.0,7.0,91.0,7.0,123.0,35.0,35.0,21.0,25.0,7.0,17.0,18.0,8.0,16.0,22.0,9.0,17.0,26.0,10.0,16.0,23.0,8.0,15.0,18.0,5.0,7.0,9.0,7.0,10.0,11.0,25.0,38.0,41.0,43.0,50.0,6.0,10.0
2022,2,18,4,197,25,2,4,16,2,30000000,23.6,13.5,9.0,13.0,6.0,20.0,18.0,20.0,31.0,38.0,34.0,33.0,42.0,37.0,44.0,45.0,43.0,2.0,7.0,7.0,12.0,11.0,10.0,395.0,525.0,84.0,14.0,42.0,17.0,10.0,8.0,17.0,19.0,8.0,17.0,23.0,9.0,17.0,26.0,9.0,16.0,23.0,8.0,15.0,18.0,5.0,7.0,9.0,7.0,10.0,11.0,5.0,9.0,14.0,26.0,32.0,3.0,7.0
2022,2,22,1,86,27,3,2,10,0,40000000,34.6,14.5,25.0,9.0,13.0,38.0,20.0,18.0,41.0,31.0,38.0,43.0,33.0,42.0,50.0,44.0,45.0,6.0,2.0,7.0,10.0,12.0,11.0,32.0,102.0,140.0,144.0,200.0,18.0,18.0,8.0,17.0,19.0,8.0,18.0,23.0,9.0,18.0,26.0,9.0,17.0,23.0,8.0,16.0,19.0,5.0,7.0,9.0,6.0,10.0,11.0,10.0,13.0,24.0,30.0,42.0,1.0,5.0
2022,2,25,4,119,32,4,2,6,0,54000000,26.4,62.5,5.0,25.0,9.0,9.0,38.0,20.0,14.0,41.0,31.0,26.0,43.0,33.0,32.0,50.0,44.0,3.0,6.0,2.0,7.0,10.0,12.0,28.0,136.0,301.0,70.0,77.0,87.0,38.0,8.0,17.0,19.0,8.0,19.0,23.0,9.0,18.0,26.0,9.0,17.0,23.0,8.0,16.0,19.0,6.0,7.0,9.0,7.0,10.0,11.0,8.0,24.0,26.0,39.0,42.0,3.0,5.0
2022,3,1,1,139,34,4,3,8,0,66000000,43.0,5.5,10.0,5.0,25.0,13.0,9.0,38.0,24.0,14.0,41.0,30.0,26.0,43.0,42.0,32.0,50.0,1.0,3.0,6.0,5.0,7.0,10.0,403.0,221.0,91.0,35.0,4.0,7.0,4.0,9.0,17.0,20.0,8.0,20.0,24.0,9.0,19.0,26.0,9.0,16.0,23.0,7.0,16.0,19.0,6.0,7.0,9.0,6.0,10.0,11.0,6.0,20.0,40.0,42.0,43.0,10.0,12.0
2022,3,4,4,151,37,4,3,22,2,78000000,38.8,15.5,8.0,10.0,5.0,24.0,13.0,9.0,26.0,24.0,14.0,39.0,30.0,26.0,42.0,42.0,32.0,3.0,1.0,3.0,5.0,5.0,7.0,24.0,17.0,1323.0,21.0,24.0,143.0,17.0,9.0,16.0,20.0,8.0,19.0,24.0,9.0,20.0,26.0,8.0,15.0,22.0,7.0,16.0,18.0,6.0,8.0,9.0,6.0,10.0,11.0,12.0,18.0,21.0,25.0,31.0,2.0,9.0
2022,3,8,1,107,19,2,1,11,1,17000000,38.0,28.0,6.0,8.0,10.0,20.0,24.0,13.0,40.0,26.0,24.0,42.0,39.0,30.0,43.0,42.0,42.0,10.0,3.0,1.0,12.0,5.0,5.0,77.0,25.0,77.0,536.0,266.0,21.0,35.0,9.0,15.0,20.0,7.0,19.0,24.0,9.0,19.0,26.0,8.0,16.0,23.0,8.0,17.0,19.0,6.0,8.0,9.0,6.0,9.0,11.0,12.0,19.0,22.0,23.0,48.0,2.0,6.0
2022,3,11,4,124,36,3,1,8,2,30000000,51.4,12.0,12.0,6.0,8.0,18.0,20.0,24.0,21.0,40.0,26.0,25.0,42.0,39.0,31.0,43.0,42.0,2.0,10.0,3.0,9.0,12.0,5.0,3.0,38.0,140.0,689.0,87.0,3.0,87.0,8.0,14.0,20.0,7.0,18.0,24.0,10.0,20.0,25.0,9.0,16.0,23.0,8.0,17.0,18.0,6.0,8.0,9.0,7.0,9.0,11.0,1.0,2.0,12.0,19.0,26.0,2.0,8.0
2022,3,15,1,60,25,3,1,10,2,40000000,26.2,49.5,12.0,12.0,6.0,19.0,18.0,20.0,22.0,21.0,40.0,23.0,25.0,42.0,48.0,31.0,43.0,2.0,2.0,10.0,6.0,9.0,12.0,42.0,88.0,168.0,326.0,627.0,4.0,95.0,9.0,14.0,19.0,8.0,18.0,24.0,10.0,21.0,25.0,9.0,17.0,24.0,9.0,17.0,19.0,6.0,8.0,9.0,8.0,10.0,11.0,1.0,9.0,14.0,17.0,43.0,6.0,12.0
2022,3,18,4,84,42,1,1,18,2,54000000,25.6,10.5,1.0,12.0,12.0,2.0,19.0,18.0,12.0,22.0,21.0,19.0,23.0,25.0,26.0,48.0,31.0,2.0,2.0,2.0,8.0,6.0,9.0,3.0,24.0,24.0,80.0,14.0,28.0,14.0,8.0,14.0,19.0,8.0,18.0,24.0,9.0,21.0,25.0,10.0,17.0,23.0,8.0,16.0,19.0,5.0,8.0,9.0,7.0,9.0,11.0,7.0,17.0,21.0,29.0,40.0,8.0,11.0
2022,3,22,1,114,33,1,2,19,1,17000000,34.0,23.0,1.0,1.0,12.0,9.0,2.0,19.0,14.0,12.0,22.0,17.0,19.0,23.0,43.0,26.0,48.0,6.0,2.0,2.0,12.0,8.0,6.0,81.0,67.0,14.0,140.0,298.0,137.0,39.0,8.0,14.0,19.0,9.0,17.0,23.0,8.0,20.0,25.0,10.0,18.0,23.0,8.0,17.0,20.0,6.0,8.0,9.0,8.0,9.0,11.0,6.0,10.0,24.0,27.0,29.0,5.0,12.0
2022,3,25,4,96,23,3,2,17,1,32000000,51.6,15.5,7.0,1.0,1.0,17.0,9.0,2.0,21.0,14.0,12.0,29.0,17.0,19.0,40.0,43.0,26.0,8.0,6.0,2.0,11.0,12.0,8.0,21.0,168.0,28.0,182.0,87.0,91.0,7.0,7.0,14.0,19.0,9.0,17.0,23.0,7.0,19.0,25.0,10.0,19.0,24.0,8.0,17.0,20.0,7.0,9.0,9.0,7.0,9.0,11.0,8.0,11.0,33.0,42.0,43.0,6.0,11.0
2022,3,29,1,137,35,2,3,17,1,41000000,43.0,9.0,6.0,7.0,1.0,10.0,17.0,9.0,24.0,21.0,14.0,27.0,29.0,17.0,29.0,40.0,43.0,5.0,8.0,6.0,12.0,11.0,12.0,28.0,294.0,109.0,25.0,11.0,11.0,7.0,6.0,14.0,19.0,10.0,17.0,24.0,8.0,20.0,25.0,9.0,19.0,24.0,7.0,17.0,20.0,7.0,9.0,9.0,6.0,9.0,11.0,2.0,7.0,21.0,31.0,45.0,4.0,10.0
2022,4,1,4,106,43,1,2,14,2,53000000,22.0,47.0,8.0,6.0,7.0,11.0,10.0,17.0,33.0,24.0,21.0,42.0,27.0,29.0,43.0,29.0,40.0,6.0,5.0,8.0,11.0,12.0,11.0,84.0,185.0,10.0,77.0,49.0,227.0,42.0,6.0,13.0,19.0,10.0,17.0,25.0,8.0,20.0,24.0,9.0,19.0,24.0,8.0,16.0,20.0,7.0,10.0,10.0,7.0,9.0,11.0,1.0,11.0,13.0,24.0,49.0,5.0,6.0
2022,4,5,1,98,48,1,1,11,1,64000000,27.0,9.0,2.0,8.0,6.0,7.0,11.0,10.0,21.0,33.0,24.0,31.0,42.0,27.0,45.0,43.0,29.0,4.0,6.0,5.0,10.0,11.0,12.0,18.0,7.0,214.0,77.0,60.0,11.0,25.0,6.0,13.0,19.0,9.0,17.0,25.0,8.0,20.0,25.0,9.0,18.0,23.0,8.0,16.0,20.0,6.0,10.0,10.0,6.0,9.0,11.0,1.0,15.0,16.0,38.0,45.0,4.0,11.0
2022,4,8,4,115,44,2,2,15,1,77000000,46.6,8.5,1.0,2.0,8.0,11.0,7.0,11.0,13.0,21.0,33.0,24.0,31.0,42.0,49.0,45.0,43.0,5.0,4.0,6.0,6.0,10.0,11.0,3.0,161.0,315.0,66.0,7.0,7.0,10.0,6.0,12.0,19.0,9.0,17.0,25.0,8.0,20.0,26.0,10.0,18.0,23.0,8.0,16.0,20.0,5.0,10.0,10.0,6.0,9.0,11.0,21.0,30.0,31.0,35.0,47.0,2.0,10.0
2022,4,12,1,164,26,1,4,12,2,87000000,45.2,19.5,1.0,1.0,2.0,15.0,11.0,7.0,16.0,13.0,21.0,38.0,24.0,31.0,45.0,49.0,45.0,4.0,5.0,4.0,11.0,6.0,10.0,130.0,1320.0,56.0,256.0,77.0,28.0,11.0,7.0,13.0,19.0,9.0,18.0,26.0,9.0,19.0,26.0,10.0,19.0,23.0,8.0,15.0,20.0,5.0,10.0,10.0,5.0,9.0,11.0,6.0,24.0,30.0,32.0,48.0,5.0,6.0
2022,4,15,4,140,42,5,3,11,1,99000000,24.2,10.0,21.0,1.0,1.0,30.0,15.0,11.0,31.0,16.0,13.0,35.0,38.0,24.0,47.0,45.0,49.0,2.0,4.0,5.0,10.0,11.0,6.0,21.0,45.0,294.0,133.0,35.0,10.0,10.0,6.0,13.0,19.0,9.0,17.0,26.0,9.0,19.0,27.0,10.0,20.0,23.0,8.0,14.0,20.0,5.0,10.0,10.0,5.0,9.0,11.0,2.0,12.0,17.0,28.0,46.0,6.0,10.0
2022,4,19,1,105,44,4,2,16,2,109000000,56.2,5.5,6.0,21.0,1.0,24.0,30.0,15.0,30.0,31.0,16.0,32.0,35.0,38.0,48.0,47.0,45.0,5.0,2.0,4.0,6.0,10.0,11.0,18.0,91.0,168.0,350.0,95.0,21.0,7.0,6.0,13.0,19.0,9.0,17.0,26.0,9.0,19.0,26.0,10.0,20.0,24.0,8.0,14.0,20.0,5.0,10.0,10.0,4.0,9.0,10.0,6.0,11.0,21.0,35.0,36.0,1.0,9.0
2022,4,22,4,109,30,2,2,10,0,124000000,24.8,50.5,2.0,6.0,21.0,12.0,24.0,30.0,17.0,30.0,31.0,28.0,32.0,35.0,46.0,48.0,47.0,6.0,5.0,2.0,10.0,6.0,10.0,7.0,17.0,21.0,10.0,157.0,56.0,45.0,6.0,13.0,19.0,8.0,16.0,26.0,8.0,18.0,26.0,9.0,20.0,24.0,9.0,15.0,20.0,6.0,10.0,10.0,5.0,8.0,10.0,4.0,25.0,28.0,34.0,45.0,8.0,11.0
2022,4,26,1,136,41,3,3,19,1,137000000,51.2,26.5,6.0,2.0,6.0,11.0,12.0,24.0,21.0,17.0,30.0,35.0,28.0,32.0,36.0,46.0,48.0,1.0,6.0,5.0,9.0,10.0,6.0,105.0,81.0,123.0,88.0,18.0,35.0,18.0,6.0,14.0,19.0,8.0,16.0,25.0,9.0,18.0,26.0,9.0,20.0,24.0,8.0,15.0,20.0,6.0,9.0,10.0,5.0,8.0,10.0,10.0,11.0,20.0,36.0,37.0,3.0,7.0
2022,4,29,4,114,27,3,2,10,0,158000000,37.0,62.5,4.0,6.0,2.0,25.0,11.0,12.0,28.0,21.0,17.0,34.0,35.0,28.0,45.0,36.0,46.0,8.0,1.0,6.0,11.0,9.0,10.0,63.0,7.0,185.0,98.0,273.0,59.0,66.0,7.0,14.0,19.0,7.0,16.0,25.0,9.0,18.0,27.0,9.0,21.0,24.0,8.0,16.0,21.0,7.0,9.0,10.0,5.0,8.0,10.0,8.0,20.0,26.0,47.0,48.0,3.0,8.0
2022,5,3,1,149,40,4,3,11,1,173000000,25.4,5.5,10.0,4.0,6.0,11.0,25.0,11.0,20.0,28.0,21.0,36.0,34.0,35.0,37.0,45.0,36.0,3.0,8.0,1.0,7.0,11.0,9.0,35.0,60.0,63.0,140.0,18.0,4.0,49.0,7.0,13.0,19.0,8.0,16.0,25.0,9.0,18.0,27.0,9.0,22.0,24.0,7.0,16.0,21.0,7.0,9.0,10.0,6.0,8.0,10.0,3.0,8.0,18.0,24.0,40.0,3.0,11.0
2022,5,6,4,93,37,4,1,14,0,195000000,43.8,6.5,8.0,10.0,4.0,20.0,11.0,25.0,26.0,20.0,28.0,47.0,36.0,34.0,48.0,37.0,45.0,3.0,3.0,8.0,8.0,7.0,11.0,91.0,392.0,101.0,31.0,45.0,3.0,10.0,8.0,14.0,19.0,8.0,17.0,26.0,10.0,18.0,27.0,8.0,21.0,24.0,8.0,16.0,21.0,7.0,9.0,10.0,6.0,8.0,10.0,3.0,25.0,27.0,28.0,29.0,4.0,9.0
2022,5,10,1,112,26,1,3,13,1,215000000,24.8,25.0,3.0,8.0,10.0,8.0,20.0,11.0,18.0,26.0,20.0,24.0,47.0,36.0,40.0,48.0,37.0,3.0,3.0,3.0,11.0,8.0,7.0,4.0,14.0,326.0,21.0,46.0,32.0,18.0,8.0,13.0,19.0,8.0,17.0,26.0,10.0,18.0,28.0,8.0,21.0,24.0,8.0,16.0,21.0,7.0,8.0,10.0,6.0,8.0,10.0,3.0,11.0,17.0,45.0,48.0,4.0,8.0
2022,5,13,4,124,45,1,2,12,2,17000000,13.6,6.5,3.0,3.0,8.0,25.0,8.0,20.0,27.0,18.0,26.0,28.0,24.0,47.0,29.0,40.0,48.0,4.0,3.0,3.0,9.0,11.0,8.0,3.0,14.0,24.0,213.0,10.0,3.0,10.0,7.0,12.0,19.0,7.0,17.0,26.0,9.0,18.0,28.0,8.0,21.0,25.0,8.0,15.0,21.0,7.0,8.0,10.0,6.0,8.0,10.0,5.0,28.0,30.0,48.0,49.0,5.0,11.0
2022,5,17,1,160,44,3,4,16,0,27000000,33.8,21.5,3.0,3.0,3.0,11.0,25.0,8.0,17.0,27.0,18.0,45.0,28.0,24.0,48.0,29.0,40.0,4.0,4.0,3.0,8.0,9.0,11.0,84.0,133.0,32.0,280.0,42.0,32.0,11.0,7.0,11.0,18.0,7.0,17.0,26.0,8.0,17.0,28.0,9.0,21.0,26.0,8.0,14.0,21.0,6.0,8.0,10.0,6.0,8.0,10.0,8.0,22.0,23.0,32.0,50.0,3.0,9.0
2022,5,20,4,135,42,4,2,12,0,42000000,56.0,12.0,5.0,3.0,3.0,28.0,11.0,25.0,30.0,17.0,27.0,48.0,45.0,28.0,49.0,48.0,29.0,5.0,4.0,4.0,11.0,8.0,9.0,17.0,140.0,224.0,35.0,91.0,14.0,10.0,7.0,11.0,18.0,7.0,18.0,26.0,9.0,18.0,29.0,9.0,20.0,26.0,9.0,14.0,21.0,6.0,8.0,10.0,5.0,8.0,10.0,10.0,13.0,27.0,36.0,37.0,2.0,10.0
2022,5,24,1,123,27,2,3,12,2,52000000,27.6,38.5,8.0,5.0,3.0,22.0,28.0,11.0,23.0,30.0,17.0,32.0,48.0,45.0,50.0,49.0,48.0,3.0,5.0,4.0,9.0,11.0,8.0,25.0,88.0,14.0,25.0,25.0,42.0,35.0,6.0,11.0,18.0,7.0,18.0,26.0,9.0,18.0,29.0,9.0,19.0,26.0,8.0,14.0,21.0,6.0,8.0,10.0,5.0,8.0,10.0,15.0,23.0,28.0,34.0,48.0,3.0,5.0
2022,5,27,4,148,33,3,3,8,0,17000000,21.4,8.5,10.0,8.0,5.0,13.0,22.0,28.0,27.0,23.0,30.0,36.0,32.0,48.0,37.0,50.0,49.0,2.0,3.0,5.0,10.0,9.0,11.0,588.0,136.0,31.0,31.0,14.0,7.0,87.0,6.0,12.0,19.0,8.0,19.0,26.0,8.0,18.0,29.0,8.0,18.0,26.0,7.0,13.0,21.0,5.0,8.0,10.0,6.0,8.0,10.0,3.0,10.0,13.0,42.0,49.0,3.0,9.0
2022,5,31,1,117,46,2,2,12,0,27000000,21.8,7.5,15.0,10.0,8.0,23.0,13.0,22.0,28.0,27.0,23.0,34.0,36.0,32.0,48.0,37.0,50.0,3.0,2.0,3.0,5.0,10.0,9.0,18.0,67.0,56.0,63.0,14.0,4.0,11.0,5.0,12.0,18.0,9.0,19.0,25.0,9.0,17.0,29.0,9.0,18.0,25.0,6.0,13.0,21.0,4.0,7.0,10.0,6.0,8.0,10.0,12.0,28.0,29.0,34.0,48.0,9.0,11.0
2022,6,3,4,151,36,4,4,20,0,39000000,18.0,10.0,3.0,15.0,10.0,10.0,23.0,13.0,13.0,28.0,27.0,42.0,34.0,36.0,49.0,48.0,37.0,3.0,3.0,2.0,9.0,5.0,10.0,84.0,17.0,126.0,7.0,7.0,126.0,17.0,6.0,12.0,17.0,9.0,18.0,25.0,9.0,18.0,29.0,9.0,17.0,25.0,6.0,12.0,21.0,5.0,8.0,10.0,5.0,8.0,10.0,6.0,16.0,17.0,25.0,31.0,2.0,6.0
2022,6,7,1,95,25,2,1,8,2,51000000,43.0,31.5,12.0,3.0,15.0,28.0,10.0,23.0,29.0,13.0,28.0,34.0,42.0,34.0,48.0,49.0,48.0,9.0,3.0,3.0,11.0,9.0,5.0,46.0,133.0,25.0,91.0,91.0,14.0,53.0,7.0,12.0,16.0,9.0,18.0,24.0,8.0,17.0,29.0,9.0,17.0,25.0,7.0,13.0,21.0,5.0,8.0,10.0,6.0,8.0,10.0,17.0,26.0,36.0,37.0,40.0,9.0,12.0
2022,6,10,4,156,23,3,4,21,1,65000000,22.0,42.0,6.0,12.0,3.0,16.0,28.0,10.0,17.0,29.0,13.0,25.0,34.0,42.0,31.0,48.0,49.0,2.0,9.0,3.0,6.0,11.0,9.0,199.0,168.0,129.0,122.0,35.0,7.0,77.0,8.0,13.0,17.0,9.0,18.0,24.0,8.0,17.0,29.0,9.0,17.0,25.0,7.0,12.0,20.0,5.0,8.0,10.0,7.0,8.0,10.0,2.0,7.0,27.0,34.0,40.0,3.0,11.0
2022,6,14,1,110,38,3,3,14,0,17000000,33.2,12.5,17.0,6.0,12.0,26.0,16.0,28.0,36.0,17.0,29.0,37.0,25.0,34.0,40.0,31.0,48.0,9.0,2.0,9.0,12.0,6.0,11.0,56.0,74.0,21.0,11.0,4.0,14.0,11.0,9.0,13.0,17.0,9.0,17.0,24.0,8.0,16.0,29.0,8.0,16.0,25.0,6.0,12.0,19.0,5.0,8.0,10.0,7.0,8.0,9.0,19.0,21.0,22.0,31.0,38.0,7.0,11.0
2022,6,17,4,131,19,2,2,18,0,130000000,51.6,26.0,2.0,17.0,6.0,7.0,26.0,16.0,27.0,36.0,17.0,34.0,37.0,25.0,40.0,40.0,31.0,3.0,9.0,2.0,11.0,12.0,6.0,185.0,185.0,98.0,77.0,178.0,126.0,3.0,10.0,13.0,18.0,9.0,17.0,25.0,9.0,17.0,29.0,8.0,15.0,25.0,7.0,13.0,20.0,5.0,9.0,10.0,6.0,8.0,9.0,6.0,23.0,36.0,39.0,47.0,8.0,10.0
2022,6,21,1,151,41,2,3,18,2,143000000,42.2,33.5,19.0,2.0,17.0,21.0,7.0,26.0,22.0,27.0,36.0,31.0,34.0,37.0,38.0,40.0,40.0,7.0,3.0,9.0,11.0,11.0,12.0,14.0,25.0,11.0,112.0,70.0,56.0,28.0,9.0,13.0,18.0,9.0,17.0,24.0,8.0,16.0,28.0,8.0,15.0,25.0,8.0,13.0,20.0,5.0,9.0,10.0,6.0,8.0,9.0,10.0,17.0,28.0,44.0,50.0,8.0,12.0
2022,6,24,4,149,40,4,3,20,2,161000000,44.6,8.5,6.0,19.0,2.0,23.0,21.0,7.0,36.0,22.0,27.0,39.0,31.0,34.0,47.0,38.0,40.0,8.0,7.0,3.0,10.0,11.0,11.0,31.0,94.0,28.0,168.0,35.0,3.0,14.0,8.0,13.0,18.0,9.0,18.0,24.0,7.0,15.0,28.0,8.0,16.0,25.0,8.0,12.0,20.0,5.0,9.0,10.0,6.0,8.0,9.0,10.0,35.0,42.0,47.0,48.0,2.0,11.0
2022,6,28,1,182,38,3,4,13,1,176000000,26.2,16.0,10.0,6.0,19.0,17.0,23.0,21.0,28.0,36.0,22.0,44.0,39.0,31.0,50.0,47.0,38.0,8.0,8.0,7.0,12.0,10.0,11.0,4.0,1824.0,347.0,56.0,25.0,21.0,11.0,8.0,13.0,17.0,9.0,19.0,25.0,8.0,16.0,29.0,8.0,16.0,25.0,7.0,12.0,19.0,5.0,9.0,10.0,6.0,8.0,9.0,6.0,18.0,24.0,34.0,46.0,3.0,12.0
2022,7,1,4,128,40,5,2,15,1,198000000,42.4,12.0,10.0,10.0,6.0,35.0,17.0,23.0,42.0,28.0,36.0,47.0,44.0,39.0,48.0,50.0,47.0,2.0,8.0,8.0,11.0,12.0,10.0,10.0,115.0,98.0,17.0,73.0,17.0,7.0,7.0,13.0,17.0,10.0,20.0,25.0,9.0,17.0,28.0,8.0,16.0,25.0,8.0,12.0,19.0,5.0,9.0,10.0,5.0,8.0,9.0,7.0,10.0,25.0,45.0,48.0,3.0,6.0
2022,7,5,1,135,41,2,2,9,1,217000000,23.2,16.0,6.0,10.0,10.0,18.0,35.0,17.0,24.0,42.0,28.0,34.0,47.0,44.0,46.0,48.0,50.0,3.0,2.0,8.0,12.0,11.0,12.0,105.0,35.0,172.0,53.0,7.0,4.0,28.0,7.0,13.0,17.0,10.0,19.0,25.0,9.0,17.0,27.0,8.0,15.0,25.0,7.0,12.0,19.0,5.0,9.0,10.0,4.0,8.0,9.0,28.0,31.0,35.0,43.0,46.0,4.0,7.0
2022,7,8,4,183,18,2,5,11,1,230000000,30.6,38.5,7.0,6.0,10.0,10.0,18.0,35.0,25.0,24.0,42.0,45.0,34.0,47.0,48.0,46.0,48.0,3.0,3.0,2.0,6.0,12.0,11.0,595.0,213.0,168.0,140.0,7.0,56.0,70.0,7.0,13.0,18.0,10.0,19.0,26.0,9.0,17.0,27.0,9.0,16.0,25.0,7.0,12.0,19.0,6.0,9.0,10.0,5.0,8.0,9.0,14.0,18.0,24.0,25.0,50.0,6.0,11.0
2022,7,12,1,131,36,4,1,17,1,230000000,32.6,10.5,28.0,7.0,6.0,31.0,10.0,18.0,35.0,25.0,24.0,43.0,45.0,34.0,46.0,48.0,46.0,4.0,3.0,3.0,7.0,6.0,12.0,427.0,11.0,11.0,35.0,18.0,84.0,14.0,8.0,14.0,19.0,9.0,18.0,26.0,8.0,17.0,26.0,9.0,16.0,25.0,6.0,12.0,18.0,7.0,9.0,10.0,5.0,8.0,9.0,9.0,17.0,29.0,38.0,39.0,7.0,10.0
2022,7,15,4,132,30,1,3,17,1,230000000,46.8,15.5,14.0,28.0,7.0,18.0,31.0,10.0,24.0,35.0,25.0,25.0,43.0,45.0,50.0,46.0,48.0,6.0,4.0,3.0,11.0,7.0,6.0,150.0,21.0,42.0,98.0,175.0,28.0,24.0,8.0,15.0,19.0,8.0,17.0,25.0,9.0,17.0,26.0,9.0,17.0,25.0,7.0,13.0,18.0,6.0,9.0,10.0,5.0,8.0,9.0,6.0,23.0,27.0,40.0,41.0,2.0,12.0
2022,7,19,1,137,35,2,3,14,2,230000000,53.4,19.5,9.0,14.0,28.0,17.0,18.0,31.0,29.0,24.0,35.0,38.0,25.0,43.0,39.0,50.0,46.0,7.0,6.0,4.0,10.0,11.0,7.0,18.0,28.0,35.0,273.0,196.0,21.0,18.0,7.0,15.0,19.0,7.0,17.0,25.0,9.0,16.0,26.0,10.0,17.0,26.0,7.0,13.0,19.0,6.0,8.0,10.0,5.0,8.0,8.0,16.0,18.0,29.0,32.0,50.0,4.0,11.0
2022,7,22,4,145,34,4,3,15,1,17000000,27.0,12.0,6.0,9.0,14.0,23.0,17.0,18.0,27.0,29.0,24.0,40.0,38.0,25.0,41.0,39.0,50.0,2.0,7.0,6.0,12.0,10.0,11.0,465.0,10.0,7.0,63.0,10.0,14.0,10.0,7.0,15.0,20.0,6.0,17.0,25.0,8.0,16.0,26.0,10.0,17.0,26.0,6.0,12.0,19.0,6.0,8.0,10.0,5.0,8.0,8.0,3.0,5.0,17.0,25.0,27.0,1.0,9.0
2022,7,26,1,77,24,0,1,10,0,26000000,31.6,70.5,16.0,6.0,9.0,18.0,23.0,17.0,29.0,27.0,29.0,32.0,40.0,38.0,50.0,41.0,39.0,4.0,2.0,7.0,11.0,12.0,10.0,56.0,385.0,49.0,14.0,791.0,95.0,56.0,8.0,15.0,20.0,7.0,18.0,26.0,8.0,15.0,26.0,9.0,17.0,26.0,6.0,13.0,20.0,7.0,9.0,10.0,6.0,8.0,8.0,3.0,23.0,38.0,43.0,48.0,3.0,8.0
2022,7,29,4,155,45,2,3,11,1,41000000,14.4,29.5,3.0,16.0,6.0,5.0,18.0,23.0,17.0,29.0,27.0,25.0,32.0,40.0,27.0,50.0,41.0,1.0,4.0,2.0,9.0,11.0,12.0,3.0,10.0,168.0,21.0,24.0,24.0,77.0,8.0,15.0,20.0,7.0,17.0,26.0,8.0,15.0,26.0,8.0,17.0,26.0,6.0,13.0,20.0,6.0,9.0,10.0,7.0,8.0,8.0,7.0,18.0,28.0,40.0,48.0,8.0,11.0
2022,8,2,1,141,41,4,3,19,1,17000000,16.4,7.5,3.0,3.0,16.0,23.0,5.0,18.0,38.0,17.0,29.0,43.0,25.0,32.0,48.0,27.0,50.0,3.0,1.0,4.0,8.0,9.0,11.0,28.0,11.0,39.0,14.0,4.0,39.0,11.0,7.0,15.0,20.0,6.0,16.0,26.0,8.0,14.0,25.0,7.0,16.0,26.0,6.0,13.0,20.0,7.0,9.0,10.0,7.0,8.0,8.0,3.0,29.0,33.0,35.0,44.0,8.0,10.0
2022,8,5,4,144,41,1,4,18,2,30000000,44.0,12.0,7.0,3.0,3.0,18.0,23.0,5.0,28.0,38.0,17.0,40.0,43.0,25.0,48.0,48.0,27.0,8.0,3.0,1.0,11.0,8.0,9.0,7.0,406.0,129.0,105.0,171.0,3.0,21.0,7.0,15.0,19.0,7.0,16.0,27.0,9.0,15.0,25.0,7.0,16.0,26.0,7.0,13.0,20.0,7.0,9.0,10.0,7.0,8.0,8.0,18.0,19.0,21.0,27.0,47.0,5.0,11.0
2022,8,9,1,132,29,1,2,16,0,39000000,33.8,40.5,3.0,7.0,3.0,29.0,18.0,23.0,33.0,28.0,38.0,35.0,40.0,43.0,44.0,48.0,48.0,8.0,8.0,3.0,10.0,11.0,8.0,217.0,151.0,109.0,137.0,49.0,84.0,7.0,8.0,16.0,20.0,7.0,16.0,27.0,9.0,16.0,25.0,7.0,17.0,25.0,8.0,13.0,20.0,8.0,9.0,10.0,6.0,8.0,8.0,14.0,17.0,34.0,35.0,42.0,6.0,10.0
2022,8,12,4,142,28,3,3,16,2,54000000,28.4,19.0,18.0,3.0,7.0,19.0,29.0,18.0,21.0,33.0,28.0,27.0,35.0,40.0,47.0,44.0,48.0,5.0,8.0,8.0,11.0,10.0,11.0,31.0,28.0,185.0,7.0,164.0,31.0,7.0,7.0,15.0,19.0,6.0,16.0,26.0,9.0,16.0,25.0,7.0,16.0,25.0,8.0,14.0,20.0,8.0,9.0,10.0,5.0,8.0,8.0,10.0,14.0,25.0,32.0,39.0,7.0,8.0
2022,8,16,1,120,29,3,2,15,1,65000000,24.8,21.5,14.0,18.0,3.0,17.0,19.0,29.0,34.0,21.0,33.0,35.0,27.0,35.0,42.0,47.0,44.0,6.0,5.0,8.0,10.0,11.0,10.0,49.0,207.0,42.0,25.0,32.0,32.0,18.0,8.0,14.0,19.0,7.0,16.0,27.0,9.0,15.0,25.0,7.0,16.0,24.0,8.0,14.0,19.0,8.0,9.0,10.0,5.0,8.0,8.0,2.0,9.0,13.0,19.0,38.0,2.0,6.0
2022,8,19,4,81,36,2,1,8,2,77000000,42.4,19.0,10.0,14.0,18.0,14.0,17.0,19.0,25.0,34.0,21.0,32.0,35.0,27.0,39.0,42.0,47.0,7.0,6.0,5.0,8.0,10.0,11.0,66.0,154.0,80.0,157.0,63.0,31.0,45.0,8.0,14.0,19.0,8.0,16.0,27.0,10.0,15.0,25.0,7.0,16.0,23.0,9.0,13.0,19.0,8.0,9.0,10.0,6.0,8.0,8.0,19.0,26.0,31.0,39.0,48.0,2.0,3.0
2022,8,23,1,163,29,2,4,5,1,87000000,30.4,14.5,2.0,10.0,14.0,9.0,14.0,17.0,13.0,25.0,34.0,19.0,32.0,35.0,38.0,39.0,42.0,2.0,7.0,6.0,6.0,8.0,10.0,67.0,74.0,133.0,63.0,21.0,4.0,245.0,8.0,13.0,19.0,9.0,16.0,27.0,10.0,16.0,25.0,8.0,16.0,23.0,8.0,13.0,19.0,8.0,9.0,10.0,6.0,8.0,9.0,22.0,23.0,25.0,38.0,44.0,11.0,12.0
2022,8,26,4,152,22,3,2,23,1,100000000,27.2,27.5,19.0,2.0,10.0,26.0,9.0,14.0,31.0,13.0,25.0,39.0,19.0,32.0,48.0,38.0,39.0,2.0,2.0,7.0,3.0,6.0,8.0,262.0,28.0,10.0,42.0,21.0,535.0,38.0,8.0,14.0,20.0,9.0,16.0,27.0,9.0,16.0,24.0,9.0,15.0,23.0,7.0,12.0,19.0,8.0,10.0,10.0,7.0,8.0,9.0,4.0,6.0,10.0,15.0,19.0,1.0,4.0
2022,8,30,1,54,15,3,0,5,1,112000000,56.8,37.0,22.0,19.0,2.0,23.0,26.0,9.0,25.0,31.0,13.0,38.0,39.0,19.0,44.0,48.0,38.0,11.0,2.0,2.0,12.0,3.0,6.0,126.0,245.0,728.0,466.0,2569.0,35.0,217.0,9.0,14.0,20.0,9.0,16.0,28.0,9.0,17.0,25.0,9.0,16.0,24.0,7.0,13.0,20.0,8.0,10.0,10.0,7.0,9.0,10.0,7.0,12.0,13.0,20.0,45.0,3.0,12.0
2022,9,2,4,97,38,2,1,15,1,127000000,63.4,8.5,4.0,22.0,19.0,6.0,23.0,26.0,10.0,25.0,31.0,15.0,38.0,39.0,19.0,44.0,48.0,1.0,11.0,2.0,4.0,12.0,3.0,31.0,136.0,14.0,378.0,129.0,35.0,7.0,9.0,14.0,20.0,10.0,16.0,28.0,8.0,17.0,25.0,9.0,17.0,24.0,8.0,13.0,20.0,8.0,10.0,10.0,7.0,9.0,10.0,7.0,10.0,22.0,29.0,44.0,4.0,5.0
2022,9,6,1,112,37,3,2,9,1,17000000,13.0,17.5,7.0,4.0,22.0,12.0,6.0,23.0,13.0,10.0,25.0,20.0,15.0,38.0,45.0,19.0,44.0,3.0,1.0,11.0,12.0,4.0,12.0,4.0,63.0,81.0,168.0,11.0,46.0,102.0,9.0,13.0,20.0,10.0,16.0,27.0,8.0,17.0,24.0,9.0,17.0,24.0,8.0,13.0,19.0,9.0,9.0,10.0,8.0,10.0,10.0,17.0,23.0,24.0,26.0,27.0,4.0,9.0
2022,9,9,4,117,10,2,2,13,1,130000000,29.8,24.0,7.0,7.0,4.0,10.0,12.0,6.0,22.0,13.0,10.0,29.0,20.0,15.0,44.0,45.0,19.0,4.0,3.0,1.0,5.0,12.0,4.0,91.0,14.0,59.0,199.0,45.0,3.0,45.0,9.0,14.0,20.0,9.0,15.0,27.0,8.0,17.0,23.0,10.0,18.0,24.0,9.0,12.0,19.0,8.0,9.0,10.0,9.0,10.0,10.0,9.0,12.0,15.0,40.0,47.0,1.0,11.0
2022,9,13,1,123,38,2,2,12,0,143000000,25.4,16.0,17.0,7.0,7.0,23.0,10.0,12.0,24.0,22.0,13.0,26.0,29.0,20.0,27.0,44.0,45.0,4.0,4.0,3.0,9.0,5.0,12.0,60.0,11.0,259.0,42.0,35.0,14.0,35.0,9.0,14.0,20.0,8.0,14.0,27.0,8.0,18.0,24.0,10.0,17.0,24.0,9.0,12.0,19.0,7.0,9.0,10.0,9.0,10.0,10.0,10.0,27.0,36.0,45.0,49.0,3.0,4.0
2022,9,16,4,167,39,2,4,7,1,160000000,45.2,10.5,9.0,17.0,7.0,12.0,23.0,10.0,15.0,24.0,22.0,40.0,26.0,29.0,47.0,27.0,44.0,1.0,4.0,4.0,11.0,9.0,5.0,31.0,535.0,87.0,73.0,108.0,14.0,17.0,8.0,14.0,20.0,8.0,15.0,28.0,8.0,18.0,24.0,10.0,17.0,24.0,9.0,13.0,19.0,6.0,9.0,10.0,8.0,10.0,10.0,11.0,21.0,23.0,32.0,48.0,3.0,12.0
2022,9,20,1,135,37,2,2,15,1,174000000,49.2,11.0,10.0,9.0,17.0,27.0,12.0,23.0,36.0,15.0,24.0,45.0,40.0,26.0,49.0,47.0,27.0,3.0,1.0,4.0,4.0,11.0,9.0,284.0,95.0,123.0,35.0,28.0,4.0,18.0,9.0,15.0,21.0,8.0,16.0,28.0,9.0,19.0,24.0,10.0,16.0,24.0,8.0,13.0,18.0,5.0,9.0,10.0,7.0,10.0,10.0,14.0,15.0,22.0,35.0,48.0,3.0,8.0
2022,9,23,4,134,34,3,2,11,1,194000000,22.0,20.5,11.0,10.0,9.0,21.0,27.0,12.0,23.0,36.0,15.0,32.0,45.0,40.0,48.0,49.0,47.0,3.0,3.0,1.0,12.0,4.0,11.0,42.0,168.0,17.0,42.0,3.0,3.0,38.0,9.0,15.0,21.0,8.0,16.0,28.0,9.0,18.0,24.0,10.0,15.0,24.0,7.0,13.0,18.0,5.0,9.0,10.0,7.0,10.0,10.0,4.0,20.0,21.0,34.0,44.0,1.0,3.0
2022,9,27,1,123,40,4,2,4,0,17000000,25.4,9.0,14.0,11.0,10.0,15.0,21.0,27.0,22.0,23.0,36.0,35.0,32.0,45.0,48.0,48.0,49.0,3.0,3.0,3.0,8.0,12.0,4.0,28.0,147.0,49.0,88.0,21.0,14.0,35.0,8.0,15.0,21.0,8.0,17.0,28.0,9.0,18.0,24.0,10.0,15.0,24.0,7.0,13.0,18.0,4.0,9.0,10.0,7.0,10.0,10.0,1.0,2.0,11.0,16.0,26.0,3.0,12.0
2022,9,30,4,56,25,3,1,15,1,30000000,63.6,6.5,4.0,14.0,11.0,20.0,15.0,21.0,21.0,22.0,23.0,34.0,35.0,32.0,44.0,48.0,48.0,1.0,3.0,3.0,3.0,8.0,12.0,175.0,199.0,822.0,927.0,199.0,7.0,10.0,8.0,16.0,21.0,9.0,18.0,29.0,9.0,19.0,24.0,10.0,16.0,25.0,8.0,14.0,19.0,3.0,9.0,10.0,7.0,10.0,10.0,3.0,18.0,28.0,42.0,43.0,3.0,12.0
2022,10,4,1,134,40,3,3,15,1,40000000,59.8,4.0,1.0,4.0,14.0,2.0,20.0,15.0,11.0,21.0,22.0,16.0,34.0,35.0,26.0,44.0,48.0,3.0,1.0,3.0,12.0,3.0,8.0,60.0,63.0,63.0,126.0,189.0,4.0,4.0,9.0,15.0,20.0,9.0,17.0,28.0,9.0,18.0,24.0,10.0,17.0,25.0,8.0,14.0,20.0,3.0,9.0,10.0,7.0,9.0,10.0,26.0,27.0,42.0,45.0,50.0,1.0,12.0
2022,10,7,4,190,24,3,5,13,1,55000000,25.8,6.5,3.0,1.0,4.0,18.0,2.0,20.0,28.0,11.0,21.0,42.0,16.0,34.0,43.0,26.0,44.0,3.0,3.0,1.0,12.0,12.0,3.0,1011.0,21.0,101.0,21.0,77.0,10.0,3.0,10.0,16.0,21.0,9.0,17.0,27.0,9.0,19.0,24.0,9.0,17.0,25.0,8.0,14.0,20.0,3.0,9.0,10.0,7.0,9.0,10.0,8.0,23.0,32.0,35.0,40.0,1.0,8.0
2022,10,11,1,138,32,3,3,9,1,66000000,46.4,11.0,26.0,3.0,1.0,27.0,18.0,2.0,42.0,28.0,11.0,45.0,42.0,16.0,50.0,43.0,26.0,1.0,3.0,3.0,12.0,12.0,12.0,144.0,32.0,273.0,18.0,119.0,4.0,18.0,10.0,17.0,21.0,8.0,17.0,27.0,10.0,20.0,25.0,8.0,17.0,25.0,9.0,15.0,20.0,3.0,9.0,10.0,6.0,9.0,10.0,24.0,28.0,29.0,34.0,48.0,3.0,7.0
2022,10,14,4,163,24,4,4,10,0,79000000,24.2,34.5,8.0,26.0,3.0,23.0,27.0,18.0,32.0,42.0,28.0,35.0,45.0,42.0,40.0,50.0,43.0,1.0,1.0,3.0,8.0,12.0,12.0,563.0,133.0,84.0,17.0,21.0,10.0,98.0,10.0,17.0,22.0,9.0,18.0,27.0,10.0,19.0,25.0,7.0,17.0,25.0,8.0,14.0,19.0,2.0,9.0,10.0,6.0,10.0,10.0,3.0,5.0,13.0,42.0,48.0,1.0,6.0
2022,10,18,1,111,45,2,2,7,1,89000000,31.8,33.5,24.0,8.0,26.0,28.0,23.0,27.0,29.0,32.0,42.0,34.0,35.0,45.0,48.0,40.0,50.0,3.0,1.0,1.0,7.0,8.0,12.0,14.0,84.0,46.0,14.0,4.0,7.0,60.0,9.0,16.0,22.0,9.0,18.0,27.0,10.0,19.0,25.0,6.0,17.0,25.0,7.0,14.0,19.0,2.0,9.0,10.0,6.0,10.0,10.0,25.0,26.0,28.0,38.0,40.0,1.0,6.0
2022,10,21,4,157,15,4,4,7,1,103000000,28.6,3.0,3.0,24.0,8.0,5.0,28.0,23.0,13.0,29.0,32.0,42.0,34.0,35.0,48.0,48.0,40.0,1.0,3.0,1.0,6.0,7.0,8.0,245.0,59.0,17.0,56.0,10.0,3.0,3.0,9.0,17.0,23.0,10.0,18.0,27.0,9.0,18.0,24.0,7.0,16.0,25.0,6.0,14.0,19.0,2.0,9.0,10.0,5.0,10.0,10.0,7.0,24.0,34.0,39.0,46.0,1.0,6.0
2022,10,25,1,150,39,3,3,7,1,115000000,48.6,4.0,25.0,3.0,24.0,26.0,5.0,28.0,28.0,13.0,29.0,38.0,42.0,34.0,40.0,48.0,48.0,1.0,1.0,3.0,6.0,6.0,7.0,49.0,193.0,74.0,63.0,109.0,4.0,4.0,9.0,17.0,23.0,10.0,19.0,28.0,9.0,17.0,23.0,7.0,15.0,25.0,7.0,15.0,19.0,2.0,9.0,10.0,5.0,10.0,10.0,14.0,16.0,21.0,28.0,35.0,1.0,11.0
2022,10,28,4,114,21,3,2,12,0,130000000,23.6,24.0,7.0,25.0,3.0,24.0,26.0,5.0,34.0,28.0,13.0,39.0,38.0,42.0,46.0,40.0,48.0,1.0,1.0,1.0,6.0,6.0,6.0,35.0,143.0,31.0,171.0,315.0,3.0,45.0,9.0,17.0,23.0,10.0,20.0,27.0,8.0,17.0,22.0,8.0,16.0,24.0,8.0,16.0,20.0,2.0,9.0,10.0,6.0,10.0,10.0,19.0,37.0,42.0,47.0,48.0,1.0,6.0
2022,11,1,1,193,29,2,4,7,1,142000000,56.8,5.5,14.0,7.0,25.0,16.0,24.0,26.0,21.0,34.0,28.0,28.0,39.0,38.0,35.0,46.0,40.0,1.0,1.0,1.0,11.0,6.0,6.0,70.0,448.0,25.0,126.0,14.0,4.0,7.0,9.0,17.0,23.0,10.0,20.0,27.0,8.0,16.0,22.0,9.0,17.0,24.0,7.0,16.0,19.0,2.0,8.0,10.0,5.0,10.0,10.0,2.0,11.0,37.0,45.0,47.0,2.0,3.0
2022,11,4,4,142,45,1,3,5,1,160000000,20.8,47.0,19.0,14.0,7.0,37.0,16.0,24.0,42.0,21.0,34.0,47.0,28.0,39.0,48.0,35.0,46.0,1.0,1.0,1.0,6.0,11.0,6.0,77.0,175.0,301.0,28.0,52.0,73.0,38.0,9.0,16.0,23.0,10.0,20.0,27.0,8.0,17.0,23.0,8.0,16.0,24.0,7.0,16.0,19.0,3.0,7.0,10.0,6.0,10.0,10.0,3.0,5.0,32.0,33.0,50.0,1.0,8.0
2022,11,8,1,123,47,2,3,9,1,17000000,39.4,17.5,2.0,19.0,14.0,11.0,37.0,16.0,37.0,42.0,21.0,45.0,47.0,28.0,47.0,48.0,35.0,2.0,1.0,1.0,3.0,6.0,11.0,21.0,21.0,28.0,266.0,32.0,7.0,28.0,9.0,16.0,22.0,9.0,19.0,27.0,8.0,17.0,22.0,9.0,17.0,24.0,6.0,15.0,19.0,3.0,6.0,10.0,6.0,9.0,10.0,2.0,19.0,24.0,25.0,44.0,2.0,10.0
2022,11,11,4,114,42,3,1,12,2,30000000,20.0,49.0,3.0,2.0,19.0,5.0,11.0,37.0,32.0,37.0,42.0,33.0,45.0,47.0,50.0,47.0,48.0,1.0,2.0,1.0,8.0,3.0,6.0,7.0,94.0,63.0,108.0,45.0,7.0,91.0,8.0,16.0,22.0,9.0,19.0,26.0,9.0,17.0,22.0,10.0,18.0,24.0,7.0,14.0,19.0,3.0,5.0,10.0,6.0,10.0,10.0,13.0,21.0,24.0,31.0,33.0,1.0,12.0
2022,11,15,1,122,20,1,2,13,1,40000000,28.2,23.0,2.0,3.0,2.0,19.0,5.0,11.0,24.0,32.0,37.0,25.0,33.0,45.0,44.0,50.0,47.0,2.0,1.0,2.0,10.0,8.0,3.0,277.0,56.0,4.0,151.0,616.0,7.0,39.0,8.0,17.0,23.0,9.0,18.0,25.0,9.0,17.0,22.0,10.0,18.0,23.0,8.0,14.0,19.0,3.0,5.0,10.0,7.0,10.0,10.0,13.0,16.0,19.0,35.0,41.0,1.0,11.0
2022,11,18,4,124,28,1,2,12,0,54000000,34.8,12.0,13.0,2.0,3.0,21.0,19.0,5.0,24.0,24.0,32.0,31.0,25.0,33.0,33.0,44.0,50.0,1.0,2.0,1.0,12.0,10.0,8.0,3.0,21.0,304.0,38.0,122.0,3.0,21.0,7.0,17.0,22.0,8.0,18.0,25.0,9.0,17.0,23.0,10.0,18.0,23.0,9.0,15.0,19.0,2.0,5.0,10.0,6.0,10.0,10.0,21.0,22.0,24.0,29.0,42.0,3.0,11.0
2022,11,22,1,138,21,3,2,14,0,65000000,26.8,11.0,13.0,13.0,2.0,16.0,21.0,19.0,19.0,24.0,24.0,35.0,31.0,25.0,41.0,33.0,44.0,1.0,1.0,2.0,11.0,12.0,10.0,224.0,186.0,7.0,77.0,102.0,39.0,4.0,8.0,17.0,23.0,9.0,19.0,26.0,8.0,16.0,23.0,10.0,18.0,23.0,10.0,16.0,19.0,3.0,4.0,10.0,6.0,10.0,10.0,19.0,21.0,35.0,37.0,39.0,2.0,6.0
2022,11,25,4,151,20,0,3,8,2,77000000,13.8,19.0,21.0,13.0,13.0,22.0,16.0,21.0,24.0,19.0,24.0,29.0,35.0,31.0,42.0,41.0,33.0,3.0,1.0,1.0,11.0,11.0,12.0,24.0,10.0,140.0,168.0,101.0,14.0,24.0,7.0,17.0,22.0,8.0,18.0,26.0,8.0,16.0,23.0,10.0,18.0,23.0,10.0,16.0,19.0,3.0,4.0,10.0,6.0,10.0,10.0,15.0,20.0,24.0,35.0,38.0,8.0,12.0
2022,11,29,1,132,23,3,2,20,2,87000000,36.0,17.5,19.0,21.0,13.0,21.0,22.0,16.0,35.0,24.0,19.0,37.0,29.0,35.0,39.0,42.0,41.0,2.0,3.0,1.0,6.0,11.0,11.0,186.0,63.0,7.0,11.0,102.0,116.0,14.0,7.0,18.0,23.0,8.0,18.0,26.0,7.0,16.0,23.0,9.0,17.0,23.0,10.0,16.0,18.0,4.0,5.0,10.0,6.0,10.0,10.0,12.0,21.0,35.0,39.0,45.0,6.0,11.0
2022,12,2,4,152,33,1,3,17,1,130000000,25.0,8.5,15.0,19.0,21.0,20.0,21.0,22.0,24.0,35.0,24.0,35.0,37.0,29.0,38.0,39.0,42.0,8.0,2.0,3.0,12.0,6.0,11.0,182.0,7.0,7.0,38.0,91.0,112.0,10.0,7.0,19.0,24.0,8.0,17.0,26.0,6.0,16.0,23.0,9.0,17.0,23.0,10.0,17.0,18.0,5.0,6.0,9.0,6.0,9.0,10.0,12.0,20.0,25.0,26.0,27.0,8.0,12.0
2022,12,6,1,110,15,3,2,20,2,143000000,28.4,7.0,12.0,15.0,19.0,21.0,20.0,21.0,35.0,24.0,35.0,39.0,35.0,37.0,45.0,38.0,39.0,6.0,8.0,2.0,11.0,12.0,6.0,4.0,7.0,102.0,88.0,88.0,7.0,7.0,7.0,18.0,24.0,7.0,17.0,25.0,6.0,17.0,23.0,9.0,17.0,23.0,10.0,17.0,18.0,5.0,5.0,9.0,6.0,8.0,10.0,8.0,27.0,31.0,46.0,50.0,1.0,3.0
2022,12,9,4,162,42,3,4,4,0,17000000,32.4,19.0,12.0,12.0,15.0,20.0,21.0,20.0,25.0,35.0,24.0,26.0,39.0,35.0,27.0,45.0,38.0,8.0,6.0,8.0,12.0,11.0,12.0,59.0,63.0,108.0,367.0,31.0,21.0,35.0,8.0,17.0,24.0,7.0,16.0,25.0,6.0,17.0,23.0,9.0,17.0,24.0,9.0,17.0,18.0,5.0,5.0,9.0,6.0,8.0,10.0,3.0,9.0,12.0,26.0,30.0,10.0,11.0
2022,12,13,1,80,27,3,2,21,1,27000000,70.0,21.5,8.0,12.0,12.0,27.0,20.0,21.0,31.0,25.0,35.0,46.0,26.0,39.0,50.0,27.0,45.0,1.0,8.0,6.0,3.0,12.0,11.0,35.0,116.0,273.0,7.0,329.0,284.0,11.0,8.0,16.0,24.0,7.0,17.0,25.0,6.0,17.0,24.0,8.0,17.0,24.0,10.0,17.0,19.0,6.0,6.0,10.0,5.0,7.0,10.0,2.0,15.0,19.0,35.0,44.0,2.0,7.0
2022,12,16,4,115,42,2,2,9,1,40000000,24.4,42.0,3.0,8.0,12.0,9.0,27.0,20.0,12.0,31.0,25.0,26.0,46.0,26.0,30.0,50.0,27.0,10.0,1.0,8.0,11.0,3.0,12.0,35.0,84.0,28.0,17.0,35.0,21.0,63.0,8.0,15.0,24.0,7.0,17.0,25.0,6.0,16.0,24.0,7.0,16.0,23.0,10.0,17.0,19.0,6.0,6.0,10.0,5.0,7.0,10.0,1.0,11.0,17.0,20.0,27.0,4.0,5.0
2022,12,20,1,76,26,1,1,9,1,51000000,50.8,100.0,2.0,3.0,8.0,15.0,9.0,27.0,19.0,12.0,31.0,35.0,26.0,46.0,44.0,30.0,50.0,2.0,10.0,1.0,7.0,11.0,3.0,81.0,46.0,147.0,109.0,14.0,102.0,105.0,9.0,15.0,24.0,8.0,17.0,24.0,7.0,16.0,24.0,7.0,17.0,23.0,9.0,17.0,19.0,7.0,7.0,10.0,6.0,8.0,10.0,16.0,17.0,23.0,26.0,35.0,5.0,11.0
2022,12,23,4,117,19,2,2,16,0,17000000,25.6,6.5,1.0,2.0,3.0,11.0,15.0,9.0,17.0,19.0,12.0,20.0,35.0,26.0,27.0,44.0,30.0,4.0,2.0,10.0,5.0,7.0,11.0,154.0,133.0,94.0,10.0,56.0,136.0,10.0,9.0,15.0,24.0,8.0,18.0,24.0,8.0,17.0,24.0,7.0,17.0,23.0,9.0,17.0,19.0,8.0,8.0,10.0,6.0,8.0,10.0,19.0,31.0,33.0,34.0,43.0,3.0,5.0
2022,12,27,1,160,24,1,4,8,0,26000000,43.6,11.0,16.0,1.0,2.0,17.0,11.0,15.0,23.0,17.0,19.0,26.0,20.0,35.0,35.0,27.0,44.0,5.0,4.0,2.0,11.0,5.0,7.0,32.0,172.0,144.0,74.0,84.0,35.0,7.0,8.0,15.0,24.0,8.0,18.0,24.0,9.0,17.0,24.0,7.0,16.0,23.0,9.0,16.0,19.0,8.0,8.0,10.0,6.0,8.0,10.0,17.0,34.0,42.0,47.0,48.0,1.0,9.0
2022,12,30,4,188,31,3,4,10,0,17000000,32.6,66.5,19.0,16.0,1.0,31.0,17.0,11.0,33.0,23.0,17.0,34.0,26.0,20.0,43.0,35.0,27.0,3.0,5.0,4.0,5.0,11.0,5.0,112.0,724.0,59.0,59.0,59.0,21.0,112.0,9.0,16.0,23.0,9.0,18.0,25.0,10.0,17.0,24.0,7.0,16.0,23.0,9.0,16.0,19.0,8.0,8.0,10.0,6.0,9.0,10.0,20.0,21.0,29.0,45.0,46.0,3.0,10.0
2023,1,3,1,161,26,2,3,13,1,27000000,29.0,14.0,17.0,19.0,16.0,34.0,31.0,17.0,42.0,33.0,23.0,47.0,34.0,26.0,48.0,43.0,35.0,1.0,3.0,5.0,9.0,5.0,11.0,469.0,32.0,81.0,60.0,70.0,7.0,53.0,9.0,16.0,24.0,9.0,18.0,25.0,10.0,17.0,24.0,8.0,16.0,23.0,9.0,16.0,19.0,8.0,8.0,10.0,7.0,9.0,10.0,16.0,31.0,35.0,44.0,45.0,4.0,12.0
2023,1,6,4,171,29,2,4,16,2,40000000,12.4,24.0,20.0,17.0,19.0,21.0,34.0,31.0,29.0,42.0,33.0,45.0,47.0,34.0,46.0,48.0,43.0,3.0,1.0,3.0,10.0,9.0,5.0,14.0,10.0,35.0,196.0,35.0,17.0,31.0,9.0,16.0,24.0,9.0,17.0,25.0,10.0,17.0,24.0,8.0,17.0,24.0,9.0,16.0,19.0,7.0,8.0,10.0,7.0,9.0,10.0,11.0,13.0,34.0,40.0,42.0,3.0,10.0
2023,1,10,1,140,31,3,3,13,1,50000000,35.4,7.0,16.0,20.0,17.0,31.0,21.0,34.0,35.0,29.0,42.0,44.0,45.0,47.0,45.0,46.0,48.0,4.0,3.0,1.0,12.0,10.0,9.0,112.0,231.0,77.0,119.0,49.0,7.0,7.0,9.0,16.0,23.0,9.0,17.0,26.0,10.0,17.0,23.0,9.0,18.0,24.0,10.0,16.0,19.0,6.0,8.0,10.0,7.0,9.0,10.0,4.0,13.0,25.0,33.0,37.0,5.0,10.0
2023,1,13,4,112,33,1,2,15,1,65000000,43.0,10.0,11.0,16.0,20.0,13.0,31.0,21.0,34.0,35.0,29.0,40.0,44.0,45.0,42.0,45.0,46.0,3.0,4.0,3.0,10.0,12.0,10.0,108.0,3.0,38.0,66.0,234.0,21.0,3.0,9.0,17.0,23.0,8.0,17.0,26.0,10.0,16.0,23.0,9.0,17.0,24.0,10.0,17.0,20.0,6.0,8.0,10.0,6.0,9.0,10.0,18.0,21.0,30.0,46.0,50.0,2.0,6.0
2023,1,17,1,165,32,4,3,8,2,17000000,41.4,39.0,4.0,11.0,16.0,13.0,13.0,31.0,25.0,34.0,35.0,33.0,40.0,44.0,37.0,42.0,45.0,5.0,3.0,4.0,10.0,10.0,12.0,161.0,14.0,245.0,39.0,39.0,32.0,53.0,9.0,17.0,23.0,7.0,16.0,26.0,10.0,16.0,24.0,10.0,16.0,24.0,10.0,16.0,20.0,5.0,8.0,10.0,7.0,9.0,10.0,3.0,6.0,13.0,40.0,42.0,7.0,11.0
2023,1,20,4,104,39,3,2,18,0,30000000,41.6,31.5,18.0,4.0,11.0,21.0,13.0,13.0,30.0,25.0,34.0,46.0,33.0,40.0,50.0,37.0,42.0,2.0,5.0,3.0,6.0,10.0,10.0,38.0,143.0,94.0,10.0,10.0,157.0,28.0,9.0,16.0,23.0,7.0,16.0,26.0,10.0,17.0,23.0,9.0,16.0,23.0,9.0,16.0,20.0,6.0,9.0,10.0,6.0,9.0,10.0,11.0,27.0,41.0,43.0,47.0,7.0,11.0
2023,1,24,1,169,36,0,4,18,0,40000000,33.8,4.0,3.0,18.0,4.0,6.0,21.0,13.0,13.0,30.0,25.0,40.0,46.0,33.0,42.0,50.0,37.0,7.0,2.0,5.0,11.0,6.0,10.0,14.0,46.0,340.0,179.0,81.0,4.0,4.0,8.0,15.0,23.0,7.0,16.0,26.0,10.0,17.0,24.0,9.0,16.0,24.0,9.0,16.0,20.0,6.0,9.0,10.0,6.0,9.0,10.0,8.0,9.0,15.0,19.0,31.0,10.0,12.0
2023,1,27,4,82,23,1,1,22,2,54000000,37.6,17.5,11.0,3.0,18.0,27.0,6.0,21.0,41.0,13.0,30.0,43.0,40.0,46.0,47.0,42.0,50.0,7.0,7.0,2.0,11.0,11.0,6.0,49.0,45.0,136.0,161.0,234.0,45.0,21.0,9.0,15.0,23.0,7.0,15.0,25.0,10.0,18.0,24.0,9.0,17.0,24.0,9.0,17.0,21.0,7.0,9.0,10.0,6.0,9.0,10.0,7.0,12.0,19.0,33.0,43.0,3.0,7.0
2023,1,31,1,114,36,1,2,10,0,64000000,35.2,14.0,8.0,11.0,3.0,9.0,27.0,6.0,15.0,41.0,13.0,19.0,43.0,40.0,31.0,47.0,42.0,10.0,7.0,7.0,12.0,11.0,11.0,98.0,140.0,46.0,18.0,35.0,21.0,46.0,9.0,16.0,23.0,8.0,16.0,25.0,10.0,17.0,24.0,8.0,17.0,23.0,9.0,17.0,21.0,7.0,9.0,10.0,6.0,9.0,10.0,2.0,14.0,17.0,32.0,45.0,3.0,10.0
2023,2,3,4,110,43,3,2,13,1,17000000,59.4,5.0,7.0,8.0,11.0,12.0,9.0,27.0,19.0,15.0,41.0,33.0,19.0,43.0,43.0,31.0,47.0,3.0,10.0,7.0,7.0,12.0,11.0,49.0,171.0,45.0,136.0,28.0,3.0,21.0,9.0,16.0,23.0,8.0,16.0,25.0,10.0,16.0,24.0,8.0,18.0,23.0,8.0,17.0,21.0,6.0,9.0,10.0,5.0,8.0,10.0,2.0,8.0,34.0,44.0,47.0,3.0,9.0
2023,2,7,1,135,45,4,3,12,0,36000000,17.8,21.5,2.0,7.0,8.0,14.0,12.0,9.0,17.0,19.0,15.0,32.0,33.0,19.0,45.0,43.0,31.0,3.0,3.0,10.0,10.0,7.0,12.0,4.0,277.0,28.0,32.0,14.0,4.0,39.0,8.0,16.0,23.0,9.0,16.0,26.0,9.0,16.0,24.0,7.0,17.0,23.0,7.0,17.0,21.0,6.0,9.0,10.0,6.0,8.0,10.0,3.0,13.0,25.0,36.0,47.0,3.0,8.0
2023,2,10,4,124,44,1,2,11,1,51000000,44.0,34.5,2.0,2.0,7.0,8.0,14.0,12.0,34.0,17.0,19.0,44.0,32.0,33.0,47.0,45.0,43.0,3.0,3.0,3.0,9.0,10.0,7.0,21.0,28.0,28.0,262.0,3.0,3.0,94.0,7.0,16.0,23.0,8.0,16.0,26.0,8.0,16.0,24.0,8.0,17.0,24.0,7.0,16.0,21.0,5.0,9.0,10.0,7.0,9.0,10.0,24.0,26.0,38.0,43.0,46.0,2.0,3.0
2023,2,14,1,177,22,4,4,5,1,62000000,49.8,16.0,3.0,2.0,2.0,13.0,8.0,14.0,25.0,34.0,17.0,36.0,44.0,32.0,47.0,47.0,45.0,3.0,3.0,3.0,8.0,9.0,10.0,123.0,116.0,200.0,21.0,42.0,28.0,67.0,8.0,16.0,23.0,9.0,16.0,26.0,9.0,17.0,25.0,8.0,17.0,24.0,8.0,15.0,21.0,5.0,9.0,10.0,8.0,9.0,10.0,8.0,23.0,27.0,42.0,45.0,1.0,9.0
2023,2,17,4,145,37,2,3,10,0,77000000,26.4,29.5,24.0,3.0,2.0,26.0,13.0,8.0,38.0,25.0,34.0,43.0,36.0,44.0,46.0,47.0,47.0,2.0,3.0,3.0,3.0,8.0,9.0,21.0,129.0,213.0,122.0,14.0,49.0,10.0,7.0,15.0,22.0,10.0,16.0,26.0,10.0,18.0,26.0,9.0,17.0,24.0,7.0,15.0,21.0,5.0,9.0,9.0,8.0,9.0,10.0,21.0,22.0,34.0,41.0,49.0,2.0,7.0
2023,2,21,1,167,28,2,3,9,1,87000000,65.2,14.0,8.0,24.0,3.0,23.0,26.0,13.0,27.0,38.0,25.0,42.0,43.0,36.0,45.0,46.0,47.0,1.0,2.0,3.0,9.0,3.0,8.0,91.0,91.0,14.0,581.0,158.0,7.0,21.0,7.0,16.0,22.0,10.0,17.0,26.0,9.0,18.0,25.0,9.0,17.0,24.0,7.0,15.0,20.0,5.0,9.0,9.0,7.0,9.0,10.0,7.0,23.0,34.0,42.0,48.0,1.0,3.0
2023,2,24,4,154,41,3,3,4,0,101000000,19.4,8.5,21.0,8.0,24.0,22.0,23.0,26.0,34.0,27.0,38.0,41.0,42.0,43.0,49.0,45.0,46.0,2.0,1.0,2.0,7.0,9.0,3.0,24.0,7.0,3.0,7.0,56.0,7.0,10.0,7.0,15.0,22.0,9.0,17.0,26.0,8.0,17.0,25.0,8.0,17.0,24.0,7.0,14.0,20.0,5.0,9.0,9.0,7.0,9.0,10.0,12.0,29.0,33.0,37.0,47.0,5.0,10.0
2023,2,28,1,158,35,1,4,15,1,17000000,35.2,35.5,7.0,21.0,8.0,23.0,22.0,23.0,34.0,34.0,27.0,42.0,41.0,42.0,48.0,49.0,45.0,1.0,2.0,1.0,3.0,7.0,9.0,84.0,207.0,63.0,95.0,18.0,46.0,25.0,7.0,15.0,22.0,9.0,18.0,26.0,8.0,17.0,25.0,9.0,17.0,24.0,7.0,14.0,20.0,5.0,8.0,9.0,6.0,9.0,10.0,3.0,6.0,8.0,24.0,50.0,10.0,11.0
2023,3,3,4,91,47,4,1,21,1,130000000,27.8,20.5,12.0,7.0,21.0,29.0,23.0,22.0,33.0,34.0,34.0,37.0,42.0,41.0,47.0,48.0,49.0,5.0,1.0,2.0,10.0,3.0,7.0,21.0,42.0,532.0,301.0,45.0,35.0,38.0,7.0,15.0,22.0,9.0,17.0,26.0,8.0,18.0,26.0,9.0,18.0,25.0,7.0,14.0,20.0,5.0,7.0,9.0,6.0,9.0,10.0,11.0,13.0,24.0,35.0,50.0,6.0,11.0
2023,3,7,1,133,39,2,2,17,1,143000000,27.0,26.5,3.0,12.0,7.0,6.0,29.0,23.0,8.0,33.0,34.0,24.0,37.0,42.0,50.0,47.0,48.0,10.0,5.0,1.0,11.0,10.0,3.0,42.0,25.0,98.0,81.0,4.0,95.0,4.0,8.0,15.0,21.0,8.0,17.0,26.0,8.0,18.0,26.0,9.0,18.0,25.0,6.0,14.0,20.0,6.0,8.0,9.0,6.0,9.0,10.0,9.0,16.0,37.0,38.0,48.0,2.0,7.0
2023,3,10,4,148,39,3,3,9,1,17000000,30.6,17.0,11.0,3.0,12.0,13.0,6.0,29.0,24.0,8.0,33.0,35.0,24.0,37.0,50.0,50.0,47.0,6.0,10.0,5.0,11.0,11.0,10.0,178.0,112.0,126.0,140.0,14.0,17.0,17.0,9.0,16.0,21.0,8.0,18.0,26.0,8.0,18.0,25.0,9.0,19.0,25.0,6.0,13.0,20.0,6.0,8.0,9.0,6.0,9.0,9.0,16.0,26.0,28.0,31.0,46.0,11.0,12.0
2023,3,14,1,147,30,4,4,23,1,27000000,48.6,26.5,9.0,11.0,3.0,16.0,13.0,6.0,37.0,24.0,8.0,38.0,35.0,24.0,48.0,50.0,50.0,2.0,6.0,10.0,7.0,11.0,11.0,67.0,28.0,144.0,119.0,28.0,200.0,46.0,9.0,16.0,21.0,7.0,17.0,26.0,9.0,19.0,25.0,9.0,20.0,25.0,6.0,12.0,20.0,7.0,9.0,10.0,7.0,9.0,9.0,5.0,15.0,26.0,37.0,49.0,8.0,11.0
2023,3,17,4,132,44,1,3,19,1,40000000,42.4,19.0,16.0,9.0,11.0,26.0,16.0,13.0,28.0,37.0,24.0,31.0,38.0,35.0,46.0,48.0,50.0,11.0,2.0,6.0,12.0,7.0,11.0,304.0,91.0,318.0,17.0,24.0,101.0,10.0,10.0,16.0,22.0,8.0,17.0,26.0,9.0,20.0,25.0,8.0,19.0,25.0,6.0,11.0,20.0,7.0,10.0,10.0,6.0,9.0,9.0,1.0,9.0,20.0,29.0,32.0,2.0,3.0
2023,3,21,1,91,31,2,2,5,1,51000000,49.2,18.0,5.0,16.0,9.0,15.0,26.0,16.0,26.0,28.0,37.0,37.0,31.0,38.0,49.0,46.0,48.0,8.0,11.0,2.0,11.0,12.0,7.0,91.0,53.0,326.0,119.0,392.0,11.0,25.0,10.0,17.0,22.0,9.0,16.0,26.0,9.0,20.0,26.0,8.0,19.0,25.0,7.0,11.0,21.0,7.0,10.0,10.0,6.0,9.0,9.0,5.0,12.0,25.0,36.0,46.0,6.0,10.0
2023,3,24,4,124,41,3,2,16,2,66000000,25.0,19.0,1.0,5.0,16.0,9.0,15.0,26.0,20.0,26.0,28.0,29.0,37.0,31.0,32.0,49.0,46.0,2.0,8.0,11.0,3.0,11.0,12.0,7.0,52.0,42.0,42.0,10.0,17.0,24.0,9.0,16.0,22.0,10.0,16.0,25.0,9.0,20.0,25.0,9.0,18.0,24.0,6.0,11.0,20.0,7.0,10.0,10.0,5.0,8.0,9.0,16.0,21.0,34.0,36.0,44.0,9.0,10.0
2023,3,28,1,151,28,4,3,19,1,17000000,26.8,21.5,5.0,1.0,5.0,12.0,9.0,15.0,25.0,20.0,26.0,36.0,29.0,37.0,46.0,32.0,49.0,6.0,2.0,8.0,10.0,3.0,11.0,14.0,70.0,32.0,4.0,102.0,291.0,4.0,8.0,15.0,22.0,10.0,15.0,24.0,9.0,19.0,25.0,8.0,17.0,24.0,7.0,12.0,20.0,8.0,11.0,11.0,5.0,8.0,9.0,16.0,18.0,28.0,34.0,47.0,5.0,10.0
2023,3,31,4,143,31,4,3,15,1,30000000,25.4,17.0,16.0,5.0,1.0,21.0,12.0,9.0,34.0,25.0,20.0,36.0,36.0,29.0,44.0,46.0,32.0,9.0,6.0,2.0,10.0,10.0,3.0,3.0,178.0,17.0,94.0,31.0,31.0,3.0,7.0,14.0,21.0,10.0,16.0,25.0,9.0,18.0,25.0,8.0,17.0,24.0,7.0,12.0,20.0,7.0,11.0,11.0,5.0,8.0,9.0,10.0,16.0,31.0,33.0,50.0,3.0,8.0
2023,4,4,1,140,40,3,3,11,1,40000000,57.6,16.0,16.0,16.0,5.0,18.0,21.0,12.0,28.0,34.0,25.0,34.0,36.0,36.0,47.0,44.0,46.0,5.0,9.0,6.0,10.0,10.0,10.0,200.0,25.0,116.0,63.0,28.0,53.0,53.0,7.0,15.0,22.0,9.0,15.0,25.0,9.0,18.0,25.0,9.0,17.0,24.0,7.0,12.0,20.0,8.0,10.0,11.0,6.0,8.0,9.0,5.0,26.0,28.0,36.0,46.0,6.0,12.0
2023,4,7,4,141,41,4,4,18,2,54000000,13.2,19.0,10.0,16.0,16.0,16.0,18.0,21.0,31.0,28.0,34.0,33.0,34.0,36.0,50.0,47.0,44.0,3.0,5.0,9.0,8.0,10.0,10.0,14.0,24.0,7.0,10.0,14.0,14.0,24.0,6.0,15.0,22.0,8.0,15.0,24.0,8.0,18.0,25.0,8.0,17.0,24.0,7.0,12.0,20.0,7.0,10.0,11.0,6.0,8.0,9.0,10.0,14.0,16.0,19.0,29.0,2.0,10.0
2023,4,11,1,88,19,3,1,12,2,64000000,34.4,16.0,5.0,10.0,16.0,26.0,16.0,18.0,28.0,31.0,28.0,36.0,33.0,34.0,46.0,50.0,47.0,6.0,3.0,5.0,12.0,8.0,10.0,7.0,67.0,368.0,74.0,336.0,21.0,11.0,5.0,14.0,22.0,8.0,15.0,24.0,8.0,19.0,26.0,8.0,17.0,24.0,8.0,12.0,21.0,7.0,10.0,11.0,6.0,8.0,9.0,4.0,11.0,37.0,44.0,49.0,6.0,7.0
2023,4,14,4,145,45,2,3,13,1,76000000,40.4,21.0,10.0,5.0,10.0,14.0,26.0,16.0,16.0,28.0,31.0,19.0,36.0,33.0,29.0,46.0,50.0,2.0,6.0,3.0,10.0,12.0,8.0,91.0,115.0,35.0,66.0,28.0,7.0,35.0,5.0,14.0,21.0,9.0,16.0,24.0,8.0,18.0,26.0,8.0,16.0,24.0,7.0,12.0,20.0,7.0,10.0,11.0,6.0,7.0,9.0,17.0,21.0,23.0,35.0,37.0,10.0,11.0
2023,4,18,1,133,20,0,2,21,1,86000000,38.8,19.5,4.0,10.0,5.0,11.0,14.0,26.0,37.0,16.0,28.0,44.0,19.0,36.0,49.0,29.0,46.0,6.0,2.0,6.0,7.0,10.0,12.0,109.0,21.0,116.0,42.0,95.0,46.0,32.0,6.0,15.0,21.0,9.0,16.0,23.0,9.0,18.0,26.0,8.0,15.0,24.0,8.0,12.0,20.0,7.0,10.0,11.0,6.0,7.0,9.0,7.0,8.0,18.0,33.0,42.0,2.0,8.0
2023,4,21,4,108,35,3,2,10,2,100000000,39.8,13.5,17.0,4.0,10.0,21.0,11.0,14.0,23.0,37.0,16.0,35.0,44.0,19.0,37.0,49.0,29.0,10.0,6.0,2.0,11.0,7.0,10.0,56.0,73.0,350.0,17.0,91.0,10.0,17.0,7.0,15.0,20.0,9.0,15.0,23.0,9.0,18.0,26.0,7.0,15.0,23.0,9.0,13.0,20.0,6.0,9.0,11.0,6.0,7.0,9.0,10.0,29.0,30.0,40.0,45.0,1.0,12.0
2023,4,25,1,154,35,3,4,13,1,112000000,57.6,39.0,7.0,17.0,4.0,8.0,21.0,11.0,18.0,23.0,37.0,33.0,35.0,44.0,42.0,37.0,49.0,2.0,10.0,6.0,8.0,11.0,7.0,14.0,56.0,98.0,95.0,67.0,60.0,18.0,6.0,15.0,20.0,9.0,15.0,22.0,9.0,18.0,26.0,7.0,16.0,23.0,9.0,12.0,20.0,7.0,9.0,11.0,5.0,7.0,9.0,11.0,13.0,16.0,23.0,34.0,1.0,10.0
2023,4,28,4,97,23,2,1,11,1,128000000,24.2,6.5,10.0,7.0,17.0,29.0,8.0,21.0,30.0,18.0,23.0,40.0,33.0,35.0,45.0,42.0,37.0,1.0,2.0,10.0,12.0,8.0,11.0,52.0,52.0,17.0,413.0,588.0,3.0,17.0,7.0,15.0,20.0,9.0,15.0,22.0,8.0,17.0,26.0,8.0,17.0,24.0,10.0,12.0,21.0,7.0,9.0,11.0,5.0,7.0,9.0,7.0,32.0,44.0,47.0,48.0,7.0,8.0
2023,5,2,1,178,41,3,4,15,1,141000000,31.2,14.5,11.0,10.0,7.0,13.0,29.0,8.0,16.0,30.0,18.0,23.0,40.0,33.0,34.0,45.0,42.0,1.0,1.0,2.0,10.0,12.0,8.0,11.0,854.0,627.0,123.0,53.0,98.0,11.0,7.0,15.0,20.0,10.0,16.0,22.0,8.0,17.0,26.0,9.0,17.0,24.0,10.0,12.0,21.0,7.0,10.0,11.0,5.0,7.0,9.0,3.0,8.0,18.0,34.0,49.0,3.0,7.0
2023,5,5,4,112,46,3,2,10,0,158000000,23.8,17.0,7.0,11.0,10.0,32.0,13.0,29.0,44.0,16.0,30.0,47.0,23.0,40.0,48.0,34.0,45.0,7.0,1.0,1.0,8.0,10.0,12.0,63.0,14.0,14.0,35.0,21.0,31.0,21.0,7.0,14.0,20.0,9.0,16.0,21.0,8.0,17.0,26.0,9.0,17.0,23.0,9.0,12.0,21.0,6.0,10.0,11.0,5.0,7.0,9.0,13.0,17.0,21.0,28.0,46.0,7.0,9.0
2023,5,9,1,125,33,2,2,16,0,17000000,23.4,23.0,3.0,7.0,11.0,8.0,32.0,13.0,18.0,44.0,16.0,34.0,47.0,23.0,49.0,48.0,34.0,3.0,7.0,1.0,7.0,8.0,10.0,172.0,137.0,193.0,193.0,32.0,7.0,81.0,8.0,15.0,20.0,9.0,17.0,21.0,8.0,18.0,27.0,10.0,18.0,24.0,8.0,12.0,20.0,6.0,10.0,11.0,6.0,7.0,9.0,9.0,10.0,13.0,39.0,44.0,4.0,6.0
2023,5,12,4,115,35,2,2,10,2,30000000,48.6,77.0,13.0,3.0,7.0,17.0,8.0,32.0,21.0,18.0,44.0,28.0,34.0,47.0,46.0,49.0,48.0,7.0,3.0,7.0,9.0,7.0,8.0,63.0,248.0,112.0,161.0,45.0,126.0,115.0,8.0,14.0,20.0,9.0,18.0,22.0,8.0,18.0,27.0,10.0,18.0,24.0,9.0,12.0,19.0,7.0,11.0,11.0,7.0,8.0,9.0,4.0,6.0,9.0,14.0,37.0,4.0,11.0
2023,5,16,1,70,33,3,1,15,1,40000000,34.6,16.0,9.0,13.0,3.0,10.0,17.0,8.0,13.0,21.0,18.0,39.0,28.0,34.0,44.0,46.0,49.0,4.0,7.0,3.0,6.0,9.0,7.0,32.0,74.0,795.0,900.0,28.0,4.0,28.0,8.0,13.0,20.0,9.0,18.0,22.0,9.0,18.0,28.0,10.0,19.0,25.0,8.0,12.0,19.0,7.0,11.0,11.0,7.0,8.0,9.0,18.0,27.0,34.0,41.0,49.0,3.0,9.0
2023,5,19,4,169,31,2,4,12,0,55000000,44.0,12.0,4.0,9.0,13.0,6.0,10.0,17.0,9.0,13.0,21.0,14.0,39.0,28.0,37.0,44.0,46.0,4.0,4.0,7.0,11.0,6.0,9.0,122.0,115.0,52.0,87.0,14.0,14.0,10.0,9.0,13.0,20.0,9.0,18.0,22.0,9.0,18.0,28.0,10.0,19.0,25.0,8.0,12.0,18.0,6.0,11.0,11.0,7.0,8.0,9.0,5.0,6.0,14.0,23.0,34.0,2.0,11.0
2023,5,23,1,82,29,3,1,13,1,65000000,17.8,19.5,18.0,4.0,9.0,27.0,6.0,10.0,34.0,9.0,13.0,41.0,14.0,39.0,49.0,37.0,44.0,3.0,4.0,4.0,9.0,11.0,6.0,46.0,7.0,431.0,25.0,25.0,32.0,7.0,9.0,13.0,19.0,8.0,17.0,22.0,9.0,19.0,29.0,9.0,18.0,25.0,8.0,12.0,17.0,5.0,11.0,11.0,7.0,8.0,9.0,15.0,25.0,37.0,38.0,41.0,1.0,7.0
2023,5,26,4,156,26,1,3,8,0,77000000,45.4,22.5,5.0,18.0,4.0,6.0,27.0,6.0,14.0,34.0,9.0,23.0,41.0,14.0,34.0,49.0,37.0,2.0,3.0,4.0,11.0,9.0,11.0,178.0,381.0,42.0,77.0,189.0,28.0,21.0,10.0,13.0,20.0,9.0,18.0,23.0,10.0,18.0,29.0,9.0,18.0,25.0,8.0,13.0,18.0,5.0,11.0,11.0,7.0,8.0,9.0,27.0,29.0,32.0,33.0,47.0,2.0,8.0
2023,5,30,1,168,20,1,5,10,2,87000000,28.2,17.5,15.0,5.0,18.0,25.0,6.0,27.0,37.0,14.0,34.0,38.0,23.0,41.0,41.0,34.0,49.0,1.0,2.0,3.0,7.0,11.0,9.0,2835.0,35.0,203.0,39.0,60.0,7.0,28.0,10.0,14.0,21.0,9.0,18.0,22.0,10.0,18.0,30.0,9.0,17.0,25.0,8.0,13.0,18.0,5.0,11.0,11.0,6.0,8.0,9.0,3.0,12.0,15.0,25.0,43.0,10.0,11.0
2023,6,2,4,98,40,1,1,21,1,130000000,44.0,22.5,27.0,15.0,5.0,29.0,25.0,6.0,32.0,37.0,14.0,33.0,38.0,23.0,47.0,41.0,34.0,2.0,1.0,2.0,8.0,7.0,11.0,28.0,70.0,126.0,203.0,122.0,45.0,10.0,9.0,14.0,21.0,9.0,18.0,22.0,10.0,18.0,30.0,10.0,18.0,26.0,9.0,14.0,18.0,6.0,11.0,11.0,5.0,8.0,9.0,13.0,21.0,32.0,39.0,50.0,2.0,10.0
2023,6,6,1,155,37,2,3,12,2,17000000,29.6,5.5,3.0,27.0,15.0,12.0,29.0,25.0,15.0,32.0,37.0,25.0,33.0,38.0,43.0,47.0,41.0,10.0,2.0,1.0,11.0,8.0,7.0,28.0,49.0,7.0,25.0,63.0,7.0,39.0,8.0,14.0,21.0,9.0,18.0,22.0,9.0,18.0,29.0,9.0,18.0,26.0,9.0,14.0,17.0,6.0,11.0,11.0,6.0,8.0,9.0,18.0,26.0,36.0,41.0,50.0,11.0,12.0
2023,6,9,4,171,32,4,4,23,1,30000000,32.8,26.0,13.0,3.0,27.0,21.0,12.0,29.0,32.0,15.0,32.0,39.0,25.0,33.0,50.0,43.0,47.0,2.0,10.0,2.0,10.0,11.0,8.0,21.0,63.0,266.0,21.0,3.0,87.0,45.0,8.0,14.0,21.0,9.0,18.0,22.0,9.0,19.0,30.0,8.0,17.0,26.0,9.0,14.0,17.0,7.0,11.0,11.0,7.0,8.0,9.0,15.0,16.0,21.0,41.0,50.0,5.0,6.0
2023,6,13,1,143,35,2,2,11,1,39000000,14.4,53.0,18.0,13.0,3.0,26.0,21.0,12.0,36.0,32.0,15.0,41.0,39.0,25.0,50.0,50.0,43.0,11.0,2.0,10.0,12.0,10.0,11.0,18.0,70.0,35.0,4.0,4.0,74.0,32.0,8.0,14.0,21.0,9.0,17.0,22.0,9.0,18.0,30.0,7.0,16.0,25.0,8.0,14.0,16.0,7.0,10.0,11.0,7.0,8.0,9.0,7.0,26.0,34.0,41.0,44.0,9.0,11.0
2023,6,16,4,152,37,3,4,20,0,53000000,22.8,17.5,15.0,18.0,13.0,16.0,26.0,21.0,21.0,36.0,32.0,41.0,41.0,39.0,50.0,50.0,50.0,5.0,11.0,2.0,6.0,12.0,10.0,45.0,7.0,28.0,3.0,35.0,80.0,14.0,8.0,13.0,21.0,8.0,16.0,22.0,8.0,17.0,30.0,7.0,15.0,24.0,8.0,13.0,15.0,8.0,10.0,11.0,7.0,7.0,9.0,11.0,17.0,28.0,32.0,35.0,5.0,6.0
2023,6,20,1,123,24,2,3,11,1,64000000,42.8,7.0,7.0,15.0,18.0,26.0,16.0,26.0,34.0,21.0,36.0,41.0,41.0,41.0,44.0,50.0,50.0,9.0,5.0,11.0,11.0,6.0,12.0,53.0,42.0,74.0,137.0,179.0,7.0,7.0,8.0,13.0,20.0,9.0,16.0,22.0,8.0,16.0,30.0,7.0,16.0,24.0,8.0,14.0,16.0,7.0,10.0,11.0,7.0,7.0,8.0,1.0,3.0,11.0,33.0,46.0,10.0,11.0
2023,6,23,4,94,45,1,2,21,1,17000000,37.4,12.0,11.0,7.0,15.0,17.0,26.0,16.0,28.0,34.0,21.0,32.0,41.0,41.0,35.0,44.0,50.0,5.0,9.0,5.0,6.0,11.0,6.0,94.0,598.0,266.0,24.0,45.0,21.0,7.0,9.0,14.0,20.0,9.0,17.0,22.0,9.0,17.0,30.0,7.0,16.0,24.0,8.0,14.0,16.0,6.0,10.0,11.0,6.0,7.0,8.0,17.0,22.0,23.0,27.0,44.0,1.0,7.0
2023,6,27,1,133,27,2,2,8,0,26000000,41.4,32.0,1.0,11.0,7.0,3.0,17.0,26.0,11.0,28.0,34.0,33.0,32.0,41.0,46.0,35.0,44.0,10.0,5.0,9.0,11.0,6.0,11.0,70.0,126.0,70.0,322.0,11.0,32.0,32.0,9.0,13.0,19.0,9.0,17.0,22.0,9.0,17.0,29.0,7.0,17.0,24.0,7.0,14.0,16.0,6.0,10.0,11.0,6.0,7.0,8.0,1.0,6.0,25.0,29.0,36.0,7.0,10.0
2023,6,30,4,97,35,2,2,17,1,39000000,25.0,5.0,17.0,1.0,11.0,22.0,3.0,17.0,23.0,11.0,28.0,27.0,33.0,32.0,44.0,46.0,35.0,1.0,10.0,5.0,7.0,11.0,6.0,7.0,38.0,98.0,101.0,434.0,52.0,24.0,9.0,13.0,19.0,9.0,17.0,21.0,9.0,17.0,28.0,7.0,18.0,24.0,7.0,15.0,17.0,7.0,10.0,11.0,6.0,7.0,8.0,14.0,17.0,23.0,36.0,44.0,2.0,8.0
2023,7,4,1,134,30,3,2,10,2,50000000,13.4,31.5,1.0,17.0,1.0,6.0,22.0,3.0,25.0,23.0,11.0,29.0,27.0,33.0,36.0,44.0,46.0,7.0,1.0,10.0,10.0,7.0,11.0,249.0,14.0,7.0,88.0,7.0,28.0,35.0,9.0,14.0,20.0,8.0,17.0,21.0,9.0,17.0,28.0,8.0,18.0,24.0,6.0,15.0,17.0,7.0,10.0,11.0,6.0,7.0,8.0,2.0,11.0,12.0,19.0,38.0,4.0,8.0
2023,7,7,4,82,36,3,1,12,2,63000000,65.6,27.5,14.0,1.0,17.0,17.0,6.0,22.0,23.0,25.0,23.0,36.0,29.0,27.0,44.0,36.0,44.0,2.0,7.0,1.0,8.0,10.0,7.0,150.0,84.0,206.0,87.0,220.0,52.0,3.0,9.0,15.0,20.0,8.0,16.0,21.0,9.0,18.0,29.0,8.0,18.0,24.0,6.0,15.0,18.0,8.0,10.0,11.0,6.0,7.0,8.0,2.0,11.0,28.0,42.0,48.0,4.0,9.0
2023,7,11,1,131,46,4,3,13,1,73000000,36.0,14.5,2.0,14.0,1.0,11.0,17.0,6.0,12.0,23.0,25.0,19.0,36.0,29.0,38.0,44.0,36.0,4.0,2.0,7.0,8.0,8.0,10.0,4.0,4.0,21.0,137.0,70.0,4.0,53.0,8.0,15.0,20.0,7.0,16.0,21.0,8.0,18.0,29.0,8.0,18.0,23.0,7.0,15.0,18.0,8.0,9.0,11.0,7.0,7.0,8.0,5.0,8.0,29.0,35.0,48.0,5.0,6.0
2023,7,14,4,125,43,2,3,11,1,17000000,32.6,24.0,2.0,2.0,14.0,11.0,11.0,17.0,28.0,12.0,23.0,42.0,19.0,36.0,48.0,38.0,44.0,4.0,4.0,2.0,9.0,8.0,8.0,52.0,70.0,192.0,87.0,3.0,24.0,24.0,8.0,15.0,20.0,8.0,16.0,21.0,8.0,19.0,30.0,9.0,18.0,23.0,7.0,15.0,18.0,7.0,9.0,11.0,6.0,7.0,8.0,4.0,12.0,34.0,35.0,45.0,1.0,9.0
2023,7,18,1,130,41,3,3,10,0,26000000,38.8,14.0,5.0,2.0,2.0,8.0,11.0,11.0,29.0,28.0,12.0,35.0,42.0,19.0,48.0,48.0,38.0,5.0,4.0,4.0,6.0,9.0,8.0,63.0,46.0,32.0,4.0,84.0,21.0,7.0,8.0,15.0,20.0,8.0,16.0,21.0,7.0,19.0,29.0,9.0,18.0,23.0,7.0,14.0,18.0,7.0,9.0,11.0,6.0,7.0,8.0,7.0,31.0,33.0,35.0,36.0,7.0,10.0
2023,7,21,4,142,29,1,4,17,1,39000000,38.2,21.0,4.0,5.0,2.0,12.0,8.0,11.0,34.0,29.0,28.0,35.0,35.0,42.0,45.0,48.0,48.0,1.0,5.0,4.0,9.0,6.0,9.0,35.0,196.0,143.0,3.0,21.0,21.0,21.0,8.0,14.0,20.0,8.0,17.0,22.0,8.0,19.0,29.0,8.0,17.0,23.0,7.0,14.0,17.0,6.0,9.0,11.0,6.0,7.0,8.0,5.0,7.0,11.0,27.0,37.0,6.0,12.0
2023,7,25,1,87,32,0,2,18,2,49000000,23.4,28.5,7.0,4.0,5.0,31.0,12.0,8.0,33.0,34.0,29.0,35.0,35.0,35.0,36.0,45.0,48.0,7.0,1.0,5.0,10.0,9.0,6.0,11.0,406.0,32.0,28.0,70.0,102.0,46.0,7.0,14.0,20.0,9.0,17.0,23.0,8.0,18.0,28.0,7.0,17.0,23.0,7.0,14.0,17.0,7.0,10.0,11.0,7.0,7.0,8.0,7.0,32.0,33.0,34.0,38.0,6.0,9.0
2023,7,28,4,144,31,3,4,15,1,63000000,15.8,6.5,5.0,7.0,4.0,7.0,31.0,12.0,11.0,33.0,34.0,27.0,35.0,35.0,37.0,36.0,45.0,6.0,7.0,1.0,12.0,10.0,9.0,7.0,87.0,7.0,84.0,21.0,3.0,10.0,7.0,14.0,20.0,9.0,17.0,23.0,8.0,17.0,27.0,7.0,16.0,23.0,6.0,14.0,17.0,6.0,10.0,11.0,6.0,7.0,8.0,25.0,27.0,35.0,40.0,45.0,7.0,11.0
2023,8,1,1,172,20,1,4,18,0,71000000,32.4,25.0,7.0,5.0,7.0,32.0,7.0,31.0,33.0,11.0,33.0,34.0,27.0,35.0,38.0,37.0,36.0,6.0,6.0,7.0,9.0,12.0,10.0,284.0,74.0,207.0,98.0,14.0,11.0,39.0,7.0,15.0,21.0,9.0,17.0,23.0,9.0,17.0,28.0,8.0,17.0,23.0,6.0,14.0,17.0,6.0,10.0,11.0,6.0,7.0,8.0,15.0,20.0,31.0,44.0,48.0,1.0,3.0
2023,8,4,4,158,33,3,3,4,0,17000000,50.8,47.0,25.0,7.0,5.0,27.0,32.0,7.0,35.0,33.0,11.0,40.0,34.0,27.0,45.0,38.0,37.0,7.0,6.0,6.0,11.0,9.0,12.0,52.0,241.0,122.0,112.0,21.0,17.0,136.0,7.0,15.0,21.0,9.0,18.0,24.0,9.0,18.0,28.0,8.0,17.0,23.0,6.0,14.0,17.0,6.0,10.0,11.0,7.0,8.0,8.0,8.0,9.0,33.0,35.0,40.0,3.0,6.0
2023,8,8,1,125,32,2,3,9,1,26000000,26.8,7.5,15.0,25.0,7.0,20.0,27.0,32.0,31.0,35.0,33.0,44.0,40.0,34.0,48.0,45.0,38.0,1.0,7.0,6.0,3.0,11.0,9.0,172.0,140.0,11.0,18.0,291.0,81.0,25.0,7.0,15.0,20.0,9.0,18.0,24.0,8.0,17.0,27.0,7.0,17.0,22.0,6.0,15.0,18.0,6.0,10.0,11.0,7.0,8.0,8.0,4.0,6.0,10.0,13.0,34.0,3.0,5.0
2023,8,11,4,67,30,4,1,8,0,39000000,47.4,15.5,8.0,15.0,25.0,9.0,20.0,27.0,33.0,31.0,35.0,35.0,44.0,40.0,40.0,48.0,45.0,3.0,1.0,7.0,6.0,3.0,11.0,24.0,42.0,346.0,1732.0,80.0,3.0,227.0,7.0,15.0,20.0,10.0,18.0,24.0,8.0,17.0,27.0,7.0,17.0,23.0,7.0,15.0,18.0,6.0,10.0,11.0,7.0,9.0,9.0,3.0,5.0,9.0,32.0,43.0,6.0,10.0
2023,8,15,1,92,40,1,2,16,2,49000000,34.6,16.0,4.0,8.0,15.0,6.0,9.0,20.0,10.0,33.0,31.0,13.0,35.0,44.0,34.0,40.0,48.0,3.0,3.0,1.0,5.0,6.0,3.0,74.0,280.0,91.0,56.0,74.0,18.0,25.0,7.0,15.0,19.0,10.0,19.0,25.0,8.0,18.0,27.0,7.0,17.0,23.0,8.0,14.0,18.0,5.0,10.0,11.0,7.0,9.0,9.0,23.0,25.0,30.0,44.0,47.0,9.0,12.0
2023,8,18,4,169,24,2,3,21,1,63000000,54.2,22.5,3.0,4.0,8.0,5.0,6.0,9.0,9.0,10.0,33.0,32.0,13.0,35.0,43.0,34.0,40.0,6.0,3.0,3.0,10.0,5.0,6.0,756.0,84.0,115.0,14.0,80.0,63.0,24.0,8.0,16.0,20.0,10.0,19.0,24.0,8.0,18.0,27.0,7.0,16.0,23.0,9.0,14.0,18.0,5.0,10.0,11.0,7.0,9.0,9.0,2.0,9.0,23.0,32.0,40.0,6.0,7.0
2023,8,22,1,106,38,3,2,13,1,71000000,14.8,14.0,23.0,3.0,4.0,25.0,5.0,6.0,30.0,9.0,10.0,44.0,32.0,13.0,47.0,43.0,34.0,9.0,6.0,3.0,12.0,10.0,5.0,42.0,14.0,49.0,7.0,14.0,7.0,56.0,9.0,16.0,19.0,9.0,19.0,24.0,8.0,17.0,27.0,7.0,15.0,23.0,9.0,13.0,18.0,5.0,10.0,11.0,8.0,9.0,9.0,16.0,17.0,34.0,35.0,44.0,5.0,10.0
2023,8,25,4,146,28,3,3,15,1,83000000,32.6,12.0,2.0,23.0,3.0,9.0,25.0,5.0,23.0,30.0,9.0,32.0,44.0,32.0,40.0,47.0,43.0,6.0,9.0,6.0,7.0,12.0,10.0,147.0,52.0,38.0,17.0,52.0,42.0,10.0,10.0,16.0,19.0,9.0,18.0,24.0,9.0,17.0,26.0,7.0,15.0,22.0,9.0,13.0,18.0,6.0,10.0,11.0,8.0,9.0,9.0,21.0,23.0,32.0,40.0,49.0,8.0,11.0
2023,8,29,1,165,28,2,3,19,1,92000000,40.0,40.5,16.0,2.0,23.0,17.0,9.0,25.0,34.0,23.0,30.0,35.0,32.0,44.0,44.0,40.0,47.0,5.0,6.0,9.0,10.0,7.0,12.0,189.0,186.0,84.0,28.0,102.0,165.0,28.0,10.0,17.0,20.0,9.0,19.0,25.0,9.0,16.0,25.0,6.0,14.0,22.0,9.0,14.0,18.0,7.0,11.0,11.0,8.0,9.0,9.0,4.0,5.0,35.0,37.0,43.0,5.0,6.0
2023,9,1,4,124,39,1,3,11,1,106000000,20.0,8.5,21.0,16.0,2.0,23.0,17.0,9.0,32.0,34.0,23.0,40.0,35.0,32.0,49.0,44.0,40.0,8.0,5.0,6.0,11.0,10.0,7.0,21.0,17.0,31.0,168.0,17.0,7.0,24.0,9.0,16.0,20.0,8.0,18.0,25.0,9.0,16.0,25.0,6.0,14.0,22.0,8.0,14.0,18.0,7.0,11.0,11.0,7.0,9.0,9.0,1.0,7.0,24.0,41.0,48.0,10.0,12.0
2023,9,5,1,121,47,2,2,22,2,17000000,80.2,14.5,4.0,21.0,16.0,5.0,23.0,17.0,35.0,32.0,34.0,37.0,40.0,35.0,43.0,49.0,44.0,5.0,8.0,5.0,6.0,11.0,10.0,67.0,42.0,182.0,81.0,32.0,74.0,18.0,9.0,15.0,20.0,8.0,18.0,25.0,10.0,16.0,26.0,7.0,14.0,21.0,7.0,14.0,18.0,7.0,10.0,11.0,7.0,9.0,9.0,10.0,20.0,21.0,26.0,33.0,3.0,4.0
2023,9,8,4,110,23,3,2,7,1,30000000,37.6,43.5,1.0,4.0,21.0,7.0,5.0,23.0,24.0,35.0,32.0,41.0,37.0,40.0,48.0,43.0,49.0,10.0,5.0,8.0,12.0,6.0,11.0,136.0,35.0,87.0,259.0,297.0,28.0,357.0,9.0,16.0,20.0,8.0,17.0,24.0,10.0,16.0,25.0,8.0,15.0,22.0,8.0,14.0,19.0,6.0,10.0,11.0,7.0,10.0,10.0,5.0,14.0,36.0,40.0,42.0,2.0,11.0
2023,9,12,1,137,37,4,3,13,1,39000000,42.2,42.0,10.0,1.0,4.0,20.0,7.0,5.0,21.0,24.0,35.0,26.0,41.0,37.0,33.0,48.0,43.0,3.0,10.0,5.0,4.0,12.0,6.0,49.0,154.0,95.0,14.0,144.0,70.0,14.0,9.0,16.0,20.0,9.0,17.0,24.0,10.0,17.0,24.0,8.0,15.0,22.0,9.0,15.0,18.0,7.0,10.0,11.0,7.0,10.0,10.0,12.0,14.0,21.0,45.0,48.0,8.0,11.0
2023,9,15,4,140,36,3,2,19,1,54000000,24.8,10.0,5.0,10.0,1.0,14.0,20.0,7.0,36.0,21.0,24.0,40.0,26.0,41.0,42.0,33.0,48.0,2.0,3.0,10.0,11.0,4.0,12.0,199.0,3.0,7.0,255.0,10.0,17.0,3.0,10.0,16.0,21.0,8.0,17.0,24.0,9.0,17.0,24.0,8.0,16.0,23.0,8.0,14.0,18.0,7.0,10.0,11.0,6.0,10.0,10.0,10.0,15.0,31.0,41.0,42.0,2.0,5.0
2023,9,19,1,139,32,2,3,7,1,17000000,24.8,12.5,12.0,5.0,10.0,14.0,14.0,20.0,21.0,36.0,21.0,45.0,40.0,26.0,48.0,42.0,33.0,8.0,2.0,3.0,11.0,11.0,4.0,11.0,186.0,46.0,14.0,7.0,7.0,39.0,9.0,16.0,21.0,9.0,17.0,25.0,9.0,17.0,24.0,8.0,15.0,23.0,8.0,13.0,18.0,7.0,10.0,11.0,7.0,10.0,10.0,3.0,23.0,24.0,34.0,35.0,5.0,8.0
2023,9,22,4,119,32,2,2,13,1,29000000,25.6,5.0,10.0,12.0,5.0,15.0,14.0,14.0,31.0,21.0,36.0,41.0,45.0,40.0,42.0,48.0,42.0,2.0,8.0,2.0,5.0,11.0,11.0,38.0,24.0,17.0,56.0,94.0,21.0,77.0,9.0,15.0,21.0,8.0,16.0,24.0,8.0,17.0,24.0,8.0,15.0,23.0,8.0,14.0,18.0,6.0,10.0,11.0,8.0,10.0,10.0,2.0,6.0,14.0,19.0,23.0,5.0,7.0
2023,9,26,1,64,21,3,0,12,0,39000000,35.4,19.5,3.0,10.0,12.0,23.0,15.0,14.0,24.0,31.0,21.0,34.0,41.0,45.0,35.0,42.0,48.0,5.0,2.0,8.0,8.0,5.0,11.0,35.0,46.0,126.0,81.0,767.0,4.0,35.0,9.0,15.0,21.0,8.0,16.0,24.0,8.0,17.0,24.0,8.0,14.0,23.0,8.0,15.0,19.0,5.0,10.0,11.0,8.0,10.0,10.0,9.0,11.0,13.0,21.0,32.0,2.0,7.0
2023,9,29,4,86,23,1,1,9,1,130000000,39.6,6.5,2.0,3.0,10.0,6.0,23.0,15.0,14.0,24.0,31.0,19.0,34.0,41.0,23.0,35.0,42.0,5.0,5.0,2.0,7.0,8.0,5.0,140.0,80.0,140.0,794.0,192.0,10.0,3.0,9.0,15.0,21.0,8.0,16.0,24.0,8.0,18.0,24.0,8.0,14.0,24.0,8.0,16.0,20.0,5.0,10.0,11.0,7.0,10.0,10.0,6.0,20.0,22.0,24.0,45.0,4.0,5.0
2023,10,3,1,117,39,4,1,9,1,17000000,31.8,16.0,9.0,2.0,3.0,11.0,6.0,23.0,13.0,14.0,24.0,21.0,19.0,34.0,32.0,23.0,35.0,2.0,5.0,5.0,7.0,7.0,8.0,441.0,25.0,375.0,214.0,63.0,84.0,14.0,9.0,16.0,22.0,8.0,16.0,24.0,8.0,18.0,25.0,9.0,15.0,25.0,8.0,16.0,19.0,6.0,10.0,11.0,7.0,10.0,10.0,21.0,29.0,31.0,34.0,43.0,2.0,9.0
2023,10,6,4,158,22,1,4,11,1,29000000,31.4,28.0,6.0,9.0,2.0,20.0,11.0,6.0,22.0,13.0,14.0,24.0,21.0,19.0,45.0,32.0,23.0,4.0,2.0,5.0,5.0,7.0,7.0,38.0,129.0,17.0,14.0,35.0,7.0,70.0,9.0,16.0,22.0,8.0,17.0,24.0,7.0,17.0,25.0,8.0,14.0,25.0,8.0,16.0,19.0,6.0,10.0,11.0,7.0,10.0,10.0,18.0,20.0,22.0,33.0,43.0,3.0,9.0
2023,10,10,1,136,25,3,2,12,0,39000000,34.6,18.0,21.0,6.0,9.0,29.0,20.0,11.0,31.0,22.0,13.0,34.0,24.0,21.0,43.0,45.0,32.0,2.0,4.0,2.0,9.0,5.0,7.0,123.0,7.0,7.0,109.0,4.0,32.0,4.0,9.0,17.0,22.0,7.0,16.0,24.0,7.0,16.0,25.0,9.0,15.0,25.0,8.0,16.0,19.0,5.0,10.0,11.0,6.0,10.0,10.0,21.0,26.0,28.0,40.0,41.0,2.0,4.0
2023,10,13,4,156,20,3,4,6,2,55000000,38.2,8.5,18.0,21.0,6.0,20.0,29.0,20.0,22.0,31.0,22.0,33.0,34.0,24.0,43.0,43.0,45.0,3.0,2.0,4.0,9.0,9.0,5.0,7.0,119.0,94.0,31.0,140.0,7.0,35.0,9.0,17.0,22.0,8.0,16.0,24.0,8.0,17.0,25.0,8.0,15.0,25.0,8.0,17.0,19.0,5.0,10.0,11.0,6.0,10.0,10.0,10.0,17.0,20.0,35.0,40.0,3.0,4.0
2023,10,17,1,122,30,3,2,7,1,66000000,23.4,5.5,21.0,18.0,21.0,26.0,20.0,29.0,28.0,22.0,31.0,40.0,33.0,34.0,41.0,43.0,43.0,2.0,3.0,2.0,4.0,9.0,9.0,28.0,53.0,210.0,53.0,56.0,7.0,4.0,8.0,17.0,22.0,9.0,15.0,24.0,8.0,18.0,26.0,9.0,15.0,25.0,9.0,16.0,19.0,5.0,10.0,11.0,6.0,10.0,10.0,2.0,20.0,28.0,40.0,45.0,1.0,5.0
2023,10,20,4,135,43,4,3,6,0,17000000,10.8,47.0,10.0,21.0,18.0,17.0,26.0,20.0,20.0,28.0,22.0,35.0,40.0,33.0,40.0,41.0,43.0,3.0,2.0,3.0,4.0,4.0,9.0,24.0,10.0,7.0,7.0,17.0,77.0,17.0,7.0,17.0,22.0,8.0,15.0,23.0,7.0,17.0,25.0,8.0,14.0,25.0,8.0,15.0,19.0,5.0,10.0,11.0,5.0,10.0,10.0,8.0,16.0,18.0,31.0,34.0,6.0,9.0
2023,10,24,1,107,26,4,2,15,1,26000000,37.4,33.5,2.0,10.0,21.0,20.0,17.0,26.0,28.0,20.0,28.0,40.0,35.0,40.0,45.0,40.0,41.0,1.0,3.0,2.0,5.0,4.0,4.0,77.0,133.0,172.0,224.0,74.0,63.0,14.0,8.0,16.0,22.0,8.0,15.0,23.0,8.0,18.0,24.0,8.0,15.0,25.0,8.0,14.0,19.0,6.0,10.0,11.0,5.0,10.0,10.0,29.0,33.0,35.0,48.0,49.0,3.0,8.0
2023,10,27,4,194,20,1,5,11,1,17000000,29.8,22.5,8.0,2.0,10.0,16.0,20.0,17.0,18.0,28.0,20.0,31.0,40.0,35.0,34.0,45.0,40.0,6.0,1.0,3.0,9.0,5.0,4.0,2275.0,1067.0,56.0,528.0,59.0,10.0,35.0,8.0,16.0,23.0,8.0,15.0,24.0,8.0,18.0,24.0,9.0,16.0,26.0,8.0,14.0,19.0,6.0,9.0,11.0,5.0,10.0,10.0,5.0,7.0,20.0,40.0,50.0,2.0,10.0
2023,10,31,1,122,45,3,2,12,2,17000000,53.4,37.0,29.0,8.0,2.0,33.0,16.0,20.0,35.0,18.0,28.0,48.0,31.0,40.0,49.0,34.0,45.0,3.0,6.0,1.0,8.0,9.0,5.0,49.0,56.0,14.0,11.0,140.0,18.0,67.0,9.0,15.0,23.0,8.0,15.0,24.0,7.0,18.0,24.0,8.0,16.0,25.0,8.0,15.0,19.0,5.0,9.0,11.0,6.0,9.0,10.0,8.0,21.0,31.0,39.0,47.0,5.0,9.0
2023,11,3,4,146,39,1,3,14,0,31000000,53.6,12.0,5.0,29.0,8.0,7.0,33.0,16.0,20.0,35.0,18.0,40.0,48.0,31.0,50.0,49.0,34.0,2.0,3.0,6.0,10.0,8.0,9.0,10.0,150.0,28.0,150.0,77.0,38.0,10.0,8.0,15.0,23.0,8.0,16.0,23.0,6.0,17.0,24.0,8.0,17.0,25.0,8.0,15.0,19.0,6.0,9.0,11.0,5.0,9.0,10.0,8.0,10.0,11.0,30.0,39.0,4.0,10.0
2023,11,7,1,98,31,3,2,14,2,17000000,29.8,14.0,8.0,5.0,29.0,21.0,7.0,33.0,31.0,20.0,35.0,39.0,40.0,48.0,47.0,50.0,49.0,5.0,2.0,3.0,9.0,10.0,8.0,4.0,179.0,105.0,620.0,347.0,35.0,7.0,7.0,15.0,23.0,9.0,17.0,24.0,7.0,17.0,24.0,8.0,17.0,25.0,9.0,16.0,20.0,6.0,9.0,11.0,5.0,9.0,10.0,10.0,21.0,30.0,38.0,42.0,2.0,12.0
2023,11,10,4,141,32,4,3,14,2,29000000,34.0,38.0,8.0,8.0,5.0,10.0,21.0,7.0,11.0,31.0,20.0,30.0,39.0,40.0,39.0,47.0,50.0,4.0,5.0,2.0,10.0,9.0,10.0,24.0,7.0,84.0,168.0,52.0,10.0,66.0,7.0,15.0,23.0,8.0,17.0,24.0,8.0,16.0,24.0,8.0,18.0,25.0,10.0,16.0,20.0,6.0,9.0,11.0,6.0,9.0,10.0,13.0,16.0,36.0,44.0,50.0,3.0,5.0
2023,11,14,1,159,37,4,3,8,0,39000000,45.0,14.5,10.0,8.0,8.0,21.0,10.0,21.0,30.0,11.0,31.0,38.0,30.0,39.0,42.0,39.0,47.0,2.0,4.0,5.0,12.0,10.0,9.0,161.0,21.0,63.0,88.0,14.0,18.0,25.0,7.0,15.0,23.0,8.0,16.0,24.0,8.0,16.0,24.0,8.0,18.0,24.0,9.0,16.0,20.0,6.0,8.0,11.0,6.0,9.0,10.0,2.0,24.0,26.0,46.0,50.0,2.0,7.0
2023,11,17,4,148,48,5,3,9,1,52000000,51.6,28.0,13.0,10.0,8.0,16.0,21.0,10.0,36.0,30.0,11.0,44.0,38.0,30.0,50.0,42.0,39.0,3.0,2.0,4.0,5.0,12.0,10.0,28.0,388.0,245.0,304.0,3.0,7.0,49.0,6.0,15.0,23.0,8.0,16.0,25.0,9.0,16.0,24.0,9.0,18.0,25.0,8.0,16.0,20.0,6.0,8.0,11.0,7.0,9.0,10.0,19.0,29.0,34.0,46.0,47.0,2.0,3.0
2023,11,21,1,175,28,2,4,5,1,62000000,26.2,5.5,2.0,13.0,10.0,24.0,16.0,21.0,26.0,36.0,30.0,46.0,44.0,38.0,50.0,50.0,42.0,2.0,3.0,2.0,7.0,5.0,12.0,329.0,46.0,88.0,4.0,18.0,4.0,109.0,7.0,15.0,23.0,8.0,16.0,25.0,10.0,16.0,24.0,8.0,18.0,25.0,7.0,15.0,20.0,6.0,8.0,11.0,7.0,10.0,10.0,15.0,20.0,29.0,39.0,48.0,1.0,7.0
2023,11,24,4,151,33,2,3,8,0,73000000,27.6,21.0,19.0,2.0,13.0,29.0,24.0,16.0,34.0,26.0,36.0,46.0,46.0,44.0,47.0,50.0,50.0,2.0,2.0,3.0,3.0,7.0,5.0,112.0,35.0,133.0,21.0,70.0,35.0,7.0,8.0,16.0,23.0,8.0,16.0,25.0,10.0,16.0,23.0,8.0,18.0,24.0,7.0,15.0,20.0,6.0,8.0,11.0,7.0,10.0,10.0,12.0,16.0,27.0,33.0,44.0,7.0,8.0
2023,11,28,1,132,32,3,3,15,1,83000000,50.6,18.0,15.0,19.0,2.0,20.0,29.0,24.0,29.0,34.0,26.0,39.0,46.0,46.0,48.0,47.0,50.0,1.0,2.0,2.0,7.0,3.0,7.0,74.0,14.0,284.0,49.0,95.0,119.0,32.0,9.0,15.0,23.0,8.0,15.0,25.0,10.0,17.0,24.0,8.0,17.0,24.0,7.0,16.0,20.0,6.0,9.0,11.0,7.0,9.0,10.0,4.0,10.0,14.0,38.0,50.0,9.0,12.0
2023,12,1,4,116,46,5,2,21,1,200000000,42.6,24.5,12.0,15.0,19.0,16.0,20.0,29.0,27.0,29.0,34.0,33.0,39.0,46.0,44.0,48.0,47.0,7.0,1.0,2.0,8.0,7.0,3.0,91.0,24.0,66.0,21.0,14.0,105.0,21.0,9.0,15.0,23.0,7.0,15.0,25.0,10.0,17.0,24.0,7.0,17.0,24.0,6.0,16.0,20.0,7.0,9.0,10.0,7.0,9.0,10.0,4.0,6.0,20.0,24.0,25.0,5.0,9.0
2023,12,5,1,79,21,4,0,14,0,217000000,41.0,12.5,4.0,12.0,15.0,10.0,16.0,20.0,14.0,27.0,29.0,38.0,33.0,39.0,50.0,44.0,48.0,9.0,7.0,1.0,12.0,8.0,7.0,4.0,70.0,35.0,63.0,861.0,32.0,32.0,8.0,15.0,23.0,7.0,15.0,25.0,10.0,17.0,24.0,7.0,16.0,24.0,7.0,16.0,21.0,7.0,9.0,10.0,7.0,9.0,10.0,17.0,30.0,42.0,48.0,50.0,4.0,8.0
2023,12,8,4,187,33,4,4,12,2,240000000,25.8,20.5,4.0,4.0,12.0,6.0,10.0,16.0,20.0,14.0,27.0,24.0,38.0,33.0,25.0,50.0,44.0,5.0,9.0,7.0,9.0,12.0,8.0,164.0,605.0,343.0,42.0,7.0,31.0,10.0,9.0,16.0,23.0,8.0,16.0,26.0,10.0,18.0,25.0,8.0,16.0,24.0,7.0,16.0,21.0,7.0,9.0,10.0,7.0,9.0,10.0,6.0,28.0,37.0,39.0,43.0,9.0,12.0
2023,12,12,1,153,37,2,4,21,1,17000000,48.6,9.0,17.0,4.0,4.0,30.0,6.0,10.0,42.0,20.0,14.0,48.0,24.0,38.0,50.0,25.0,50.0,4.0,5.0,9.0,8.0,9.0,12.0,70.0,424.0,200.0,18.0,63.0,11.0,11.0,9.0,16.0,22.0,9.0,16.0,27.0,10.0,18.0,26.0,7.0,15.0,24.0,7.0,16.0,21.0,7.0,8.0,10.0,6.0,8.0,10.0,2.0,13.0,37.0,38.0,48.0,5.0,9.0
2023,12,15,4,138,46,3,3,14,0,29000000,16.6,6.5,6.0,17.0,4.0,28.0,30.0,6.0,37.0,42.0,20.0,39.0,48.0,24.0,43.0,50.0,25.0,9.0,4.0,5.0,12.0,8.0,9.0,28.0,231.0,3.0,14.0,21.0,10.0,10.0,8.0,16.0,22.0,9.0,16.0,27.0,9.0,18.0,26.0,7.0,14.0,24.0,6.0,16.0,20.0,7.0,8.0,10.0,6.0,8.0,10.0,10.0,20.0,41.0,43.0,45.0,2.0,12.0
2023,12,19,1,159,35,2,3,14,2,39000000,33.2,17.5,2.0,6.0,17.0,13.0,28.0,30.0,37.0,37.0,42.0,38.0,39.0,48.0,48.0,43.0,50.0,5.0,9.0,4.0,9.0,12.0,8.0,39.0,25.0,329.0,308.0,60.0,28.0,7.0,8.0,15.0,22.0,9.0,15.0,26.0,9.0,18.0,27.0,7.0,15.0,25.0,7.0,15.0,20.0,6.0,8.0,10.0,5.0,8.0,10.0,6.0,14.0,34.0,44.0,49.0,4.0,12.0
2023,12,22,4,147,43,4,3,16,2,53000000,28.4,8.5,10.0,2.0,6.0,20.0,13.0,28.0,41.0,37.0,37.0,43.0,38.0,39.0,45.0,48.0,43.0,2.0,5.0,9.0,12.0,9.0,12.0,10.0,98.0,31.0,38.0,56.0,14.0,3.0,8.0,15.0,22.0,9.0,16.0,26.0,8.0,18.0,26.0,8.0,14.0,24.0,8.0,14.0,20.0,6.0,8.0,10.0,5.0,8.0,10.0,8.0,27.0,30.0,35.0,47.0,9.0,10.0
2023,12,26,1,147,39,2,4,19,1,17000000,38.0,30.0,6.0,10.0,2.0,14.0,20.0,13.0,34.0,41.0,37.0,44.0,43.0,38.0,49.0,45.0,48.0,4.0,2.0,5.0,12.0,12.0,9.0,49.0,147.0,46.0,70.0,35.0,14.0,49.0,8.0,14.0,21.0,9.0,16.0,26.0,9.0,17.0,26.0,8.0,13.0,23.0,8.0,13.0,20.0,6.0,8.0,10.0,5.0,8.0,10.0,2.0,3.0,19.0,36.0,37.0,6.0,9.0
2023,12,29,4,97,35,2,2,15,1,30000000,41.8,34.5,8.0,6.0,10.0,27.0,14.0,20.0,30.0,34.0,41.0,35.0,44.0,43.0,47.0,49.0,45.0,9.0,4.0,2.0,10.0,12.0,12.0,14.0,189.0,332.0,178.0,157.0,66.0,14.0,7.0,14.0,21.0,10.0,17.0,27.0,9.0,18.0,26.0,9.0,14.0,24.0,9.0,14.0,20.0,6.0,8.0,10.0,4.0,8.0,10.0,7.0,15.0,18.0,46.0,49.0,10.0,12.0
2024,1,2,1,135,42,2,2,22,2,39000000,45.0,9.0,2.0,8.0,6.0,3.0,27.0,14.0,19.0,30.0,34.0,36.0,35.0,44.0,37.0,47.0,49.0,6.0,9.0,4.0,9.0,10.0,12.0,158.0,105.0,70.0,42.0,11.0,119.0,11.0,7.0,15.0,21.0,10.0,18.0,27.0,9.0,18.0,26.0,9.0,13.0,23.0,8.0,14.0,20.0,6.0,9.0,10.0,4.0,8.0,10.0,4.0,7.0,18.0,39.0,50.0,3.0,8.0
2024,1,5,4,118,46,3,2,11,1,53000000,17.8,36.5,7.0,2.0,8.0,15.0,3.0,27.0,18.0,19.0,30.0,46.0,36.0,35.0,49.0,37.0,47.0,10.0,6.0,9.0,12.0,9.0,10.0,31.0,66.0,3.0,24.0,28.0,52.0,28.0,7.0,14.0,21.0,10.0,18.0,26.0,8.0,17.0,26.0,9.0,13.0,23.0,8.0,14.0,20.0,7.0,9.0,10.0,4.0,8.0,10.0,2.0,9.0,12.0,39.0,40.0,1.0,3.0
2024,1,9,1,102,38,3,2,4,0,64000000,45.8,25.0,4.0,7.0,2.0,7.0,15.0,3.0,18.0,18.0,19.0,39.0,46.0,36.0,50.0,49.0,37.0,3.0,10.0,6.0,8.0,12.0,9.0,11.0,140.0,186.0,4.0,84.0,46.0,49.0,7.0,13.0,21.0,10.0,18.0,25.0,8.0,18.0,27.0,8.0,13.0,23.0,8.0,13.0,20.0,8.0,9.0,10.0,5.0,8.0,10.0,16.0,17.0,18.0,45.0,49.0,9.0,12.0
2024,1,12,4,145,33,2,2,21,1,78000000,24.2,12.0,2.0,4.0,7.0,9.0,7.0,15.0,12.0,18.0,18.0,39.0,39.0,46.0,40.0,50.0,49.0,1.0,3.0,10.0,3.0,8.0,12.0,140.0,87.0,7.0,119.0,10.0,17.0,10.0,7.0,14.0,21.0,10.0,18.0,24.0,7.0,18.0,27.0,8.0,14.0,23.0,8.0,13.0,19.0,8.0,9.0,10.0,5.0,7.0,10.0,10.0,18.0,21.0,33.0,45.0,8.0,12.0
2024,1,16,1,127,35,2,2,20,2,88000000,30.4,7.5,16.0,2.0,4.0,17.0,9.0,7.0,18.0,12.0,18.0,45.0,39.0,39.0,49.0,40.0,50.0,9.0,1.0,3.0,12.0,3.0,8.0,28.0,291.0,123.0,49.0,28.0,123.0,4.0,7.0,14.0,21.0,10.0,19.0,25.0,8.0,18.0,27.0,9.0,14.0,22.0,7.0,13.0,19.0,9.0,10.0,10.0,5.0,7.0,10.0,27.0,28.0,44.0,48.0,50.0,7.0,12.0
2024,1,19,4,197,23,4,5,19,1,17000000,27.8,27.5,10.0,16.0,2.0,18.0,17.0,9.0,21.0,18.0,12.0,33.0,45.0,39.0,45.0,49.0,40.0,8.0,9.0,1.0,12.0,12.0,3.0,234.0,38.0,262.0,42.0,14.0,52.0,3.0,8.0,15.0,22.0,10.0,19.0,24.0,8.0,19.0,28.0,9.0,13.0,22.0,6.0,12.0,18.0,9.0,10.0,10.0,5.0,7.0,10.0,14.0,23.0,39.0,48.0,50.0,3.0,12.0
2024,1,23,1,174,36,3,3,15,1,17000000,34.6,9.0,27.0,10.0,16.0,28.0,18.0,17.0,44.0,21.0,18.0,48.0,33.0,45.0,50.0,45.0,49.0,7.0,8.0,9.0,12.0,12.0,12.0,203.0,123.0,1054.0,4.0,4.0,18.0,4.0,9.0,15.0,22.0,10.0,19.0,24.0,8.0,19.0,29.0,8.0,13.0,22.0,6.0,12.0,18.0,8.0,10.0,10.0,5.0,7.0,10.0,8.0,19.0,32.0,41.0,42.0,9.0,12.0
2024,1,26,4,142,34,3,3,21,1,130000000,53.0,8.5,14.0,27.0,10.0,23.0,28.0,18.0,39.0,44.0,21.0,48.0,48.0,33.0,50.0,50.0,45.0,3.0,7.0,8.0,12.0,12.0,12.0,31.0,441.0,150.0,129.0,77.0,14.0,3.0,8.0,14.0,22.0,10.0,20.0,25.0,8.0,20.0,29.0,8.0,13.0,22.0,7.0,12.0,18.0,7.0,10.0,10.0,5.0,7.0,10.0,5.0,10.0,19.0,27.0,30.0,5.0,6.0
2024,1,30,1,91,25,2,2,11,1,143000000,31.0,39.0,8.0,14.0,27.0,19.0,23.0,28.0,32.0,39.0,44.0,41.0,48.0,48.0,42.0,50.0,50.0,9.0,3.0,7.0,12.0,12.0,12.0,91.0,60.0,32.0,189.0,413.0,46.0,151.0,9.0,15.0,22.0,10.0,20.0,25.0,7.0,19.0,28.0,8.0,14.0,23.0,7.0,13.0,19.0,8.0,10.0,10.0,5.0,8.0,10.0,13.0,20.0,23.0,27.0,42.0,5.0,9.0
2024,2,2,4,125,29,2,2,14,0,17000000,22.8,5.0,5.0,8.0,14.0,10.0,19.0,23.0,19.0,32.0,39.0,27.0,41.0,48.0,30.0,42.0,50.0,5.0,9.0,3.0,6.0,12.0,12.0,80.0,45.0,164.0,3.0,7.0,3.0,35.0,10.0,15.0,22.0,10.0,20.0,25.0,8.0,19.0,27.0,7.0,13.0,22.0,6.0,12.0,19.0,7.0,10.0,10.0,5.0,8.0,10.0,2.0,7.0,21.0,28.0,45.0,5.0,11.0
2024,2,6,1,103,43,2,2,16,0,26000000,24.0,74.0,13.0,5.0,8.0,20.0,10.0,19.0,23.0,19.0,32.0,27.0,27.0,41.0,42.0,30.0,42.0,5.0,5.0,9.0,9.0,6.0,12.0,28.0,32.0,21.0,273.0,21.0,4.0,144.0,9.0,15.0,22.0,9.0,19.0,25.0,8.0,19.0,26.0,7.0,14.0,23.0,6.0,12.0,19.0,6.0,10.0,10.0,6.0,9.0,10.0,23.0,24.0,35.0,37.0,45.0,9.0,12.0
2024,2,9,4,164,22,1,3,21,1,39000000,32.6,10.5,2.0,13.0,5.0,7.0,20.0,10.0,21.0,23.0,19.0,28.0,27.0,27.0,45.0,42.0,30.0,5.0,5.0,5.0,11.0,9.0,6.0,175.0,84.0,105.0,161.0,3.0,14.0,14.0,9.0,16.0,22.0,10.0,19.0,24.0,9.0,19.0,26.0,8.0,15.0,23.0,6.0,12.0,19.0,6.0,10.0,10.0,5.0,8.0,10.0,13.0,17.0,18.0,20.0,46.0,4.0,9.0
2024,2,13,1,114,33,3,1,13,1,49000000,24.8,28.5,23.0,2.0,13.0,24.0,7.0,20.0,35.0,21.0,23.0,37.0,28.0,27.0,45.0,45.0,42.0,9.0,5.0,5.0,12.0,11.0,9.0,11.0,32.0,32.0,420.0,235.0,53.0,11.0,9.0,16.0,22.0,9.0,19.0,24.0,8.0,18.0,26.0,8.0,16.0,23.0,6.0,13.0,20.0,6.0,10.0,10.0,4.0,8.0,10.0,8.0,13.0,14.0,24.0,26.0,1.0,2.0
2024,2,16,4,85,18,4,1,3,1,64000000,29.2,48.5,13.0,23.0,2.0,17.0,24.0,7.0,18.0,35.0,21.0,20.0,37.0,28.0,46.0,45.0,45.0,4.0,9.0,5.0,9.0,12.0,11.0,21.0,63.0,77.0,73.0,504.0,38.0,843.0,8.0,15.0,22.0,10.0,18.0,24.0,9.0,18.0,26.0,8.0,16.0,23.0,6.0,14.0,21.0,7.0,10.0,10.0,5.0,9.0,11.0,23.0,31.0,37.0,42.0,48.0,3.0,7.0
2024,2,20,1,181,25,2,4,10,0,73000000,35.4,30.0,8.0,13.0,23.0,13.0,17.0,24.0,14.0,18.0,35.0,24.0,20.0,37.0,26.0,46.0,45.0,1.0,4.0,9.0,2.0,9.0,12.0,11.0,214.0,67.0,224.0,67.0,28.0,88.0,7.0,14.0,22.0,10.0,19.0,25.0,10.0,17.0,26.0,8.0,17.0,24.0,7.0,14.0,21.0,6.0,10.0,10.0,6.0,9.0,11.0,24.0,27.0,28.0,30.0,49.0,1.0,12.0
2024,2,23,4,158,25,3,4,13,1,17000000,22.2,10.5,23.0,8.0,13.0,31.0,13.0,17.0,37.0,14.0,18.0,42.0,24.0,20.0,48.0,26.0,46.0,3.0,1.0,4.0,7.0,2.0,9.0,374.0,59.0,126.0,108.0,42.0,7.0,14.0,7.0,14.0,23.0,10.0,18.0,24.0,10.0,17.0,26.0,9.0,18.0,24.0,8.0,13.0,21.0,5.0,10.0,10.0,6.0,9.0,11.0,3.0,4.0,9.0,12.0,20.0,5.0,6.0
2024,2,27,1,48,17,3,0,11,1,26000000,45.0,24.5,24.0,23.0,8.0,27.0,31.0,13.0,28.0,37.0,14.0,30.0,42.0,24.0,49.0,48.0,26.0,1.0,3.0,1.0,12.0,7.0,2.0,158.0,1176.0,196.0,3115.0,1442.0,21.0,28.0,7.0,15.0,22.0,10.0,19.0,25.0,10.0,18.0,27.0,9.0,19.0,25.0,8.0,14.0,22.0,5.0,10.0,10.0,6.0,9.0,11.0,4.0,7.0,19.0,20.0,34.0,2.0,4.0
2024,3,1,4,84,30,3,1,6,2,39000000,26.2,15.5,3.0,24.0,23.0,4.0,27.0,31.0,9.0,28.0,37.0,12.0,30.0,42.0,20.0,49.0,48.0,5.0,1.0,3.0,6.0,12.0,7.0,56.0,24.0,31.0,17.0,129.0,73.0,136.0,8.0,15.0,22.0,9.0,18.0,25.0,9.0,17.0,27.0,8.0,19.0,24.0,9.0,14.0,21.0,6.0,10.0,10.0,7.0,10.0,11.0,2.0,15.0,17.0,23.0,36.0,3.0,8.0
2024,3,5,1,93,34,2,1,11,1,49000000,38.6,31.5,4.0,3.0,24.0,7.0,4.0,27.0,19.0,9.0,28.0,20.0,12.0,30.0,34.0,20.0,49.0,2.0,5.0,1.0,4.0,6.0,12.0,28.0,63.0,396.0,287.0,228.0,14.0,60.0,7.0,14.0,22.0,9.0,17.0,25.0,10.0,17.0,28.0,9.0,20.0,25.0,9.0,15.0,22.0,6.0,10.0,10.0,8.0,10.0,11.0,8.0,11.0,12.0,16.0,44.0,4.0,7.0
2024,3,8,4,91,36,4,1,11,1,63000000,51.6,12.0,2.0,4.0,3.0,15.0,7.0,4.0,17.0,19.0,9.0,23.0,20.0,12.0,36.0,34.0,20.0,3.0,2.0,5.0,8.0,4.0,6.0,21.0,161.0,59.0,525.0,101.0,24.0,17.0,7.0,14.0,22.0,9.0,18.0,25.0,10.0,17.0,28.0,9.0,21.0,26.0,9.0,15.0,22.0,6.0,10.0,10.0,8.0,10.0,11.0,13.0,19.0,30.0,38.0,46.0,4.0,12.0
2024,3,12,1,146,33,3,3,16,2,70000000,34.0,11.0,8.0,2.0,4.0,11.0,15.0,7.0,12.0,17.0,19.0,16.0,23.0,20.0,44.0,36.0,34.0,4.0,3.0,2.0,7.0,8.0,4.0,28.0,46.0,77.0,88.0,28.0,4.0,18.0,7.0,14.0,22.0,10.0,18.0,25.0,10.0,17.0,28.0,9.0,21.0,26.0,9.0,15.0,22.0,6.0,10.0,10.0,7.0,10.0,11.0,1.0,4.0,31.0,34.0,40.0,4.0,5.0
2024,3,15,4,110,39,3,3,9,1,130000000,62.0,10.0,13.0,8.0,2.0,19.0,11.0,15.0,30.0,12.0,17.0,38.0,16.0,23.0,46.0,44.0,36.0,4.0,4.0,3.0,12.0,7.0,8.0,192.0,17.0,133.0,161.0,66.0,3.0,122.0,8.0,15.0,23.0,9.0,18.0,25.0,10.0,17.0,27.0,9.0,21.0,26.0,9.0,15.0,21.0,5.0,10.0,10.0,8.0,11.0,11.0,7.0,16.0,18.0,20.0,32.0,1.0,3.0
2024,3,19,1,93,25,4,1,4,0,17000000,27.0,19.5,1.0,13.0,8.0,4.0,19.0,11.0,31.0,30.0,12.0,34.0,38.0,16.0,40.0,46.0,44.0,4.0,4.0,4.0,5.0,12.0,7.0,77.0,112.0,35.0,18.0,172.0,25.0,70.0,9.0,14.0,23.0,9.0,18.0,25.0,10.0,16.0,27.0,9.0,20.0,25.0,10.0,16.0,20.0,5.0,10.0,10.0,8.0,11.0,11.0,8.0,11.0,23.0,32.0,44.0,9.0,10.0
2024,3,22,4,118,36,3,2,19,1,29000000,12.4,59.0,7.0,1.0,13.0,16.0,4.0,19.0,18.0,31.0,30.0,20.0,34.0,38.0,32.0,40.0,46.0,1.0,4.0,4.0,3.0,5.0,12.0,14.0,14.0,49.0,213.0,14.0,42.0,87.0,9.0,14.0,22.0,8.0,18.0,25.0,10.0,16.0,26.0,9.0,20.0,25.0,9.0,15.0,20.0,6.0,10.0,10.0,8.0,11.0,11.0,2.0,13.0,14.0,26.0,29.0,5.0,6.0
2024,3,26,1,84,27,3,2,11,1,39000000,47.2,19.5,8.0,7.0,1.0,11.0,16.0,4.0,23.0,18.0,31.0,32.0,20.0,34.0,44.0,32.0,40.0,9.0,1.0,4.0,10.0,3.0,5.0,21.0,39.0,39.0,200.0,350.0,28.0,28.0,8.0,14.0,22.0,8.0,17.0,25.0,10.0,16.0,26.0,9.0,20.0,26.0,9.0,15.0,21.0,6.0,9.0,10.0,8.0,11.0,11.0,16.0,17.0,35.0,36.0,49.0,1.0,10.0
2024,3,29,4,153,33,2,3,11,1,51000000,28.4,8.5,2.0,8.0,7.0,13.0,11.0,16.0,14.0,23.0,18.0,26.0,32.0,20.0,29.0,44.0,32.0,5.0,9.0,1.0,6.0,10.0,3.0,77.0,45.0,49.0,91.0,35.0,10.0,7.0,8.0,14.0,22.0,8.0,17.0,25.0,10.0,16.0,26.0,9.0,20.0,26.0,9.0,15.0,21.0,6.0,8.0,10.0,8.0,11.0,11.0,1.0,23.0,31.0,36.0,48.0,5.0,8.0
2024,4,2,1,139,47,2,3,13,1,62000000,18.6,17.5,16.0,2.0,8.0,17.0,13.0,11.0,35.0,14.0,23.0,36.0,26.0,32.0,49.0,29.0,44.0,1.0,5.0,9.0,10.0,6.0,10.0,18.0,70.0,18.0,4.0,42.0,7.0,28.0,7.0,14.0,21.0,9.0,17.0,25.0,9.0,16.0,25.0,8.0,20.0,26.0,9.0,15.0,21.0,6.0,8.0,10.0,8.0,11.0,11.0,13.0,18.0,26.0,35.0,37.0,8.0,11.0
2024,4,5,4,129,24,2,3,19,1,73000000,17.8,31.0,1.0,16.0,2.0,23.0,17.0,13.0,31.0,35.0,14.0,36.0,36.0,26.0,48.0,49.0,29.0,5.0,1.0,5.0,8.0,10.0,6.0,24.0,80.0,140.0,101.0,98.0,80.0,59.0,6.0,14.0,20.0,9.0,16.0,24.0,9.0,17.0,25.0,9.0,20.0,26.0,9.0,16.0,20.0,6.0,8.0,10.0,8.0,11.0,11.0,19.0,23.0,26.0,27.0,46.0,2.0,10.0
2024,4,9,1,141,27,2,3,12,2,82000000,22.6,25.0,13.0,1.0,16.0,18.0,23.0,17.0,26.0,31.0,35.0,35.0,36.0,36.0,37.0,48.0,49.0,8.0,5.0,1.0,11.0,8.0,10.0,140.0,7.0,4.0,67.0,28.0,39.0,11.0,7.0,15.0,20.0,8.0,16.0,24.0,8.0,17.0,25.0,9.0,19.0,26.0,8.0,16.0,20.0,6.0,8.0,10.0,8.0,11.0,11.0,2.0,3.0,12.0,16.0,45.0,2.0,11.0
2024,4,12,4,78,43,3,1,13,1,95000000,34.8,5.0,19.0,13.0,1.0,23.0,18.0,23.0,26.0,26.0,31.0,27.0,35.0,36.0,46.0,37.0,48.0,2.0,8.0,5.0,10.0,11.0,8.0,17.0,105.0,35.0,35.0,63.0,3.0,7.0,7.0,14.0,20.0,9.0,17.0,24.0,8.0,17.0,25.0,9.0,18.0,26.0,9.0,16.0,20.0,6.0,8.0,10.0,7.0,11.0,11.0,22.0,29.0,31.0,39.0,46.0,3.0,7.0
2024,4,16,1,167,24,2,4,10,0,106000000,63.0,33.5,2.0,19.0,13.0,3.0,23.0,18.0,12.0,26.0,26.0,16.0,27.0,35.0,45.0,46.0,37.0,2.0,2.0,8.0,11.0,10.0,11.0,599.0,147.0,14.0,98.0,7.0,42.0,39.0,8.0,14.0,21.0,9.0,17.0,24.0,7.0,16.0,25.0,9.0,19.0,25.0,9.0,16.0,20.0,7.0,7.0,10.0,7.0,11.0,11.0,10.0,20.0,40.0,44.0,46.0,1.0,3.0
2024,4,19,4,160,36,5,3,4,0,120000000,35.4,12.0,22.0,2.0,19.0,29.0,3.0,23.0,31.0,12.0,26.0,39.0,16.0,27.0,46.0,45.0,46.0,3.0,2.0,2.0,7.0,11.0,10.0,94.0,77.0,777.0,119.0,3.0,21.0,31.0,9.0,14.0,20.0,9.0,17.0,23.0,8.0,16.0,26.0,9.0,19.0,25.0,8.0,15.0,20.0,6.0,7.0,10.0,6.0,11.0,11.0,6.0,9.0,11.0,32.0,49.0,2.0,10.0
2024,4,23,1,107,43,2,2,12,2,133000000,53.6,12.5,10.0,22.0,2.0,20.0,29.0,3.0,40.0,31.0,12.0,44.0,39.0,16.0,46.0,46.0,45.0,1.0,3.0,2.0,3.0,7.0,11.0,123.0,105.0,168.0,32.0,25.0,11.0,14.0,9.0,15.0,20.0,9.0,18.0,23.0,8.0,16.0,26.0,8.0,18.0,24.0,7.0,15.0,20.0,6.0,7.0,10.0,6.0,11.0,11.0,2.0,20.0,39.0,40.0,47.0,4.0,8.0
2024,4,26,4,148,45,3,3,12,2,151000000,32.0,31.5,6.0,10.0,22.0,9.0,20.0,29.0,11.0,40.0,31.0,32.0,44.0,39.0,49.0,46.0,46.0,2.0,1.0,3.0,10.0,3.0,7.0,14.0,7.0,94.0,178.0,122.0,42.0,24.0,8.0,14.0,20.0,8.0,17.0,23.0,8.0,17.0,26.0,9.0,19.0,25.0,7.0,15.0,20.0,6.0,7.0,10.0,6.0,11.0,11.0,13.0,22.0,24.0,33.0,47.0,1.0,5.0
2024,4,30,1,139,34,2,2,6,0,166000000,43.0,19.5,2.0,6.0,10.0,20.0,9.0,20.0,39.0,11.0,40.0,40.0,32.0,44.0,47.0,49.0,46.0,4.0,2.0,1.0,8.0,10.0,3.0,25.0,308.0,221.0,105.0,4.0,11.0,46.0,8.0,14.0,20.0,8.0,18.0,24.0,8.0,18.0,27.0,9.0,20.0,25.0,6.0,14.0,19.0,6.0,7.0,10.0,6.0,11.0,11.0,6.0,9.0,10.0,30.0,49.0,3.0,4.0
2024,5,3,4,104,43,3,2,7,1,17000000,19.2,10.5,13.0,2.0,6.0,22.0,20.0,9.0,24.0,39.0,11.0,33.0,40.0,32.0,47.0,47.0,49.0,1.0,4.0,2.0,5.0,8.0,10.0,10.0,10.0,266.0,70.0,10.0,17.0,63.0,7.0,14.0,20.0,7.0,18.0,23.0,8.0,18.0,28.0,10.0,19.0,25.0,6.0,14.0,19.0,6.0,7.0,10.0,7.0,11.0,11.0,35.0,36.0,41.0,42.0,45.0,6.0,11.0
2024,5,7,1,199,10,2,5,17,1,27000000,54.2,33.5,6.0,13.0,2.0,9.0,22.0,20.0,10.0,24.0,39.0,30.0,33.0,40.0,49.0,47.0,47.0,3.0,1.0,4.0,4.0,5.0,8.0,4627.0,2345.0,140.0,77.0,25.0,130.0,25.0,7.0,15.0,21.0,8.0,18.0,24.0,9.0,19.0,27.0,10.0,18.0,25.0,5.0,14.0,19.0,6.0,8.0,10.0,7.0,11.0,11.0,13.0,28.0,29.0,44.0,48.0,4.0,12.0
2024,5,10,4,162,35,3,4,16,2,42000000,34.0,33.0,35.0,6.0,13.0,36.0,9.0,22.0,41.0,10.0,24.0,42.0,30.0,33.0,45.0,49.0,47.0,6.0,3.0,1.0,11.0,4.0,5.0,10.0,112.0,168.0,21.0,38.0,14.0,59.0,7.0,15.0,21.0,8.0,19.0,24.0,10.0,20.0,27.0,9.0,18.0,25.0,5.0,14.0,19.0,5.0,8.0,10.0,8.0,10.0,11.0,2.0,8.0,17.0,28.0,35.0,7.0,9.0
2024,5,14,1,90,33,3,2,16,0,49000000,25.6,40.5,13.0,35.0,6.0,28.0,36.0,9.0,29.0,41.0,10.0,44.0,42.0,30.0,48.0,45.0,49.0,4.0,6.0,3.0,12.0,11.0,4.0,18.0,305.0,70.0,98.0,235.0,116.0,91.0,6.0,15.0,21.0,8.0,20.0,25.0,10.0,20.0,27.0,9.0,18.0,25.0,6.0,14.0,20.0,6.0,9.0,10.0,9.0,10.0,11.0,18.0,31.0,32.0,41.0,46.0,1.0,10.0
2024,5,17,4,168,28,3,4,11,1,17000000,27.0,20.5,2.0,13.0,35.0,8.0,28.0,36.0,17.0,29.0,41.0,28.0,44.0,42.0,35.0,48.0,45.0,7.0,4.0,6.0,9.0,12.0,11.0,220.0,87.0,112.0,112.0,28.0,17.0,24.0,7.0,15.0,21.0,8.0,20.0,25.0,10.0,20.0,27.0,9.0,19.0,25.0,6.0,14.0,20.0,6.0,9.0,10.0,9.0,10.0,11.0,11.0,13.0,14.0,34.0,48.0,7.0,9.0
2024,5,21,1,120,37,3,2,16,0,26000000,34.6,7.0,18.0,2.0,13.0,31.0,8.0,28.0,32.0,17.0,29.0,41.0,28.0,44.0,46.0,35.0,48.0,1.0,7.0,4.0,10.0,9.0,12.0,336.0,56.0,56.0,67.0,11.0,7.0,7.0,7.0,15.0,21.0,8.0,19.0,25.0,10.0,19.0,26.0,9.0,19.0,25.0,6.0,14.0,20.0,6.0,9.0,10.0,8.0,10.0,11.0,9.0,12.0,18.0,22.0,50.0,1.0,3.0
2024,5,24,4,111,41,4,1,4,0,38000000,43.2,14.0,11.0,18.0,2.0,13.0,31.0,8.0,14.0,32.0,17.0,34.0,41.0,28.0,48.0,46.0,35.0,7.0,1.0,7.0,9.0,10.0,9.0,238.0,311.0,66.0,1547.0,122.0,7.0,35.0,7.0,15.0,22.0,9.0,20.0,26.0,10.0,18.0,26.0,10.0,19.0,26.0,7.0,14.0,20.0,6.0,9.0,10.0,8.0,10.0,11.0,16.0,18.0,35.0,36.0,41.0,6.0,7.0
2024,5,28,1,146,25,3,3,13,1,48000000,19.2,14.0,9.0,11.0,18.0,12.0,13.0,31.0,18.0,14.0,32.0,22.0,34.0,41.0,50.0,48.0,46.0,1.0,7.0,1.0,3.0,9.0,10.0,60.0,53.0,60.0,56.0,228.0,21.0,42.0,8.0,14.0,22.0,10.0,19.0,25.0,10.0,17.0,25.0,10.0,19.0,26.0,8.0,14.0,20.0,5.0,9.0,10.0,9.0,10.0,11.0,4.0,7.0,16.0,33.0,34.0,7.0,8.0
2024,5,31,4,94,30,3,2,15,1,61000000,38.8,19.0,16.0,9.0,11.0,18.0,12.0,13.0,35.0,18.0,14.0,36.0,22.0,34.0,41.0,50.0,48.0,6.0,1.0,7.0,7.0,3.0,9.0,91.0,91.0,399.0,31.0,91.0,10.0,35.0,9.0,15.0,21.0,10.0,19.0,24.0,10.0,18.0,25.0,9.0,18.0,26.0,9.0,14.0,20.0,5.0,9.0,10.0,9.0,10.0,11.0,6.0,7.0,9.0,14.0,43.0,3.0,4.0
2024,6,4,1,79,37,2,1,7,1,70000000,45.8,18.0,4.0,16.0,9.0,7.0,18.0,12.0,16.0,35.0,18.0,33.0,36.0,22.0,34.0,41.0,50.0,7.0,6.0,1.0,8.0,7.0,3.0,32.0,4.0,98.0,385.0,175.0,32.0,32.0,9.0,15.0,21.0,9.0,19.0,24.0,10.0,19.0,25.0,10.0,19.0,27.0,9.0,15.0,20.0,5.0,9.0,10.0,8.0,10.0,11.0,15.0,16.0,26.0,30.0,37.0,5.0,8.0
2024,6,7,4,124,22,3,3,13,1,130000000,51.6,22.5,6.0,4.0,16.0,7.0,7.0,18.0,9.0,16.0,35.0,14.0,33.0,36.0,43.0,34.0,41.0,3.0,7.0,6.0,4.0,8.0,7.0,196.0,80.0,59.0,35.0,63.0,66.0,7.0,10.0,16.0,22.0,9.0,18.0,24.0,10.0,18.0,25.0,10.0,18.0,27.0,9.0,15.0,20.0,6.0,9.0,10.0,8.0,10.0,11.0,7.0,15.0,34.0,45.0,48.0,7.0,9.0
2024,6,11,1,149,41,2,3,16,0,144000000,15.6,16.0,15.0,6.0,4.0,16.0,7.0,7.0,26.0,9.0,16.0,30.0,14.0,33.0,37.0,43.0,34.0,5.0,3.0,7.0,8.0,4.0,8.0,84.0,98.0,172.0,151.0,21.0,11.0,21.0,10.0,16.0,22.0,9.0,18.0,24.0,10.0,19.0,25.0,10.0,19.0,26.0,8.0,14.0,20.0,6.0,9.0,10.0,7.0,10.0,11.0,2.0,13.0,16.0,24.0,32.0,1.0,7.0
2024,6,14,4,87,30,4,1,8,0,160000000,27.0,12.0,7.0,15.0,6.0,15.0,16.0,7.0,34.0,26.0,9.0,45.0,30.0,14.0,48.0,37.0,43.0,7.0,5.0,3.0,9.0,8.0,4.0,31.0,24.0,14.0,119.0,87.0,21.0,17.0,9.0,16.0,22.0,8.0,18.0,23.0,9.0,19.0,25.0,10.0,19.0,26.0,9.0,14.0,20.0,5.0,9.0,10.0,6.0,10.0,11.0,3.0,11.0,33.0,34.0,36.0,1.0,12.0
2024,6,18,1,117,33,2,3,13,1,174000000,28.2,21.5,2.0,7.0,15.0,13.0,15.0,16.0,16.0,34.0,26.0,24.0,45.0,30.0,32.0,48.0,37.0,1.0,7.0,5.0,7.0,9.0,8.0,112.0,88.0,315.0,28.0,105.0,4.0,39.0,10.0,16.0,22.0,8.0,18.0,23.0,9.0,19.0,26.0,9.0,19.0,26.0,9.0,14.0,20.0,5.0,8.0,10.0,7.0,10.0,11.0,3.0,4.0,7.0,11.0,17.0,3.0,12.0
2024,6,25,1,161,35,2,3,12,0,213000000,23.4,14.5,3.0,3.0,2.0,4.0,11.0,13.0,7.0,33.0,16.0,11.0,34.0,24.0,17.0,36.0,32.0,3.0,1.0,1.0,12.0,12.0,7.0,154.0,18.0,126.0,14.0,53.0,18.0,11.0,9.0,17.0,22.0,8.0,18.0,23.0,9.0,21.0,27.0,9.0,19.0,26.0,10.0,14.0,21.0,5.0,8.0,9.0,6.0,9.0,11.0,10.0,16.0,18.0,22.0,35.0,1.0,10.0
2024,6,28,4,101,25,4,1,11,1,17000000,31.2,26.0,14.0,3.0,3.0,16.0,4.0,11.0,37.0,7.0,33.0,45.0,11.0,34.0,49.0,17.0,36.0,5.0,3.0,1.0,7.0,12.0,12.0,70.0,3.0,35.0,35.0,45.0,10.0,42.0,9.0,16.0,22.0,7.0,18.0,23.0,9.0,21.0,27.0,9.0,19.0,26.0,10.0,14.0,21.0,5.0,8.0,9.0,6.0,9.0,11.0,2.0,7.0,34.0,35.0,46.0,6.0,8.0
2024,7,2,1,124,44,3,3,14,2,26000000,18.6,30.0,10.0,14.0,3.0,16.0,16.0,4.0,18.0,37.0,7.0,22.0,45.0,11.0,35.0,49.0,17.0,1.0,5.0,3.0,10.0,7.0,12.0,18.0,28.0,21.0,88.0,46.0,35.0,25.0,8.0,16.0,22.0,6.0,18.0,23.0,8.0,21.0,27.0,9.0,19.0,26.0,10.0,14.0,21.0,5.0,7.0,9.0,6.0,9.0,11.0,11.0,13.0,29.0,31.0,47.0,1.0,11.0
2024,7,5,4,131,36,0,3,12,0,38000000,41.2,33.0,2.0,10.0,14.0,7.0,16.0,16.0,34.0,18.0,37.0,35.0,22.0,45.0,46.0,35.0,49.0,6.0,1.0,5.0,8.0,10.0,7.0,45.0,21.0,56.0,255.0,66.0,7.0,59.0,8.0,15.0,22.0,6.0,17.0,23.0,9.0,21.0,27.0,9.0,19.0,27.0,10.0,14.0,21.0,5.0,7.0,9.0,7.0,9.0,11.0,6.0,15.0,19.0,28.0,39.0,7.0,11.0
2024,7,9,1,107,33,2,2,18,0,17000000,56.8,9.0,11.0,2.0,10.0,13.0,7.0,16.0,29.0,34.0,18.0,31.0,35.0,22.0,47.0,46.0,35.0,1.0,6.0,1.0,11.0,8.0,10.0,35.0,28.0,130.0,56.0,245.0,28.0,4.0,8.0,15.0,22.0,6.0,16.0,23.0,9.0,21.0,27.0,9.0,18.0,27.0,10.0,15.0,22.0,5.0,7.0,9.0,6.0,9.0,11.0,12.0,18.0,24.0,25.0,39.0,8.0,10.0
2024,7,12,4,118,27,3,1,18,2,29000000,62.8,12.0,6.0,11.0,2.0,15.0,13.0,7.0,19.0,29.0,34.0,28.0,31.0,35.0,39.0,47.0,46.0,7.0,1.0,6.0,11.0,11.0,8.0,227.0,45.0,73.0,406.0,3.0,98.0,14.0,8.0,15.0,22.0,7.0,15.0,23.0,9.0,20.0,26.0,9.0,18.0,28.0,9.0,15.0,22.0,6.0,8.0,9.0,6.0,9.0,11.0,2.0,32.0,35.0,36.0,39.0,7.0,8.0
2024,7,16,1,144,37,3,4,15,1,38000000,18.4,5.5,12.0,6.0,11.0,18.0,15.0,13.0,24.0,19.0,29.0,25.0,28.0,31.0,39.0,39.0,47.0,8.0,7.0,1.0,10.0,11.0,11.0,14.0,354.0,49.0,49.0,4.0,7.0,14.0,7.0,15.0,22.0,8.0,16.0,24.0,10.0,19.0,26.0,10.0,18.0,27.0,8.0,15.0,22.0,6.0,8.0,9.0,5.0,9.0,11.0,15.0,22.0,35.0,44.0,48.0,6.0,7.0
2024,7,19,4,164,33,3,3,13,1,53000000,28.4,10.0,2.0,12.0,6.0,32.0,18.0,15.0,35.0,24.0,19.0,36.0,25.0,28.0,39.0,39.0,39.0,7.0,8.0,7.0,8.0,10.0,11.0,42.0,80.0,3.0,70.0,38.0,17.0,24.0,8.0,15.0,22.0,9.0,16.0,24.0,9.0,18.0,26.0,10.0,17.0,27.0,8.0,15.0,22.0,6.0,7.0,9.0,5.0,9.0,11.0,4.0,8.0,10.0,16.0,34.0,4.0,8.0
2024,7,23,1,72,30,5,1,12,2,17000000,34.6,28.0,15.0,2.0,12.0,22.0,32.0,18.0,35.0,35.0,24.0,44.0,36.0,25.0,48.0,39.0,39.0,6.0,7.0,8.0,7.0,8.0,10.0,53.0,70.0,81.0,102.0,53.0,74.0,7.0,9.0,15.0,21.0,9.0,15.0,23.0,9.0,17.0,26.0,10.0,17.0,27.0,8.0,15.0,21.0,7.0,7.0,9.0,5.0,9.0,11.0,4.0,19.0,23.0,35.0,37.0,4.0,8.0
2024,7,26,4,118,33,1,2,12,2,29000000,33.2,3.0,4.0,15.0,2.0,8.0,22.0,32.0,10.0,35.0,35.0,16.0,44.0,36.0,34.0,48.0,39.0,4.0,6.0,7.0,8.0,7.0,8.0,3.0,136.0,126.0,24.0,49.0,3.0,3.0,8.0,15.0,21.0,9.0,16.0,23.0,9.0,18.0,26.0,9.0,17.0,27.0,8.0,15.0,20.0,6.0,7.0,9.0,4.0,8.0,11.0,9.0,25.0,28.0,37.0,38.0,2.0,8.0
2024,7,30,1,137,29,2,3,10,2,17000000,47.8,51.0,4.0,4.0,15.0,19.0,8.0,22.0,23.0,10.0,35.0,35.0,16.0,44.0,37.0,34.0,48.0,4.0,4.0,6.0,8.0,8.0,7.0,67.0,347.0,158.0,172.0,368.0,98.0,4.0,8.0,15.0,21.0,10.0,16.0,24.0,9.0,19.0,25.0,9.0,18.0,27.0,8.0,16.0,21.0,6.0,8.0,9.0,4.0,8.0,11.0,5.0,7.0,12.0,33.0,46.0,3.0,12.0
2024,8,2,4,103,41,2,2,15,1,28000000,62.6,42.0,9.0,4.0,4.0,25.0,19.0,8.0,28.0,23.0,10.0,37.0,35.0,16.0,38.0,37.0,34.0,2.0,4.0,4.0,8.0,8.0,8.0,185.0,31.0,112.0,63.0,31.0,42.0,42.0,8.0,15.0,22.0,9.0,15.0,23.0,9.0,19.0,25.0,9.0,17.0,27.0,7.0,15.0,21.0,7.0,8.0,9.0,5.0,8.0,11.0,1.0,18.0,27.0,41.0,50.0,2.0,12.0
2024,8,6,1,137,49,2,3,14,2,38000000,82.8,5.5,5.0,9.0,4.0,7.0,25.0,19.0,12.0,28.0,23.0,33.0,37.0,35.0,46.0,38.0,37.0,3.0,2.0,4.0,12.0,8.0,8.0,126.0,25.0,252.0,81.0,74.0,7.0,4.0,9.0,15.0,22.0,9.0,14.0,23.0,9.0,20.0,26.0,10.0,17.0,27.0,8.0,15.0,21.0,7.0,8.0,9.0,5.0,8.0,11.0,21.0,23.0,25.0,33.0,44.0,4.0,10.0
2024,8,9,4,146,23,1,2,14,2,50000000,47.4,21.0,1.0,5.0,9.0,18.0,7.0,25.0,27.0,12.0,28.0,41.0,33.0,37.0,50.0,46.0,38.0,2.0,3.0,2.0,12.0,12.0,8.0,301.0,122.0,406.0,7.0,140.0,14.0,28.0,9.0,16.0,23.0,9.0,15.0,23.0,9.0,20.0,27.0,9.0,17.0,27.0,8.0,16.0,20.0,6.0,8.0,9.0,5.0,8.0,10.0,15.0,16.0,39.0,40.0,47.0,1.0,6.0
2024,8,13,1,157,32,2,3,7,1,60000000,44.4,32.0,21.0,1.0,5.0,23.0,18.0,7.0,25.0,27.0,12.0,33.0,41.0,33.0,44.0,50.0,46.0,4.0,2.0,3.0,10.0,12.0,12.0,25.0,46.0,109.0,109.0,39.0,39.0,140.0,8.0,15.0,22.0,9.0,14.0,23.0,9.0,20.0,27.0,9.0,18.0,27.0,9.0,16.0,20.0,7.0,8.0,9.0,5.0,9.0,10.0,15.0,17.0,29.0,45.0,49.0,1.0,10.0
2024,8,16,4,155,34,0,3,11,1,73000000,41.0,5.0,15.0,21.0,1.0,16.0,23.0,18.0,39.0,25.0,27.0,40.0,33.0,41.0,47.0,44.0,50.0,1.0,4.0,2.0,6.0,10.0,12.0,3.0,140.0,42.0,52.0,52.0,3.0,7.0,7.0,15.0,21.0,10.0,15.0,22.0,9.0,19.0,27.0,9.0,18.0,27.0,10.0,16.0,20.0,6.0,8.0,9.0,5.0,9.0,10.0,7.0,10.0,13.0,18.0,26.0,3.0,12.0
2024,8,20,1,74,19,3,1,15,1,82000000,36.0,16.0,15.0,15.0,21.0,17.0,16.0,23.0,29.0,39.0,25.0,45.0,40.0,33.0,49.0,47.0,44.0,1.0,1.0,4.0,10.0,6.0,10.0,70.0,203.0,326.0,1075.0,186.0,18.0,14.0,7.0,15.0,21.0,10.0,15.0,23.0,10.0,20.0,28.0,9.0,19.0,27.0,10.0,17.0,20.0,5.0,8.0,9.0,5.0,8.0,10.0,9.0,15.0,24.0,47.0,50.0,8.0,9.0
2024,8,23,4,145,41,2,2,17,1,93000000,20.0,48.5,7.0,15.0,15.0,10.0,17.0,16.0,13.0,29.0,39.0,18.0,45.0,40.0,26.0,49.0,47.0,3.0,1.0,1.0,12.0,10.0,6.0,24.0,45.0,42.0,479.0,17.0,42.0,73.0,7.0,14.0,21.0,10.0,15.0,23.0,10.0,20.0,28.0,9.0,20.0,28.0,9.0,16.0,20.0,5.0,8.0,9.0,5.0,8.0,10.0,1.0,8.0,11.0,42.0,47.0,4.0,11.0
2024,8,27,1,109,46,2,2,15,1,104000000,45.0,33.5,9.0,7.0,15.0,15.0,10.0,17.0,24.0,13.0,29.0,47.0,18.0,45.0,50.0,26.0,49.0,8.0,3.0,1.0,9.0,12.0,10.0,21.0,35.0,126.0,112.0,14.0,18.0,49.0,7.0,14.0,21.0,10.0,15.0,23.0,10.0,21.0,28.0,9.0,21.0,27.0,8.0,16.0,20.0,5.0,8.0,9.0,6.0,8.0,10.0,3.0,24.0,27.0,33.0,42.0,4.0,6.0
2024,8,30,4,129,39,2,3,10,2,119000000,25.0,10.0,1.0,9.0,7.0,8.0,15.0,10.0,11.0,24.0,13.0,42.0,47.0,18.0,47.0,50.0,26.0,4.0,8.0,3.0,11.0,9.0,12.0,70.0,203.0,24.0,21.0,210.0,3.0,17.0,7.0,14.0,21.0,10.0,16.0,24.0,9.0,20.0,28.0,8.0,20.0,27.0,8.0,16.0,21.0,5.0,8.0,9.0,6.0,7.0,10.0,7.0,9.0,11.0,16.0,45.0,2.0,5.0
2024,9,3,1,88,38,1,1,7,1,131000000,14.2,49.0,3.0,1.0,9.0,24.0,8.0,15.0,27.0,11.0,24.0,33.0,42.0,47.0,42.0,47.0,50.0,4.0,4.0,8.0,6.0,11.0,9.0,14.0,123.0,7.0,42.0,119.0,28.0,126.0,7.0,14.0,21.0,10.0,17.0,24.0,8.0,19.0,27.0,8.0,19.0,26.0,8.0,17.0,21.0,5.0,8.0,9.0,6.0,8.0,10.0,12.0,14.0,34.0,41.0,47.0,3.0,4.0
2024,9,6,4,148,35,3,3,7,1,148000000,38.8,12.0,7.0,3.0,1.0,9.0,24.0,8.0,11.0,27.0,11.0,16.0,33.0,42.0,45.0,42.0,47.0,2.0,4.0,4.0,5.0,6.0,11.0,56.0,259.0,66.0,31.0,10.0,17.0,94.0,7.0,14.0,21.0,10.0,18.0,25.0,8.0,19.0,27.0,8.0,19.0,26.0,7.0,17.0,20.0,5.0,8.0,9.0,7.0,9.0,10.0,6.0,29.0,46.0,47.0,48.0,2.0,9.0
2024,9,10,1,176,42,3,4,11,1,17000000,36.8,12.5,12.0,7.0,3.0,14.0,9.0,24.0,34.0,11.0,27.0,41.0,16.0,33.0,47.0,45.0,42.0,3.0,2.0,4.0,4.0,5.0,6.0,63.0,147.0,3693.0,18.0,53.0,7.0,18.0,8.0,14.0,21.0,10.0,19.0,25.0,9.0,19.0,28.0,8.0,18.0,25.0,8.0,16.0,20.0,5.0,8.0,9.0,7.0,9.0,10.0,10.0,15.0,17.0,31.0,42.0,4.0,12.0
2024,9,13,4,115,32,2,2,16,2,29000000,31.4,15.5,6.0,12.0,7.0,29.0,14.0,9.0,46.0,34.0,11.0,47.0,41.0,16.0,48.0,47.0,45.0,2.0,3.0,2.0,9.0,4.0,5.0,77.0,21.0,122.0,70.0,14.0,14.0,24.0,8.0,14.0,20.0,9.0,18.0,25.0,9.0,19.0,28.0,9.0,17.0,25.0,7.0,15.0,20.0,5.0,8.0,8.0,7.0,9.0,10.0,20.0,30.0,32.0,41.0,44.0,1.0,10.0
2024,9,17,1,167,24,4,4,11,1,41000000,71.8,32.0,10.0,6.0,12.0,15.0,29.0,14.0,17.0,46.0,34.0,31.0,47.0,41.0,42.0,48.0,47.0,4.0,2.0,3.0,12.0,9.0,4.0,623.0,284.0,123.0,11.0,39.0,32.0,32.0,9.0,15.0,21.0,9.0,18.0,26.0,9.0,19.0,28.0,8.0,16.0,24.0,8.0,14.0,19.0,5.0,8.0,8.0,7.0,9.0,10.0,16.0,25.0,29.0,34.0,37.0,3.0,7.0
2024,9,20,4,141,21,2,3,10,0,54000000,27.0,38.5,20.0,10.0,6.0,30.0,15.0,29.0,32.0,17.0,46.0,41.0,31.0,47.0,44.0,42.0,48.0,1.0,4.0,2.0,10.0,12.0,9.0,115.0,52.0,35.0,94.0,56.0,14.0,63.0,9.0,15.0,21.0,9.0,18.0,26.0,9.0,18.0,28.0,8.0,17.0,24.0,8.0,14.0,19.0,5.0,7.0,8.0,8.0,9.0,10.0,18.0,20.0,21.0,36.0,49.0,3.0,5.0
2024,9,24,1,144,31,3,2,8,0,64000000,39.4,12.5,16.0,20.0,10.0,25.0,30.0,15.0,29.0,32.0,17.0,34.0,41.0,31.0,37.0,44.0,42.0,3.0,1.0,4.0,7.0,10.0,12.0,130.0,151.0,231.0,70.0,39.0,4.0,21.0,10.0,16.0,21.0,9.0,19.0,26.0,9.0,18.0,29.0,8.0,16.0,24.0,8.0,13.0,19.0,5.0,7.0,8.0,8.0,9.0,10.0,7.0,20.0,21.0,27.0,38.0,5.0,12.0
2024,9,27,4,113,31,2,2,17,1,130000000,23.4,8.5,18.0,16.0,20.0,20.0,25.0,30.0,21.0,29.0,32.0,36.0,34.0,41.0,49.0,37.0,44.0,3.0,3.0,1.0,5.0,7.0,10.0,24.0,3.0,3.0,171.0,59.0,94.0,14.0,9.0,16.0,21.0,9.0,19.0,26.0,8.0,18.0,29.0,9.0,17.0,24.0,8.0,13.0,19.0,5.0,8.0,8.0,8.0,9.0,10.0,8.0,22.0,29.0,41.0,42.0,9.0,11.0
2024,10,1,1,142,34,3,3,20,0,143000000,30.4,28.0,7.0,18.0,16.0,20.0,20.0,25.0,21.0,21.0,29.0,27.0,36.0,34.0,38.0,49.0,37.0,5.0,3.0,3.0,12.0,5.0,7.0,193.0,74.0,11.0,14.0,18.0,193.0,35.0,9.0,16.0,21.0,9.0,18.0,26.0,8.0,18.0,29.0,8.0,17.0,24.0,8.0,13.0,19.0,6.0,9.0,9.0,8.0,9.0,10.0,4.0,8.0,16.0,17.0,20.0,1.0,6.0
2024,10,4,4,65,16,4,0,7,1,160000000,23.0,26.0,8.0,7.0,18.0,22.0,20.0,20.0,29.0,21.0,21.0,41.0,27.0,36.0,42.0,38.0,49.0,9.0,5.0,3.0,11.0,12.0,5.0,70.0,38.0,112.0,931.0,220.0,17.0,35.0,9.0,16.0,21.0,9.0,18.0,25.0,8.0,18.0,29.0,8.0,17.0,25.0,9.0,14.0,20.0,6.0,9.0,9.0,8.0,9.0,10.0,7.0,14.0,19.0,34.0,40.0,6.0,8.0
2024,10,8,1,114,33,3,2,14,2,17000000,38.2,25.0,4.0,8.0,7.0,8.0,22.0,20.0,16.0,29.0,21.0,17.0,41.0,27.0,20.0,42.0,38.0,1.0,9.0,5.0,6.0,11.0,12.0,11.0,32.0,91.0,18.0,207.0,81.0,70.0,9.0,16.0,20.0,8.0,18.0,25.0,8.0,19.0,28.0,7.0,16.0,24.0,9.0,15.0,21.0,7.0,9.0,9.0,9.0,9.0,10.0,16.0,23.0,32.0,46.0,49.0,4.0,5.0
2024,10,11,4,166,33,3,3,9,1,29000000,28.4,21.0,7.0,4.0,8.0,14.0,8.0,22.0,19.0,16.0,29.0,34.0,17.0,41.0,40.0,20.0,42.0,6.0,1.0,9.0,8.0,6.0,11.0,21.0,63.0,24.0,283.0,17.0,28.0,17.0,8.0,15.0,20.0,9.0,17.0,25.0,7.0,19.0,27.0,8.0,17.0,25.0,8.0,14.0,21.0,7.0,8.0,9.0,8.0,9.0,10.0,2.0,15.0,32.0,36.0,48.0,3.0,9.0
2024,10,15,1,133,46,4,3,12,0,38000000,36.6,17.5,16.0,7.0,4.0,23.0,14.0,8.0,32.0,19.0,16.0,46.0,34.0,17.0,49.0,40.0,20.0,4.0,6.0,1.0,5.0,8.0,6.0,91.0,32.0,4.0,21.0,35.0,21.0,35.0,8.0,16.0,20.0,8.0,17.0,25.0,6.0,18.0,27.0,7.0,16.0,24.0,8.0,14.0,21.0,6.0,8.0,9.0,8.0,9.0,10.0,4.0,15.0,23.0,30.0,39.0,1.0,12.0
2024,10,18,4,111,35,2,2,13,1,51000000,24.2,17.5,2.0,16.0,7.0,15.0,23.0,14.0,32.0,32.0,19.0,36.0,46.0,34.0,48.0,49.0,40.0,3.0,4.0,6.0,9.0,5.0,8.0,14.0,3.0,84.0,133.0,94.0,14.0,21.0,7.0,16.0,20.0,8.0,17.0,25.0,6.0,17.0,27.0,7.0,17.0,24.0,9.0,14.0,21.0,6.0,8.0,9.0,8.0,9.0,10.0,3.0,13.0,27.0,30.0,46.0,1.0,2.0
2024,10,22,1,119,43,2,3,3,1,61000000,31.2,23.0,4.0,2.0,16.0,15.0,15.0,23.0,23.0,32.0,32.0,30.0,36.0,46.0,39.0,48.0,49.0,1.0,3.0,4.0,12.0,9.0,5.0,53.0,109.0,53.0,4.0,81.0,4.0,249.0,7.0,16.0,20.0,8.0,17.0,25.0,7.0,17.0,27.0,7.0,16.0,24.0,9.0,14.0,21.0,6.0,8.0,9.0,8.0,10.0,11.0,4.0,17.0,20.0,25.0,45.0,8.0,9.0
2024,10,25,4,111,41,2,1,17,1,75000000,27.2,13.5,3.0,4.0,2.0,13.0,15.0,15.0,27.0,23.0,32.0,30.0,30.0,36.0,46.0,39.0,48.0,1.0,1.0,3.0,2.0,12.0,9.0,7.0,70.0,325.0,105.0,52.0,63.0,10.0,7.0,16.0,20.0,8.0,17.0,25.0,8.0,17.0,28.0,8.0,16.0,24.0,9.0,14.0,21.0,7.0,8.0,9.0,7.0,10.0,11.0,1.0,3.0,19.0,30.0,45.0,10.0,12.0
2024,10,29,1,98,44,1,2,22,2,85000000,20.4,26.5,4.0,3.0,4.0,17.0,13.0,15.0,20.0,27.0,23.0,25.0,30.0,30.0,45.0,46.0,39.0,8.0,1.0,1.0,9.0,2.0,12.0,63.0,200.0,21.0,7.0,4.0,301.0,11.0,7.0,15.0,19.0,9.0,17.0,25.0,8.0,16.0,27.0,8.0,16.0,24.0,9.0,14.0,21.0,8.0,9.0,10.0,7.0,10.0,11.0,7.0,33.0,38.0,44.0,50.0,2.0,7.0
2024,11,1,4,172,43,3,4,9,1,98000000,47.4,26.0,1.0,4.0,3.0,3.0,17.0,13.0,19.0,20.0,27.0,30.0,25.0,30.0,45.0,45.0,46.0,10.0,8.0,1.0,12.0,9.0,2.0,24.0,371.0,626.0,105.0,70.0,52.0,42.0,7.0,15.0,18.0,9.0,17.0,25.0,8.0,17.0,28.0,8.0,17.0,24.0,9.0,14.0,21.0,8.0,9.0,10.0,8.0,10.0,11.0,1.0,8.0,19.0,37.0,50.0,6.0,9.0
2024,11,5,1,115,49,2,2,15,1,108000000,19.2,19.5,7.0,1.0,4.0,33.0,3.0,17.0,38.0,19.0,20.0,44.0,30.0,25.0,50.0,45.0,45.0,2.0,10.0,8.0,7.0,12.0,9.0,7.0,32.0,7.0,98.0,4.0,28.0,11.0,6.0,14.0,18.0,8.0,17.0,25.0,7.0,16.0,28.0,8.0,18.0,24.0,8.0,14.0,21.0,7.0,9.0,10.0,7.0,10.0,11.0,2.0,33.0,35.0,42.0,48.0,1.0,3.0
2024,11,8,4,160,46,3,4,4,0,123000000,39.6,20.5,1.0,7.0,1.0,8.0,33.0,3.0,19.0,38.0,19.0,37.0,44.0,30.0,50.0,50.0,45.0,6.0,2.0,10.0,9.0,7.0,12.0,24.0,7.0,112.0,73.0,24.0,17.0,168.0,6.0,14.0,18.0,8.0,16.0,24.0,7.0,16.0,28.0,8.0,17.0,24.0,7.0,14.0,21.0,7.0,9.0,10.0,7.0,11.0,11.0,10.0,11.0,12.0,22.0,50.0,1.0,10.0
2024,11,12,1,105,40,4,1,11,1,137000000,49.2,9.0,2.0,1.0,7.0,33.0,8.0,33.0,35.0,19.0,38.0,42.0,37.0,44.0,48.0,50.0,50.0,1.0,6.0,2.0,3.0,9.0,7.0,60.0,147.0,102.0,137.0,7.0,4.0,56.0,7.0,13.0,18.0,8.0,17.0,24.0,8.0,17.0,27.0,8.0,17.0,24.0,6.0,14.0,21.0,7.0,9.0,10.0,7.0,11.0,11.0,7.0,8.0,34.0,39.0,44.0,2.0,6.0
2024,11,15,4,132,37,3,3,8,2,154000000,20.8,12.0,10.0,2.0,1.0,11.0,33.0,8.0,12.0,35.0,19.0,22.0,42.0,37.0,50.0,48.0,50.0,1.0,1.0,6.0,10.0,3.0,9.0,14.0,10.0,70.0,213.0,59.0,14.0,42.0,6.0,13.0,18.0,7.0,16.0,23.0,9.0,16.0,27.0,8.0,17.0,25.0,6.0,13.0,21.0,6.0,9.0,10.0,7.0,11.0,11.0,4.0,13.0,20.0,28.0,49.0,7.0,12.0
2024,11,19,1,114,45,3,2,19,1,168000000,45.8,19.5,7.0,10.0,2.0,8.0,11.0,33.0,34.0,12.0,35.0,39.0,22.0,42.0,44.0,50.0,48.0,2.0,1.0,1.0,6.0,10.0,3.0,25.0,28.0,25.0,133.0,39.0,126.0,21.0,6.0,12.0,18.0,7.0,16.0,23.0,8.0,15.0,27.0,8.0,18.0,25.0,7.0,13.0,20.0,6.0,10.0,10.0,7.0,11.0,11.0,10.0,11.0,12.0,29.0,31.0,8.0,11.0
2024,11,22,4,93,21,2,2,19,1,189000000,30.4,40.0,4.0,7.0,10.0,13.0,8.0,11.0,20.0,34.0,12.0,28.0,39.0,22.0,49.0,44.0,50.0,7.0,2.0,1.0,12.0,6.0,10.0,10.0,10.0,10.0,511.0,665.0,28.0,52.0,6.0,12.0,18.0,6.0,16.0,23.0,7.0,15.0,27.0,9.0,19.0,26.0,7.0,14.0,21.0,6.0,10.0,10.0,8.0,11.0,11.0,7.0,11.0,25.0,31.0,40.0,9.0,12.0
2024,11,26,1,114,33,1,2,21,1,208000000,20.0,14.0,10.0,4.0,7.0,11.0,13.0,8.0,12.0,20.0,34.0,29.0,28.0,39.0,31.0,49.0,44.0,8.0,7.0,2.0,11.0,12.0,6.0,11.0,4.0,109.0,74.0,49.0,56.0,7.0,5.0,12.0,18.0,6.0,15.0,23.0,7.0,16.0,26.0,10.0,18.0,25.0,7.0,14.0,20.0,7.0,10.0,10.0,7.0,11.0,11.0,8.0,17.0,18.0,29.0,43.0,5.0,9.0
2024,11,29,4,115,35,2,2,14,0,17000000,60.0,26.0,7.0,10.0,4.0,11.0,11.0,13.0,25.0,12.0,20.0,31.0,29.0,28.0,40.0,31.0,49.0,9.0,8.0,7.0,12.0,11.0,12.0,59.0,35.0,154.0,7.0,178.0,63.0,24.0,6.0,12.0,18.0,6.0,14.0,23.0,8.0,16.0,25.0,9.0,17.0,25.0,8.0,15.0,21.0,8.0,10.0,10.0,7.0,11.0,11.0,23.0,25.0,34.0,46.0,47.0,6.0,8.0
2024,12,3,1,175,24,2,3,14,2,26000000,39.4,14.5,8.0,7.0,10.0,17.0,11.0,11.0,18.0,25.0,12.0,29.0,31.0,29.0,43.0,40.0,31.0,5.0,9.0,8.0,9.0,12.0,11.0,287.0,74.0,18.0,53.0,88.0,28.0,56.0,7.0,12.0,19.0,6.0,14.0,23.0,8.0,16.0,25.0,9.0,17.0,25.0,8.0,15.0,21.0,7.0,10.0,10.0,8.0,10.0,11.0,14.0,25.0,39.0,44.0,47.0,6.0,10.0
2024,12,6,4,169,33,2,3,16,2,39000000,21.4,13.5,23.0,8.0,7.0,25.0,17.0,11.0,34.0,18.0,25.0,46.0,29.0,31.0,47.0,43.0,40.0,6.0,5.0,9.0,8.0,9.0,12.0,164.0,3.0,115.0,35.0,3.0,3.0,24.0,8.0,12.0,19.0,6.0,13.0,23.0,8.0,16.0,25.0,9.0,16.0,24.0,8.0,15.0,20.0,7.0,10.0,10.0,7.0,10.0,11.0,5.0,24.0,25.0,29.0,47.0,5.0,9.0
2024,12,10,1,130,42,1,2,14,0,50000000,50.2,11.0,14.0,23.0,8.0,25.0,25.0,17.0,39.0,34.0,18.0,44.0,46.0,29.0,47.0,47.0,43.0,6.0,6.0,5.0,10.0,8.0,9.0,130.0,102.0,14.0,11.0,4.0,11.0,11.0,8.0,13.0,19.0,7.0,14.0,23.0,7.0,15.0,24.0,8.0,16.0,24.0,8.0,15.0,19.0,7.0,10.0,10.0,7.0,10.0,11.0,1.0,15.0,25.0,42.0,50.0,4.0,10.0
2024,12,13,4,133,49,2,2,14,2,64000000,32.6,35.0,5.0,14.0,23.0,24.0,25.0,25.0,25.0,39.0,34.0,29.0,44.0,46.0,47.0,47.0,47.0,5.0,6.0,6.0,9.0,10.0,8.0,38.0,56.0,3.0,35.0,31.0,63.0,7.0,8.0,12.0,19.0,7.0,13.0,22.0,6.0,15.0,23.0,8.0,16.0,23.0,7.0,15.0,18.0,8.0,10.0,10.0,6.0,10.0,11.0,1.0,3.0,4.0,21.0,29.0,2.0,7.0
2024,12,20,4,128,40,3,2,15,1,17000000,18.8,12.0,1.0,1.0,5.0,3.0,15.0,24.0,4.0,25.0,25.0,21.0,42.0,29.0,29.0,50.0,47.0,2.0,4.0,5.0,7.0,10.0,9.0,28.0,73.0,84.0,112.0,7.0,14.0,10.0,8.0,11.0,19.0,8.0,13.0,22.0,8.0,16.0,23.0,8.0,18.0,24.0,7.0,15.0,18.0,7.0,10.0,10.0,6.0,10.0,11.0,6.0,10.0,16.0,23.0,24.0,11.0,12.0
2024,12,24,1,79,18,4,0,23,1,26000000,43.6,30.0,10.0,1.0,1.0,14.0,3.0,15.0,21.0,4.0,25.0,33.0,21.0,42.0,50.0,29.0,50.0,6.0,2.0,4.0,9.0,7.0,10.0,105.0,126.0,81.0,294.0,1796.0,564.0,28.0,8.0,12.0,19.0,8.0,13.0,22.0,8.0,16.0,23.0,8.0,18.0,25.0,7.0,15.0,19.0,7.0,11.0,11.0,6.0,10.0,11.0,12.0,22.0,27.0,33.0,45.0,4.0,8.0
2024,12,27,4,139,33,2,3,12,2,41000000,42.4,19.0,6.0,10.0,1.0,10.0,14.0,3.0,16.0,21.0,4.0,23.0,33.0,21.0,24.0,50.0,29.0,11.0,6.0,2.0,12.0,9.0,7.0,112.0,87.0,66.0,7.0,59.0,14.0,24.0,9.0,13.0,18.0,9.0,13.0,22.0,8.0,15.0,23.0,8.0,17.0,25.0,7.0,14.0,19.0,6.0,11.0,11.0,5.0,10.0,11.0,19.0,24.0,26.0,28.0,33.0,8.0,12.0
2024,12,31,1,130,14,3,3,20,2,17000000,48.4,5.5,12.0,6.0,10.0,22.0,10.0,14.0,27.0,16.0,21.0,33.0,23.0,33.0,45.0,24.0,50.0,4.0,11.0,6.0,8.0,12.0,9.0,266.0,21.0,207.0,42.0,480.0,39.0,7.0,9.0,14.0,19.0,8.0,13.0,22.0,9.0,16.0,24.0,8.0,16.0,25.0,7.0,14.0,20.0,6.0,11.0,11.0,5.0,10.0,11.0,3.0,19.0,29.0,35.0,37.0,1.0,9.0
2025,1,3,4,123,34,0,3,10,0,29000000,30.4,33.0,19.0,12.0,6.0,24.0,22.0,10.0,26.0,27.0,16.0,28.0,33.0,23.0,33.0,45.0,24.0,8.0,4.0,11.0,12.0,8.0,12.0,73.0,161.0,94.0,161.0,105.0,52.0,14.0,9.0,14.0,19.0,8.0,14.0,22.0,9.0,17.0,24.0,9.0,16.0,25.0,7.0,15.0,20.0,7.0,11.0,11.0,5.0,10.0,11.0,20.0,33.0,35.0,41.0,47.0,4.0,12.0
2025,1,7,1,176,27,1,4,16,2,39000000,37.2,9.0,3.0,19.0,12.0,19.0,24.0,22.0,29.0,26.0,27.0,35.0,28.0,33.0,37.0,33.0,45.0,1.0,8.0,4.0,9.0,12.0,8.0,112.0,60.0,60.0,98.0,28.0,11.0,7.0,9.0,14.0,19.0,9.0,13.0,21.0,9.0,17.0,24.0,9.0,17.0,25.0,7.0,15.0,20.0,7.0,11.0,11.0,5.0,9.0,11.0,12.0,27.0,36.0,37.0,42.0,6.0,7.0
2025,1,10,4,154,30,3,4,13,1,52000000,30.0,22.5,20.0,3.0,19.0,33.0,19.0,24.0,35.0,29.0,26.0,41.0,35.0,28.0,47.0,37.0,33.0,4.0,1.0,8.0,12.0,9.0,12.0,14.0,322.0,423.0,66.0,101.0,21.0,24.0,8.0,14.0,19.0,9.0,14.0,22.0,9.0,17.0,25.0,9.0,16.0,25.0,8.0,16.0,20.0,7.0,10.0,11.0,5.0,9.0,11.0,18.0,20.0,29.0,41.0,48.0,5.0,9.0
2025,1,14,1,156,30,3,3,14,0,62000000,27.6,23.0,12.0,20.0,3.0,27.0,33.0,19.0,36.0,35.0,29.0,37.0,41.0,35.0,42.0,47.0,37.0,6.0,4.0,1.0,7.0,12.0,9.0,112.0,109.0,11.0,7.0,67.0,35.0,11.0,8.0,15.0,19.0,10.0,15.0,22.0,9.0,16.0,24.0,8.0,16.0,25.0,9.0,15.0,19.0,7.0,10.0,11.0,5.0,9.0,11.0,8.0,15.0,24.0,35.0,42.0,6.0,8.0
2025,1,17,4,124,34,3,2,14,2,76000000,23.6,12.0,18.0,12.0,20.0,20.0,27.0,33.0,29.0,36.0,35.0,41.0,37.0,41.0,48.0,42.0,47.0,5.0,6.0,4.0,9.0,7.0,12.0,49.0,35.0,147.0,14.0,7.0,7.0,21.0,9.0,15.0,19.0,10.0,15.0,22.0,9.0,17.0,24.0,7.0,16.0,25.0,9.0,14.0,19.0,7.0,10.0,11.0,4.0,8.0,11.0,6.0,8.0,14.0,27.0,41.0,4.0,5.0
2025,1,21,1,96,35,3,2,9,1,86000000,16.4,10.5,8.0,18.0,12.0,15.0,20.0,27.0,24.0,29.0,36.0,35.0,41.0,37.0,42.0,48.0,42.0,6.0,5.0,6.0,8.0,9.0,7.0,28.0,67.0,245.0,116.0,238.0,14.0,102.0,8.0,15.0,19.0,10.0,15.0,22.0,9.0,18.0,24.0,7.0,16.0,25.0,9.0,15.0,20.0,6.0,10.0,11.0,5.0,9.0,11.0,2.0,11.0,19.0,30.0,49.0,3.0,8.0
2025,1,24,4,111,47,2,2,11,1,98000000,62.0,42.0,6.0,8.0,18.0,8.0,15.0,20.0,14.0,24.0,29.0,27.0,35.0,41.0,41.0,42.0,48.0,4.0,6.0,5.0,5.0,8.0,9.0,77.0,59.0,80.0,87.0,66.0,101.0,7.0,8.0,15.0,19.0,10.0,15.0,21.0,9.0,18.0,24.0,8.0,16.0,25.0,9.0,15.0,20.0,7.0,10.0,11.0,5.0,9.0,11.0,9.0,37.0,41.0,42.0,49.0,1.0,9.0
2025,1,28,1,178,40,1,4,10,0,17000000,37.4,19.5,2.0,6.0,8.0,11.0,8.0,15.0,19.0,14.0,24.0,30.0,27.0,35.0,49.0,41.0,42.0,3.0,4.0,6.0,8.0,5.0,8.0,158.0,819.0,266.0,46.0,4.0,25.0,14.0,9.0,16.0,19.0,10.0,16.0,21.0,9.0,18.0,25.0,8.0,16.0,25.0,8.0,15.0,20.0,6.0,10.0,11.0,5.0,9.0,11.0,22.0,30.0,41.0,44.0,49.0,2.0,7.0
2025,1,31,4,186,27,3,4,9,1,28000000,20.8,33.0,9.0,2.0,6.0,37.0,11.0,8.0,41.0,19.0,14.0,42.0,30.0,27.0,49.0,49.0,41.0,1.0,3.0,4.0,9.0,8.0,5.0,290.0,136.0,3.0,56.0,3.0,45.0,21.0,10.0,17.0,19.0,10.0,17.0,21.0,8.0,18.0,25.0,8.0,16.0,25.0,7.0,15.0,20.0,7.0,10.0,11.0,5.0,9.0,11.0,3.0,4.0,29.0,39.0,43.0,5.0,10.0
2025,2,4,1,118,40,1,3,15,1,38000000,45.8,33.5,22.0,9.0,2.0,30.0,37.0,11.0,41.0,41.0,19.0,44.0,42.0,30.0,49.0,49.0,49.0,2.0,1.0,3.0,7.0,9.0,8.0,32.0,228.0,21.0,81.0,67.0,21.0,53.0,9.0,17.0,19.0,10.0,18.0,21.0,7.0,18.0,25.0,8.0,16.0,24.0,7.0,15.0,20.0,6.0,10.0,11.0,6.0,8.0,11.0,10.0,23.0,24.0,29.0,45.0,8.0,10.0
2025,2,7,4,131,35,2,2,18,2,52000000,31.2,8.5,3.0,22.0,9.0,4.0,30.0,37.0,29.0,41.0,41.0,39.0,44.0,42.0,43.0,49.0,49.0,5.0,2.0,1.0,10.0,7.0,9.0,49.0,119.0,21.0,59.0,42.0,38.0,3.0,10.0,17.0,18.0,10.0,19.0,21.0,7.0,18.0,25.0,9.0,15.0,23.0,7.0,15.0,20.0,7.0,10.0,11.0,6.0,8.0,11.0,3.0,21.0,36.0,41.0,46.0,1.0,6.0
2025,2,11,1,147,43,2,3,7,1,63000000,34.6,19.5,10.0,3.0,22.0,23.0,4.0,30.0,24.0,29.0,41.0,29.0,39.0,44.0,45.0,43.0,49.0,8.0,5.0,2.0,10.0,10.0,7.0,7.0,459.0,32.0,28.0,112.0,14.0,88.0,9.0,17.0,18.0,10.0,20.0,22.0,6.0,18.0,24.0,9.0,15.0,22.0,7.0,15.0,19.0,7.0,10.0,11.0,6.0,8.0,11.0,4.0,14.0,31.0,36.0,38.0,3.0,10.0
2025,2,14,4,123,34,4,3,13,1,77000000,44.4,14.0,3.0,10.0,3.0,21.0,23.0,4.0,36.0,24.0,29.0,41.0,29.0,39.0,46.0,45.0,43.0,1.0,8.0,5.0,6.0,10.0,10.0,87.0,56.0,304.0,122.0,140.0,21.0,7.0,9.0,17.0,18.0,10.0,19.0,22.0,7.0,18.0,25.0,9.0,16.0,22.0,8.0,16.0,19.0,7.0,9.0,11.0,6.0,8.0,11.0,5.0,14.0,25.0,26.0,40.0,5.0,7.0
2025,2,18,1,110,35,3,2,12,0,17000000,54.8,16.0,4.0,3.0,10.0,14.0,21.0,23.0,31.0,36.0,24.0,36.0,41.0,29.0,38.0,46.0,45.0,3.0,1.0,8.0,10.0,6.0,10.0,70.0,4.0,67.0,329.0,84.0,14.0,18.0,9.0,17.0,18.0,9.0,19.0,22.0,8.0,17.0,25.0,10.0,17.0,23.0,8.0,15.0,19.0,7.0,9.0,11.0,6.0,7.0,11.0,1.0,3.0,11.0,20.0,43.0,2.0,11.0
2025,2,21,4,78,42,1,1,13,1,29000000,31.8,40.0,5.0,4.0,3.0,14.0,14.0,21.0,25.0,31.0,36.0,26.0,36.0,41.0,40.0,38.0,46.0,5.0,3.0,1.0,7.0,10.0,6.0,66.0,66.0,171.0,339.0,17.0,21.0,91.0,9.0,16.0,18.0,9.0,19.0,22.0,9.0,18.0,25.0,10.0,17.0,24.0,7.0,15.0,19.0,6.0,8.0,11.0,7.0,8.0,11.0,17.0,22.0,23.0,24.0,44.0,6.0,11.0
2025,2,25,1,130,27,3,1,17,1,39000000,34.8,9.0,1.0,5.0,4.0,3.0,14.0,14.0,11.0,25.0,31.0,20.0,26.0,36.0,43.0,40.0,38.0,2.0,5.0,3.0,11.0,7.0,10.0,445.0,60.0,130.0,256.0,102.0,39.0,4.0,9.0,17.0,19.0,9.0,18.0,21.0,9.0,18.0,25.0,10.0,18.0,24.0,7.0,16.0,19.0,6.0,8.0,11.0,6.0,8.0,11.0,7.0,16.0,31.0,43.0,46.0,5.0,9.0
2025,2,28,4,143,39,2,3,14,0,52000000,39.6,20.5,17.0,1.0,5.0,22.0,3.0,14.0,23.0,11.0,25.0,24.0,20.0,26.0,44.0,43.0,40.0,6.0,2.0,5.0,11.0,11.0,7.0,94.0,199.0,14.0,437.0,17.0,10.0,31.0,9.0,17.0,19.0,9.0,19.0,22.0,8.0,17.0,25.0,10.0,18.0,25.0,7.0,16.0,19.0,6.0,8.0,11.0,5.0,8.0,10.0,15.0,20.0,29.0,35.0,42.0,2.0,9.0
2025,3,4,1,141,27,2,3,11,1,17000000,32.6,7.5,7.0,17.0,1.0,16.0,22.0,3.0,31.0,23.0,11.0,43.0,24.0,20.0,46.0,44.0,43.0,5.0,6.0,2.0,9.0,11.0,11.0,200.0,49.0,28.0,46.0,46.0,11.0,4.0,9.0,17.0,20.0,9.0,18.0,21.0,8.0,16.0,24.0,10.0,18.0,24.0,8.0,16.0,19.0,6.0,8.0,11.0,5.0,8.0,10.0,6.0,10.0,27.0,32.0,48.0,3.0,8.0
2025,3,7,4,123,42,4,3,11,1,130000000,62.6,24.5,15.0,7.0,17.0,20.0,16.0,22.0,29.0,31.0,23.0,35.0,43.0,24.0,42.0,46.0,44.0,2.0,5.0,6.0,9.0,9.0,11.0,45.0,73.0,70.0,318.0,52.0,21.0,42.0,9.0,17.0,20.0,9.0,18.0,21.0,8.0,16.0,23.0,10.0,19.0,25.0,8.0,16.0,19.0,6.0,8.0,11.0,6.0,8.0,10.0,13.0,36.0,37.0,42.0,47.0,7.0,11.0
2025,3,11,1,175,34,2,4,18,0,143000000,49.8,17.5,6.0,15.0,7.0,10.0,20.0,16.0,27.0,29.0,31.0,32.0,35.0,43.0,48.0,42.0,46.0,3.0,2.0,5.0,8.0,9.0,9.0,305.0,308.0,259.0,42.0,63.0,112.0,14.0,10.0,18.0,21.0,9.0,19.0,22.0,9.0,17.0,24.0,10.0,19.0,25.0,9.0,16.0,19.0,7.0,9.0,11.0,6.0,8.0,10.0,8.0,10.0,33.0,35.0,49.0,2.0,9.0
2025,3,14,4,135,41,2,3,11,1,162000000,35.4,10.0,13.0,6.0,15.0,36.0,10.0,20.0,37.0,27.0,29.0,42.0,32.0,35.0,47.0,48.0,42.0,7.0,3.0,2.0,11.0,8.0,9.0,56.0,7.0,269.0,10.0,42.0,10.0,10.0,10.0,18.0,21.0,8.0,19.0,22.0,9.0,17.0,25.0,9.0,18.0,25.0,9.0,15.0,19.0,6.0,9.0,11.0,6.0,8.0,10.0,4.0,9.0,35.0,46.0,50.0,8.0,11.0
2025,3,18,1,144,46,3,3,19,1,178000000,38.2,9.0,8.0,13.0,6.0,10.0,36.0,10.0,33.0,37.0,27.0,35.0,42.0,32.0,49.0,47.0,48.0,2.0,7.0,3.0,9.0,11.0,8.0,32.0,196.0,70.0,105.0,88.0,39.0,7.0,9.0,18.0,21.0,8.0,20.0,23.0,9.0,16.0,25.0,9.0,19.0,25.0,10.0,15.0,19.0,6.0,9.0,11.0,5.0,8.0,10.0,9.0,17.0,18.0,21.0,50.0,5.0,12.0
2025,3,21,4,115,41,2,1,17,1,198000000,26.8,47.0,4.0,8.0,13.0,9.0,10.0,36.0,35.0,33.0,37.0,46.0,35.0,42.0,50.0,49.0,47.0,8.0,2.0,7.0,11.0,9.0,11.0,52.0,112.0,112.0,94.0,3.0,21.0,73.0,10.0,18.0,21.0,9.0,21.0,23.0,10.0,16.0,25.0,9.0,19.0,25.0,9.0,14.0,19.0,6.0,8.0,11.0,5.0,8.0,10.0,1.0,3.0,18.0,33.0,36.0,2.0,6.0
2025,3,25,1,91,35,2,2,8,2,217000000,18.6,19.5,9.0,4.0,8.0,17.0,9.0,10.0,18.0,35.0,33.0,21.0,46.0,35.0,50.0,50.0,49.0,5.0,8.0,2.0,12.0,11.0,9.0,32.0,32.0,4.0,88.0,280.0,11.0,42.0,9.0,18.0,21.0,8.0,21.0,23.0,9.0,16.0,25.0,9.0,19.0,25.0,9.0,15.0,20.0,6.0,8.0,11.0,5.0,8.0,10.0,10.0,21.0,30.0,42.0,45.0,1.0,9.0
2025,3,28,4,148,35,3,3,10,0,243000000,28.6,29.5,1.0,9.0,4.0,3.0,17.0,9.0,18.0,18.0,35.0,33.0,21.0,46.0,36.0,50.0,50.0,2.0,5.0,8.0,6.0,12.0,11.0,49.0,45.0,381.0,17.0,49.0,45.0,14.0,10.0,17.0,21.0,9.0,20.0,23.0,9.0,16.0,26.0,8.0,18.0,24.0,9.0,14.0,19.0,7.0,8.0,11.0,5.0,8.0,10.0,9.0,24.0,30.0,46.0,49.0,4.0,12.0
2025,4,1,1,158,40,3,3,16,2,17000000,16.4,40.5,10.0,1.0,9.0,21.0,3.0,17.0,30.0,18.0,18.0,42.0,33.0,21.0,45.0,36.0,50.0,1.0,2.0,5.0,9.0,6.0,12.0,11.0,91.0,4.0,14.0,18.0,70.0,11.0,9.0,17.0,21.0,9.0,20.0,23.0,8.0,16.0,26.0,7.0,18.0,23.0,8.0,13.0,19.0,7.0,8.0,11.0,5.0,8.0,10.0,27.0,39.0,41.0,45.0,50.0,5.0,7.0
2025,4,4,4,202,23,1,5,12,0,29000000,32.0,19.0,9.0,10.0,1.0,24.0,21.0,3.0,30.0,30.0,18.0,46.0,42.0,33.0,49.0,45.0,36.0,4.0,1.0,2.0,12.0,9.0,6.0,441.0,5054.0,63.0,231.0,14.0,14.0,45.0,9.0,17.0,21.0,9.0,20.0,24.0,8.0,16.0,26.0,7.0,19.0,24.0,7.0,13.0,19.0,7.0,8.0,11.0,6.0,8.0,10.0,3.0,14.0,15.0,48.0,49.0,1.0,7.0
2025,4,8,1,129,46,2,2,8,0,17000000,27.4,7.5,27.0,9.0,10.0,39.0,24.0,21.0,41.0,30.0,30.0,45.0,46.0,42.0,50.0,49.0,45.0,5.0,4.0,1.0,7.0,12.0,9.0,56.0,49.0,676.0,441.0,7.0,11.0,4.0,9.0,16.0,21.0,9.0,19.0,24.0,8.0,17.0,26.0,8.0,19.0,25.0,6.0,13.0,19.0,7.0,8.0,11.0,6.0,8.0,10.0,14.0,28.0,34.0,46.0,49.0,3.0,8.0
2025,4,11,4,171,35,4,4,11,1,29000000,49.2,29.5,3.0,27.0,9.0,14.0,39.0,24.0,15.0,41.0,30.0,48.0,45.0,46.0,49.0,50.0,49.0,1.0,5.0,4.0,7.0,7.0,12.0,126.0,336.0,129.0,10.0,3.0,35.0,35.0,9.0,16.0,21.0,10.0,20.0,25.0,8.0,18.0,26.0,7.0,19.0,25.0,5.0,13.0,18.0,7.0,8.0,11.0,6.0,8.0,10.0,3.0,31.0,33.0,38.0,44.0,6.0,12.0
2025,4,15,1,149,41,2,4,18,2,39000000,36.6,17.5,14.0,3.0,27.0,28.0,14.0,39.0,34.0,15.0,41.0,46.0,48.0,45.0,49.0,49.0,50.0,3.0,1.0,5.0,8.0,7.0,7.0,7.0,333.0,32.0,399.0,49.0,49.0,14.0,8.0,16.0,21.0,10.0,20.0,26.0,7.0,18.0,26.0,8.0,20.0,26.0,5.0,13.0,18.0,7.0,8.0,11.0,6.0,8.0,9.0,20.0,27.0,35.0,39.0,48.0,3.0,8.0
2025,4,18,4,169,28,2,4,11,1,52000000,22.8,7.0,3.0,14.0,3.0,31.0,28.0,14.0,33.0,34.0,15.0,38.0,46.0,48.0,44.0,49.0,49.0,6.0,3.0,1.0,12.0,8.0,7.0,101.0,98.0,31.0,73.0,42.0,7.0,7.0,8.0,17.0,21.0,10.0,20.0,26.0,7.0,17.0,26.0,8.0,19.0,25.0,6.0,12.0,18.0,7.0,8.0,11.0,6.0,7.0,9.0,7.0,28.0,33.0,37.0,47.0,9.0,12.0
2025,4,22,1,152,40,1,4,21,1,63000000,31.0,16.0,20.0,3.0,14.0,27.0,31.0,28.0,35.0,33.0,34.0,39.0,38.0,46.0,48.0,44.0,49.0,3.0,6.0,3.0,8.0,12.0,8.0,53.0,11.0,7.0,102.0,42.0,147.0,7.0,8.0,16.0,21.0,9.0,19.0,26.0,7.0,16.0,26.0,9.0,19.0,25.0,7.0,12.0,18.0,7.0,9.0,10.0,5.0,7.0,9.0,13.0,22.0,32.0,39.0,41.0,1.0,12.0
2025,4,25,4,147,28,2,3,13,1,75000000,36.2,10.0,7.0,20.0,3.0,28.0,27.0,31.0,33.0,35.0,33.0,37.0,39.0,38.0,47.0,48.0,44.0,9.0,3.0,6.0,12.0,8.0,12.0,45.0,59.0,192.0,7.0,94.0,17.0,3.0,9.0,16.0,21.0,9.0,18.0,26.0,8.0,17.0,26.0,8.0,19.0,25.0,8.0,13.0,18.0,7.0,9.0,10.0,5.0,7.0,9.0,2.0,9.0,24.0,30.0,41.0,1.0,11.0
2025,4,29,1,106,39,3,2,12,0,85000000,36.6,23.0,13.0,7.0,20.0,22.0,28.0,27.0,32.0,33.0,35.0,39.0,37.0,39.0,41.0,47.0,48.0,1.0,9.0,3.0,12.0,12.0,8.0,95.0,42.0,81.0,95.0,4.0,4.0,42.0,9.0,16.0,21.0,9.0,17.0,26.0,8.0,17.0,26.0,8.0,19.0,25.0,7.0,13.0,18.0,6.0,9.0,10.0,5.0,7.0,9.0,3.0,5.0,19.0,21.0,49.0,1.0,10.0
2025,5,2,4,97,46,0,1,11,1,99000000,48.8,40.0,2.0,13.0,7.0,9.0,22.0,28.0,24.0,32.0,33.0,30.0,39.0,37.0,41.0,41.0,47.0,1.0,1.0,9.0,11.0,12.0,12.0,17.0,609.0,98.0,42.0,21.0,3.0,77.0,8.0,16.0,21.0,9.0,17.0,27.0,9.0,18.0,26.0,8.0,19.0,25.0,6.0,13.0,18.0,6.0,9.0,10.0,5.0,7.0,8.0,8.0,23.0,24.0,47.0,48.0,4.0,9.0
2025,5,6,1,150,40,3,2,13,1,110000000,32.4,24.5,3.0,2.0,13.0,5.0,9.0,22.0,19.0,24.0,32.0,21.0,30.0,39.0,49.0,41.0,41.0,1.0,1.0,1.0,10.0,11.0,12.0,53.0,88.0,7.0,238.0,18.0,35.0,39.0,8.0,16.0,21.0,9.0,17.0,27.0,8.0,18.0,26.0,9.0,19.0,25.0,6.0,13.0,18.0,6.0,9.0,10.0,6.0,7.0,8.0,15.0,18.0,25.0,29.0,47.0,5.0,9.0
2025,5,9,4,134,32,1,2,14,0,124000000,45.0,19.0,8.0,3.0,2.0,23.0,5.0,9.0,24.0,19.0,24.0,47.0,21.0,30.0,48.0,49.0,41.0,4.0,1.0,1.0,9.0,10.0,11.0,66.0,276.0,80.0,91.0,17.0,35.0,3.0,8.0,16.0,21.0,9.0,18.0,28.0,8.0,17.0,26.0,9.0,19.0,25.0,5.0,13.0,18.0,6.0,9.0,10.0,6.0,7.0,8.0,9.0,19.0,44.0,47.0,50.0,2.0,9.0
2025,5,13,1,169,41,2,3,11,1,137000000,19.2,26.5,15.0,8.0,3.0,18.0,23.0,5.0,25.0,24.0,19.0,29.0,47.0,21.0,47.0,48.0,49.0,5.0,4.0,1.0,9.0,9.0,10.0,42.0,130.0,480.0,7.0,39.0,49.0,4.0,9.0,16.0,21.0,9.0,19.0,27.0,8.0,18.0,26.0,8.0,18.0,25.0,6.0,12.0,18.0,7.0,9.0,10.0,5.0,7.0,8.0,6.0,9.0,25.0,37.0,46.0,6.0,12.0
2025,5,16,4,123,40,2,2,18,2,154000000,27.8,26.0,9.0,15.0,8.0,19.0,18.0,23.0,44.0,25.0,24.0,47.0,29.0,47.0,50.0,47.0,48.0,2.0,5.0,4.0,9.0,9.0,9.0,70.0,17.0,7.0,24.0,77.0,31.0,21.0,9.0,15.0,21.0,9.0,19.0,27.0,7.0,18.0,25.0,7.0,17.0,25.0,7.0,11.0,17.0,7.0,9.0,10.0,5.0,7.0,8.0,1.0,8.0,13.0,29.0,47.0,5.0,6.0
2025,5,20,1,98,46,1,2,11,1,167000000,22.6,7.5,6.0,9.0,15.0,9.0,19.0,18.0,25.0,44.0,25.0,37.0,47.0,29.0,46.0,50.0,47.0,6.0,2.0,5.0,12.0,9.0,9.0,56.0,119.0,273.0,11.0,11.0,11.0,56.0,10.0,15.0,21.0,9.0,20.0,27.0,8.0,18.0,26.0,6.0,16.0,24.0,6.0,10.0,17.0,7.0,9.0,10.0,6.0,7.0,8.0,10.0,29.0,43.0,46.0,49.0,7.0,12.0
2025,5,23,4,177,39,2,4,19,1,185000000,34.2,26.0,1.0,6.0,9.0,8.0,9.0,19.0,13.0,25.0,44.0,29.0,37.0,47.0,47.0,46.0,50.0,5.0,6.0,2.0,6.0,12.0,9.0,56.0,255.0,1904.0,42.0,21.0,73.0,7.0,10.0,14.0,21.0,9.0,21.0,28.0,8.0,18.0,27.0,7.0,15.0,24.0,6.0,10.0,17.0,7.0,9.0,10.0,5.0,7.0,8.0,12.0,30.0,38.0,40.0,41.0,4.0,12.0
2025,5,27,1,161,29,4,4,16,2,202000000,66.6,12.5,10.0,1.0,6.0,29.0,8.0,9.0,43.0,13.0,25.0,46.0,29.0,37.0,49.0,47.0,46.0,7.0,5.0,6.0,12.0,6.0,12.0,137.0,116.0,207.0,287.0,28.0,21.0,4.0,10.0,15.0,20.0,9.0,21.0,28.0,8.0,18.0,28.0,8.0,15.0,25.0,6.0,10.0,17.0,6.0,9.0,10.0,5.0,7.0,8.0,4.0,7.0,14.0,33.0,36.0,1.0,5.0
2025,5,30,4,94,32,3,2,6,0,221000000,52.8,19.0,12.0,10.0,1.0,30.0,29.0,8.0,38.0,43.0,13.0,40.0,46.0,29.0,41.0,49.0,47.0,4.0,7.0,5.0,12.0,12.0,6.0,73.0,301.0,129.0,66.0,66.0,28.0,129.0,10.0,15.0,20.0,9.0,21.0,28.0,8.0,18.0,27.0,8.0,15.0,25.0,7.0,9.0,17.0,6.0,9.0,10.0,6.0,8.0,8.0,12.0,15.0,38.0,47.0,48.0,5.0,7.0
2025,6,3,1,160,36,3,3,12,0,237000000,16.2,7.5,4.0,12.0,10.0,7.0,30.0,29.0,14.0,38.0,43.0,33.0,40.0,46.0,36.0,41.0,49.0,1.0,4.0,7.0,5.0,12.0,12.0,7.0,137.0,7.0,21.0,28.0,14.0,56.0,9.0,15.0,20.0,10.0,22.0,28.0,8.0,17.0,27.0,7.0,14.0,25.0,7.0,9.0,17.0,6.0,9.0,10.0,6.0,8.0,8.0,20.0,21.0,29.0,30.0,35.0,2.0,12.0
2025,6,6,4,135,15,2,3,14,2,250000000,31.4,17.0,12.0,4.0,12.0,15.0,7.0,30.0,38.0,14.0,38.0,47.0,33.0,40.0,48.0,36.0,41.0,5.0,1.0,4.0,7.0,5.0,12.0,49.0,70.0,94.0,38.0,343.0,24.0,10.0,9.0,15.0,20.0,10.0,21.0,28.0,8.0,17.0,27.0,7.0,14.0,25.0,8.0,10.0,18.0,6.0,9.0,10.0,5.0,8.0,8.0,19.0,36.0,39.0,40.0,45.0,5.0,6.0
2025,6,10,1,179,26,2,4,11,1,250000000,33.2,14.0,20.0,12.0,4.0,21.0,15.0,7.0,29.0,38.0,14.0,30.0,47.0,33.0,35.0,48.0,36.0,2.0,5.0,1.0,12.0,7.0,5.0,161.0,91.0,186.0,14.0,74.0,7.0,21.0,9.0,16.0,20.0,10.0,21.0,28.0,8.0,18.0,27.0,7.0,13.0,25.0,9.0,10.0,17.0,6.0,9.0,10.0,5.0,8.0,8.0,2.0,28.0,40.0,43.0,45.0,3.0,7.0
2025,6,13,4,158,43,3,4,10,0,250000000,24.8,33.0,19.0,20.0,12.0,36.0,21.0,15.0,39.0,29.0,38.0,40.0,30.0,47.0,45.0,35.0,48.0,5.0,2.0,5.0,6.0,12.0,7.0,45.0,52.0,420.0,105.0,3.0,56.0,10.0,9.0,16.0,20.0,10.0,21.0,28.0,9.0,19.0,27.0,8.0,14.0,25.0,9.0,10.0,17.0,7.0,8.0,10.0,5.0,8.0,8.0,13.0,22.0,23.0,44.0,49.0,3.0,5.0
2025,6,17,1,151,36,2,2,8,0,250000000,36.6,5.5,2.0,19.0,20.0,28.0,36.0,21.0,40.0,39.0,29.0,43.0,40.0,30.0,45.0,45.0,35.0,3.0,5.0,2.0,7.0,6.0,12.0,53.0,53.0,112.0,137.0,25.0,4.0,18.0,9.0,16.0,20.0,10.0,20.0,28.0,9.0,20.0,26.0,9.0,15.0,24.0,8.0,10.0,16.0,7.0,8.0,9.0,4.0,8.0,8.0,5.0,8.0,24.0,37.0,47.0,3.0,9.0
2025,6,20,4,121,42,2,2,12,0,17000000,35.4,20.5,13.0,2.0,19.0,22.0,28.0,36.0,23.0,40.0,39.0,44.0,43.0,40.0,49.0,45.0,45.0,3.0,3.0,5.0,5.0,7.0,6.0,122.0,31.0,45.0,35.0,31.0,3.0,38.0,9.0,17.0,20.0,9.0,19.0,28.0,9.0,19.0,26.0,9.0,15.0,24.0,7.0,10.0,16.0,6.0,8.0,9.0,5.0,8.0,8.0,7.0,16.0,21.0,23.0,39.0,7.0,11.0
2025,6,24,1,106,32,1,1,18,0,26000000,36.0,33.5,5.0,13.0,2.0,8.0,22.0,28.0,24.0,23.0,40.0,37.0,44.0,43.0,47.0,49.0,45.0,3.0,3.0,3.0,9.0,5.0,7.0,63.0,116.0,186.0,182.0,249.0,32.0,56.0,9.0,17.0,20.0,10.0,20.0,28.0,9.0,20.0,26.0,9.0,15.0,24.0,8.0,11.0,16.0,6.0,8.0,9.0,6.0,8.0,8.0,19.0,27.0,36.0,45.0,49.0,7.0,10.0
2025,6,27,4,176,30,1,4,17,1,39000000,25.6,29.5,7.0,5.0,13.0,16.0,8.0,22.0,21.0,24.0,23.0,23.0,37.0,44.0,39.0,47.0,49.0,7.0,3.0,3.0,11.0,9.0,5.0,17.0,70.0,136.0,84.0,10.0,3.0,56.0,8.0,17.0,20.0,10.0,19.0,28.0,9.0,20.0,26.0,9.0,15.0,24.0,8.0,11.0,15.0,6.0,8.0,9.0,7.0,8.0,8.0,1.0,17.0,28.0,32.0,34.0,7.0,8.0
2025,7,1,1,112,33,3,3,15,1,50000000,62.0,39.0,19.0,7.0,5.0,27.0,16.0,8.0,36.0,21.0,24.0,45.0,23.0,37.0,49.0,39.0,47.0,7.0,7.0,3.0,10.0,11.0,9.0,42.0,102.0,336.0,116.0,343.0,4.0,74.0,9.0,16.0,20.0,10.0,19.0,27.0,10.0,20.0,27.0,10.0,16.0,24.0,8.0,12.0,16.0,5.0,8.0,9.0,8.0,8.0,8.0,19.0,29.0,42.0,45.0,48.0,5.0,7.0
2025,7,4,4,183,29,2,4,12,0,64000000,34.2,10.0,1.0,19.0,7.0,17.0,27.0,16.0,28.0,36.0,21.0,32.0,45.0,23.0,34.0,49.0,39.0,7.0,7.0,7.0,8.0,10.0,11.0,7.0,42.0,574.0,7.0,31.0,24.0,21.0,8.0,16.0,20.0,10.0,18.0,27.0,10.0,20.0,28.0,9.0,15.0,24.0,7.0,12.0,16.0,4.0,8.0,9.0,8.0,8.0,8.0,1.0,8.0,9.0,18.0,50.0,1.0,5.0
2025,7,8,1,86,49,3,1,6,0,74000000,38.8,21.5,19.0,1.0,19.0,29.0,17.0,27.0,42.0,28.0,36.0,45.0,32.0,45.0,48.0,34.0,49.0,5.0,7.0,7.0,7.0,8.0,10.0,7.0,18.0,399.0,322.0,56.0,39.0,21.0,7.0,15.0,19.0,9.0,18.0,27.0,10.0,20.0,29.0,9.0,16.0,25.0,8.0,12.0,16.0,5.0,8.0,9.0,8.0,8.0,8.0,8.0,23.0,24.0,45.0,49.0,2.0,10.0
2025,7,11,4,149,41,2,2,12,2,86000000,12.4,24.5,1.0,19.0,1.0,8.0,29.0,17.0,9.0,42.0,28.0,18.0,45.0,32.0,50.0,48.0,34.0,1.0,5.0,7.0,5.0,7.0,8.0,66.0,66.0,21.0,7.0,14.0,35.0,14.0,7.0,15.0,19.0,9.0,17.0,27.0,9.0,20.0,29.0,8.0,15.0,25.0,7.0,11.0,16.0,5.0,8.0,9.0,7.0,8.0,8.0,24.0,38.0,41.0,45.0,49.0,1.0,6.0
2025,7,15,1,197,25,2,4,7,1,97000000,20.6,21.0,8.0,1.0,19.0,23.0,8.0,29.0,24.0,9.0,42.0,45.0,18.0,45.0,49.0,50.0,48.0,2.0,1.0,5.0,10.0,5.0,7.0,508.0,1243.0,102.0,4.0,4.0,7.0,35.0,8.0,16.0,20.0,9.0,18.0,28.0,9.0,20.0,29.0,7.0,15.0,24.0,7.0,11.0,16.0,5.0,8.0,9.0,7.0,8.0,8.0,13.0,19.0,25.0,42.0,45.0,2.0,9.0
2025,7,18,4,144,32,1,2,11,1,111000000,25.0,17.5,24.0,8.0,1.0,38.0,23.0,8.0,41.0,24.0,9.0,45.0,45.0,18.0,49.0,49.0,50.0,1.0,2.0,1.0,6.0,10.0,5.0,31.0,66.0,63.0,112.0,35.0,7.0,28.0,7.0,16.0,20.0,9.0,18.0,27.0,9.0,19.0,29.0,7.0,16.0,24.0,7.0,11.0,16.0,5.0,7.0,9.0,7.0,8.0,8.0,8.0,15.0,26.0,33.0,41.0,9.0,10.0
2025,7,22,1,123,33,2,3,19,1,122000000,54.8,7.5,13.0,24.0,8.0,19.0,38.0,23.0,25.0,41.0,24.0,42.0,45.0,45.0,45.0,49.0,49.0,2.0,1.0,2.0,9.0,6.0,10.0,11.0,49.0,203.0,53.0,56.0,91.0,11.0,7.0,16.0,20.0,9.0,18.0,26.0,9.0,19.0,30.0,7.0,15.0,24.0,8.0,11.0,16.0,6.0,8.0,9.0,7.0,8.0,8.0,6.0,7.0,23.0,32.0,36.0,11.0,12.0
2025,7,25,4,104,30,3,2,23,1,138000000,33.4,40.0,8.0,13.0,24.0,15.0,19.0,38.0,26.0,25.0,41.0,33.0,42.0,45.0,41.0,45.0,49.0,9.0,2.0,1.0,10.0,9.0,6.0,70.0,56.0,38.0,24.0,56.0,213.0,49.0,7.0,16.0,19.0,10.0,18.0,26.0,10.0,19.0,30.0,6.0,15.0,24.0,8.0,11.0,16.0,6.0,9.0,10.0,8.0,8.0,8.0,5.0,6.0,42.0,44.0,46.0,4.0,8.0
2025,7,29,1,143,41,4,3,12,2,151000000,32.6,45.5,6.0,8.0,13.0,7.0,15.0,19.0,23.0,26.0,25.0,32.0,33.0,42.0,36.0,41.0,45.0,11.0,9.0,2.0,12.0,10.0,9.0,39.0,602.0,25.0,42.0,74.0,63.0,28.0,7.0,15.0,19.0,10.0,18.0,26.0,9.0,18.0,30.0,6.0,14.0,24.0,8.0,11.0,16.0,7.0,9.0,10.0,7.0,8.0,8.0,4.0,16.0,25.0,29.0,30.0,2.0,10.0
